id,nombre,lider_id,estado,created_at,planned_route,planned_steps,origin_name,destination_name,origin_lat,origin_lon,destination_lat,destination_lon,planned_distance_km,planned_duration_min,drive_folder_url
25UT,casa,51980b91-e2de-4698-ad81-4d40cabe47b1,finalizada,2026-07-23 00:06:27.078352+00,,,,,,,,,,,
2A32,casa,51980b91-e2de-4698-ad81-4d40cabe47b1,finalizada,2026-09-16 00:17:19.084713+00,,,,,,,,,,,
2YQD,ceja,51980b91-e2de-4698-ad81-4d40cabe47b1,finalizada,2026-08-10 22:07:16.272904+00,,,,,,,,,,,
2YVN,poll,51980b91-e2de-4698-ad81-4d40cabe47b1,finalizada,2026-09-13 00:35:05.681557+00,,,,,,,,,,,
33CE,caaa,51980b91-e2de-4698-ad81-4d40cabe47b1,finalizada,2026-09-15 14:24:01.354962+00,,,,,,,,,,,
386VGD,casa,51980b91-e2de-4698-ad81-4d40cabe47b1,finalizada,2026-07-19 22:08:56.127992+00,,,,,,,,,,,
38FT,mutata,51980b91-e2de-4698-ad81-4d40cabe47b1,finalizada,2026-07-21 20:43:12.96317+00,,,,,,,,,,,
3LEV,barbosa,479c1f50-0d12-48e2-8eec-2c38a46c604b,finalizada,2026-08-05 21:59:47.289248+00,,,,,,,,,,,
4AMD,almac,51980b91-e2de-4698-ad81-4d40cabe47b1,finalizada,2026-09-14 13:13:34.183163+00,,,,,,,,,,,
573E,casa,51980b91-e2de-4698-ad81-4d40cabe47b1,finalizada,2026-08-15 23:48:51.07931+00,,,,,,,,,,,
59KU,jdndbd,51980b91-e2de-4698-ad81-4d40cabe47b1,finalizada,2026-08-11 20:03:37.27057+00,,,,,,,,,,,
5CYB,San carlos,51980b91-e2de-4698-ad81-4d40cabe47b1,finalizada,2026-08-16 14:43:23.071828+00,,,,,,,,,,,
5WENFE,cas,ae17b979-507b-44fd-87d3-ee8d742adb13,finalizada,2026-07-16 23:32:32.078858+00,,,,,,,,,,,
5XDR,CC asaq,51980b91-e2de-4698-ad81-4d40cabe47b1,finalizada,2026-09-12 18:22:04.070514+00,,,,,,,,,,,
67LCJG,al,51980b91-e2de-4698-ad81-4d40cabe47b1,finalizada,2026-07-18 14:18:52.454392+00,,,,,,,,,,,
6LVC,alamcen,51980b91-e2de-4698-ad81-4d40cabe47b1,finalizada,2026-07-22 13:15:18.19679+00,,,,,,,,,,,
6V35,San rafael,51980b91-e2de-4698-ad81-4d40cabe47b1,finalizada,2026-07-21 22:14:22.359124+00,,,,,,,,,,,
76YPCD,cas,ae17b979-507b-44fd-87d3-ee8d742adb13,finalizada,2026-07-19 01:04:35.95382+00,,,,,,,,,,,
7K6S,barbisa,51980b91-e2de-4698-ad81-4d40cabe47b1,finalizada,2026-08-09 00:10:15.346227+00,,,,,,,,,,,
8CM9,cada,51980b91-e2de-4698-ad81-4d40cabe47b1,finalizada,2026-07-22 00:01:16.65075+00,,,,,,,,,,,
8P4NAT,gustne,ae17b979-507b-44fd-87d3-ee8d742adb13,finalizada,2026-07-30 17:54:56.627659+00,,,,,,,,,,,
934WNS,alma,ae17b979-507b-44fd-87d3-ee8d742adb13,finalizada,2026-07-17 12:56:52.571081+00,,,,,,,,,,,
9XWP,casa,51980b91-e2de-4698-ad81-4d40cabe47b1,finalizada,2026-08-10 19:47:45.775853+00,,,,,,,,,,,
ACBLAA,casa,51980b91-e2de-4698-ad81-4d40cabe47b1,finalizada,2026-07-19 19:56:36.797302+00,,,,,,,,,,,
AKJ4,pA,51980b91-e2de-4698-ad81-4d40cabe47b1,finalizada,2026-08-14 23:22:19.899052+00,,,,,,,,,,,
AY7W,casaq,51980b91-e2de-4698-ad81-4d40cabe47b1,finalizada,2026-09-12 15:42:31.991929+00,,,,,,,,,,,
BENC,casa,51980b91-e2de-4698-ad81-4d40cabe47b1,finalizada,2026-09-12 00:24:43.320282+00,,,,,,,,,,,
BHA2,casa,51980b91-e2de-4698-ad81-4d40cabe47b1,finalizada,2026-08-14 00:41:36.818088+00,,,,,,,,,,,
BLD9,casa,51980b91-e2de-4698-ad81-4d40cabe47b1,finalizada,2026-07-22 00:00:19.618461+00,"{'type': 'LineString', 'coordinates': [[-75.602035, 6.269728], [-75.602024, 6.269772], [-75.602011, 6.269816], [-75.601991, 6.269848], [-75.601976, 6.269874], [-75.601954, 6.269885], [-75.601924, 6.269883], [-75.601859, 6.269845], [-75.601824, 6.269826], [-75.601776, 6.269802], [-75.601705, 6.269764], [-75.601662, 6.269741], [-75.60162, 6.269724], [-75.601492, 6.269694], [-75.601406, 6.269674], [-75.601356, 6.269667], [-75.601318, 6.269671], [-75.601284, 6.269682], [-75.601249, 6.269705], [-75.601227, 6.269726], [-75.601205, 6.269764], [-75.601116, 6.269998], [-75.600688, 6.269938], [-75.600647, 6.269928], [-75.600607, 6.269906], [-75.600576, 6.269874], [-75.600552, 6.269837], [-75.600538, 6.269793], [-75.600527, 6.26976], [-75.600526, 6.269724], [-75.600483, 6.269026], [-75.60048, 6.268957], [-75.60047, 6.268908], [-75.600455, 6.268868], [-75.600437, 6.268841], [-75.600401, 6.268813], [-75.600365, 6.268799], [-75.60033, 6.268792], [-75.600286, 6.268789], [-75.600238, 6.268796], [-75.6002, 6.268816], [-75.600176, 6.268841], [-75.600156, 6.268869], [-75.600135, 6.268908], [-75.600132, 6.268953], [-75.600136, 6.269001], [-75.600178, 6.26935], [-75.600175, 6.269393], [-75.600162, 6.269425], [-75.600139, 6.269448], [-75.599987, 6.269539], [-75.599945, 6.269566], [-75.599896, 6.269606], [-75.599876, 6.269624], [-75.599845, 6.269653], [-75.599786, 6.269723], [-75.599764, 6.269764], [-75.599746, 6.269808], [-75.599743, 6.269867], [-75.599756, 6.269912], [-75.599889, 6.270165], [-75.599902, 6.270196], [-75.599908, 6.270216], [-75.599911, 6.270243], [-75.599904, 6.270265], [-75.599878, 6.270299], [-75.599852, 6.270314], [-75.59981, 6.270337], [-75.599774, 6.270352], [-75.599742, 6.270362], [-75.599705, 6.270362], [-75.599667, 6.270358], [-75.599614, 6.270348], [-75.599569, 6.270336], [-75.599522, 6.270315], [-75.59946, 6.270274], [-75.59942, 6.270238], [-75.599387, 6.270198], [-75.599352, 6.270146], [-75.599332, 6.270106], [-75.59919, 6.26979], [-75.599073, 6.269406], [-75.598958, 6.269134], [-75.598923, 6.269085], [-75.598885, 6.26905], [-75.598852, 6.269031], [-75.598821, 6.269018], [-75.598605, 6.268933], [-75.598353, 6.268878], [-75.598016, 6.268807], [-75.597735, 6.268748], [-75.597286, 6.268637], [-75.597254, 6.268629], [-75.596839, 6.268526], [-75.596736, 6.268713], [-75.596602, 6.268959], [-75.59652, 6.269116], [-75.595594, 6.268911], [-75.595514, 6.268893], [-75.595446, 6.268879], [-75.595396, 6.269092], [-75.595342, 6.269326], [-75.595316, 6.269451], [-75.595287, 6.269577], [-75.595191, 6.270002], [-75.595128, 6.270339], [-75.595062, 6.27064], [-75.595021, 6.270766], [-75.594989, 6.270833], [-75.594952, 6.270898], [-75.594914, 6.270958], [-75.594872, 6.271015], [-75.594824, 6.271071], [-75.594737, 6.271159], [-75.594424, 6.271477], [-75.594295, 6.271449], [-75.594202, 6.271399], [-75.594177, 6.271367], [-75.594145, 6.271329], [-75.594123, 6.271294], [-75.594096, 6.271246], [-75.593973, 6.271036], [-75.593909, 6.270899], [-75.593841, 6.270728], [-75.593776, 6.270558], [-75.59372, 6.27042], [-75.593677, 6.270321], [-75.593612, 6.270211], [-75.593557, 6.270128], [-75.593503, 6.270048], [-75.593398, 6.269929], [-75.593259, 6.269776], [-75.593089, 6.269599], [-75.592963, 6.269527], [-75.592828, 6.269429], [-75.592588, 6.26922], [-75.592518, 6.269142], [-75.592385, 6.268994], [-75.592344, 6.268961], [-75.592297, 6.268938], [-75.592223, 6.268912], [-75.592126, 6.268906], [-75.592049, 6.268921], [-75.591976, 6.268954], [-75.59192, 6.269001], [-75.591885, 6.269045], [-75.591865, 6.26909], [-75.591853, 6.269128], [-75.591843, 6.269174], [-75.591838, 6.269229], [-75.591839, 6.269267], [-75.591852, 6.269309], [-75.591922, 6.26944], [-75.591996, 6.269535], [-75.592067, 6.269631], [-75.592595, 6.270328], [-75.59294, 6.27089], [-75.593019, 6.271], [-75.593297, 6.271314], [-75.593569, 6.271608], [-75.593741, 6.271801], [-75.593788, 6.271864], [-75.593805, 6.271887], [-75.593819, 6.271911], [-75.593827, 6.271965], [-75.593828, 6.272013], [-75.593714, 6.272122], [-75.593676, 6.272166], [-75.593643, 6.272211], [-75.59359, 6.272293], [-75.593486, 6.27248], [-75.593291, 6.272827], [-75.593049, 6.273257], [-75.593025, 6.273299], [-75.592992, 6.273362], [-75.592964, 6.273416], [-75.592915, 6.273506], [-75.59289, 6.27355], [-75.592842, 6.273611], [-75.592788, 6.273668], [-75.592705, 6.273735], [-75.592615, 6.273785], [-75.592497, 6.273824], [-75.592395, 6.273839], [-75.592316, 6.273838], [-75.592244, 6.27383], [-75.591972, 6.273773], [-75.591867, 6.273751], [-75.591647, 6.273714], [-75.591495, 6.273693], [-75.591388, 6.273686], [-75.591313, 6.27369], [-75.591228, 6.273701], [-75.591135, 6.273723], [-75.591063, 6.273754], [-75.591002, 6.273781], [-75.590953, 6.273806], [-75.590917, 6.273826], [-75.590864, 6.273861], [-75.590807, 6.2739], [-75.590758, 6.273941], [-75.590706, 6.273986], [-75.590663, 6.274033], [-75.590614, 6.274088], [-75.590568, 6.274144], [-75.590524, 6.274204], [-75.590482, 6.274274], [-75.590452, 6.274331], [-75.590424, 6.274392], [-75.590409, 6.274429], [-75.590399, 6.274477], [-75.590385, 6.27452], [-75.590375, 6.274566], [-75.590369, 6.274605], [-75.59036, 6.274657], [-75.590354, 6.274779], [-75.59037, 6.274928], [-75.590398, 6.275061], [-75.590434, 6.275194], [-75.590448, 6.275269], [-75.590456, 6.27534], [-75.590461, 6.275416], [-75.590459, 6.275479], [-75.590452, 6.275547], [-75.590438, 6.275619], [-75.590419, 6.275688], [-75.590401, 6.27574], [-75.590386, 6.275777], [-75.59034, 6.275862], [-75.590319, 6.275902], [-75.590269, 6.275972], [-75.590207, 6.27606], [-75.590098, 6.276213], [-75.589995, 6.276361], [-75.589889, 6.276514], [-75.589714, 6.276753], [-75.589571, 6.27695], [-75.589341, 6.277268], [-75.589325, 6.27729], [-75.589039, 6.277646], [-75.588818, 6.277944], [-75.588584, 6.278264], [-75.588547, 6.278301], [-75.588511, 6.278327], [-75.588478, 6.278346], [-75.588435, 6.278362], [-75.588374, 6.278379], [-75.588113, 6.278445], [-75.58805, 6.278464], [-75.588001, 6.278479], [-75.587921, 6.278512], [-75.587874, 6.278539], [-75.587829, 6.278569], [-75.587798, 6.278593], [-75.587771, 6.278616], [-75.587741, 6.278645], [-75.587719, 6.278675], [-75.587698, 6.278711], [-75.587676, 6.278759], [-75.587658, 6.278815], [-75.587643, 6.27887], [-75.587604, 6.279036], [-75.587537, 6.279287], [-75.587505, 6.279389], [-75.587484, 6.279447], [-75.58744, 6.279563], [-75.587421, 6.279608], [-75.587266, 6.279964], [-75.587091, 6.280364], [-75.586911, 6.280763], [-75.58684, 6.280911], [-75.586779, 6.281029], [-75.586725, 6.281125], [-75.586689, 6.281181], [-75.586604, 6.2813], [-75.586554, 6.281351], [-75.586495, 6.281401], [-75.586285, 6.281521], [-75.586091, 6.281653], [-75.58593, 6.281776], [-75.585748, 6.281948], [-75.585688, 6.282005], [-75.585627, 6.282056], [-75.585547, 6.282106], [-75.585451, 6.282157], [-75.58538, 6.282202], [-75.585315, 6.282237], [-75.584851, 6.28247], [-75.584613, 6.282581], [-75.584507, 6.282631], [-75.584353, 6.282703], [-75.584233, 6.282759], [-75.584163, 6.282795], [-75.584094, 6.282833], [-75.584048, 6.282865], [-75.584001, 6.2829], [-75.583959, 6.282942], [-75.583897, 6.28305], [-75.583862, 6.283099], [-75.583818, 6.283137], [-75.583688, 6.283235], [-75.583616, 6.283237], [-75.583547, 6.283256], [-75.583497, 6.283282], [-75.583453, 6.283317], [-75.583416, 6.28336], [-75.583388, 6.283409], [-75.583371, 6.283463], [-75.583364, 6.283519], [-75.583368, 6.283575], [-75.583382, 6.283629], [-75.583415, 6.283692], [-75.583462, 6.283745], [-75.58352, 6.283786], [-75.583663, 6.283995], [-75.583787, 6.284106], [-75.583861, 6.28417], [-75.584032, 6.284327], [-75.58413, 6.284415], [-75.58418, 6.28446], [-75.584183, 6.284505], [-75.584266, 6.285102], [-75.584383, 6.285603], [-75.584433, 6.285818], [-75.584447, 6.28587], [-75.584533, 6.286244], [-75.584421, 6.286484], [-75.584377, 6.286597], [-75.584321, 6.286802], [-75.584303, 6.286868], [-75.584272, 6.286981], [-75.584264, 6.287007], [-75.584155, 6.287395], [-75.584122, 6.287633], [-75.584063, 6.287946], [-75.583972, 6.28852], [-75.583902, 6.28884], [-75.583878, 6.288946], [-75.583817, 6.289219], [-75.583761, 6.289261], [-75.583682, 6.289284], [-75.583621, 6.289312], [-75.583619, 6.289313], [-75.583573, 6.289368], [-75.583444, 6.289784], [-75.583006, 6.291096], [-75.582764, 6.291868], [-75.582754, 6.291898], [-75.582738, 6.291948], [-75.582471, 6.292761], [-75.582358, 6.292995], [-75.582267, 6.293137], [-75.582237, 6.293173], [-75.582183, 6.293258], [-75.582158, 6.293369], [-75.582161, 6.293479], [-75.582166, 6.293613], [-75.582177, 6.293726], [-75.58219, 6.293851], [-75.58212, 6.294085], [-75.581712, 6.294208], [-75.581408, 6.294333], [-75.581336, 6.294439], [-75.581296, 6.294551], [-75.581289, 6.294644], [-75.581347, 6.294975], [-75.581365, 6.295071], [-75.581418, 6.295267], [-75.581421, 6.295574], [-75.581404, 6.295662], [-75.581392, 6.295705], [-75.581372, 6.295748], [-75.581328, 6.295814], [-75.58127, 6.295867], [-75.581147, 6.295964], [-75.581018, 6.296102], [-75.58077, 6.296298], [-75.580659, 6.296577], [-75.580575, 6.296796], [-75.580553, 6.296917], [-75.580552, 6.297002], [-75.580573, 6.297106], [-75.580594, 6.297154], [-75.580695, 6.297338], [-75.580749, 6.297432], [-75.580766, 6.297462], [-75.580775, 6.297491], [-75.580777, 6.297543], [-75.580752, 6.297678], [-75.580679, 6.297821], [-75.580611, 6.2979], [-75.580533, 6.297983], [-75.580408, 6.298113], [-75.580316, 6.298202], [-75.580278, 6.298236], [-75.58017, 6.29834], [-75.579588, 6.298014], [-75.579444, 6.297924], [-75.57925, 6.297806], [-75.579167, 6.297771], [-75.579149, 6.297768], [-75.57913, 6.29777], [-75.579114, 6.297774], [-75.579099, 6.297781], [-75.579064, 6.297859], [-75.578989, 6.297975], [-75.578966, 6.297777], [-75.578948, 6.297673], [-75.578879, 6.297622], [-75.578805, 6.297582], [-75.578707, 6.297558], [-75.578693, 6.297555], [-75.578235, 6.297619], [-75.578071, 6.297661], [-75.577994, 6.297693], [-75.57791, 6.297736], [-75.577818, 6.297822], [-75.577778, 6.297884], [-75.577742, 6.297929], [-75.577714, 6.297959], [-75.577696, 6.29802], [-75.57766, 6.298173], [-75.577614, 6.298324], [-75.577579, 6.298449], [-75.577488, 6.298686], [-75.577454, 6.298742], [-75.577338, 6.29895], [-75.577251, 6.29909], [-75.577181, 6.299204], [-75.577089, 6.299316], [-75.577018, 6.299438], [-75.576879, 6.299673], [-75.576789, 6.299799], [-75.576726, 6.299906], [-75.576648, 6.300045], [-75.57658, 6.300151], [-75.576495, 6.300267], [-75.576429, 6.300344], [-75.576391, 6.300383], [-75.576326, 6.300431], [-75.576211, 6.300474], [-75.576041, 6.300515], [-75.575777, 6.300553], [-75.575559, 6.300637], [-75.57547, 6.300706], [-75.575411, 6.300789], [-75.575286, 6.300981], [-75.575101, 6.301329], [-75.57501, 6.301524], [-75.574965, 6.301577], [-75.574915, 6.301618], [-75.574859, 6.30165], [-75.574784, 6.301677], [-75.574501, 6.301758], [-75.57418, 6.301851], [-75.574157, 6.301865], [-75.574136, 6.301885], [-75.574125, 6.301913], [-75.574122, 6.301947], [-75.574172, 6.302256], [-75.574179, 6.3023], [-75.574198, 6.302401], [-75.574203, 6.302421], [-75.574238, 6.302573], [-75.574248, 6.302614], [-75.574278, 6.302729], [-75.574374, 6.303112], [-75.574411, 6.30326], [-75.574443, 6.303388], [-75.574485, 6.303605], [-75.574481, 6.303649], [-75.574482, 6.30373], [-75.574466, 6.303743], [-75.574454, 6.30376], [-75.574448, 6.30378], [-75.574449, 6.303801], [-75.574402, 6.303905], [-75.574356, 6.303978], [-75.574278, 6.304103], [-75.574006, 6.304459], [-75.573941, 6.304611], [-75.573797, 6.304746], [-75.573652, 6.304801], [-75.573556, 6.304836], [-75.57315, 6.304949], [-75.572731, 6.305087], [-75.572349, 6.305215], [-75.572206, 6.305322], [-75.572122, 6.305454], [-75.572046, 6.305689], [-75.572028, 6.305895], [-75.572004, 6.306057], [-75.571989, 6.306242], [-75.571902, 6.306684], [-75.571895, 6.307013], [-75.571885, 6.307119], [-75.571862, 6.307405], [-75.571874, 6.30753], [-75.571967, 6.307994], [-75.571966, 6.308267], [-75.571938, 6.30837], [-75.571884, 6.308575], [-75.571702, 6.30922], [-75.571499, 6.309869], [-75.571059, 6.309711], [-75.570431, 6.309486], [-75.5703, 6.309915], [-75.570163, 6.310331], [-75.57007, 6.310569], [-75.570012, 6.310736], [-75.569981, 6.310819], [-75.569941, 6.310924], [-75.569885, 6.311069], [-75.569871, 6.311518], [-75.569891, 6.311889], [-75.569919, 6.312079], [-75.569926, 6.312133], [-75.569779, 6.312287], [-75.569464, 6.312627], [-75.56941, 6.312688], [-75.569357, 6.312749], [-75.569175, 6.312943], [-75.56905, 6.313079], [-75.568875, 6.31327], [-75.568857, 6.313291], [-75.568838, 6.31331], [-75.568637, 6.313462], [-75.568282, 6.313662], [-75.567469, 6.314004], [-75.567355, 6.314046], [-75.567307, 6.314064], [-75.567288, 6.314069], [-75.567267, 6.314074], [-75.567258, 6.314075], [-75.567244, 6.314077], [-75.567214, 6.314077], [-75.566342, 6.31408], [-75.5663, 6.314046], [-75.566256, 6.314018], [-75.56623, 6.314009], [-75.566194, 6.314004], [-75.565866, 6.314001], [-75.564903, 6.314004], [-75.56358, 6.314009], [-75.56353, 6.314009], [-75.563492, 6.314009], [-75.562365, 6.31401], [-75.562307, 6.31401], [-75.562333, 6.314103], [-75.562346, 6.314144], [-75.562463, 6.314465], [-75.562472, 6.314506], [-75.562478, 6.314546], [-75.562478, 6.314578], [-75.562435, 6.315047], [-75.562417, 6.315104], [-75.562395, 6.315151], [-75.562357, 6.3152], [-75.562311, 6.315247], [-75.56225, 6.315299], [-75.561932, 6.315563], [-75.561906, 6.315594], [-75.561881, 6.315629], [-75.561867, 6.315666], [-75.561861, 6.315699], [-75.561863, 6.315738], [-75.561903, 6.316045], [-75.561912, 6.316113], [-75.561922, 6.316194], [-75.561939, 6.316322], [-75.56197, 6.31653], [-75.562036, 6.316971], [-75.562042, 6.317007], [-75.562056, 6.317097], [-75.562061, 6.317136], [-75.562098, 6.317527], [-75.562134, 6.317862], [-75.562139, 6.3179], [-75.562442, 6.318149], [-75.562427, 6.318191], [-75.56242, 6.31825], [-75.562413, 6.318328], [-75.562417, 6.318432], [-75.562428, 6.318537], [-75.562599, 6.31917], [-75.562624, 6.319259], [-75.562639, 6.319314], [-75.562709, 6.319561], [-75.56274, 6.319672], [-75.562751, 6.319709], [-75.562401, 6.319809], [-75.562065, 6.319889], [-75.561673, 6.319953], [-75.561429, 6.31998], [-75.560518, 6.320035], [-75.560423, 6.320034], [-75.559854, 6.320075], [-75.559478, 6.320089], [-75.559397, 6.320093], [-75.558804, 6.320135], [-75.558241, 6.320175], [-75.557366, 6.320237], [-75.557301, 6.320242], [-75.557187, 6.32025], [-75.557196, 6.320355], [-75.557285, 6.321384], [-75.557447, 6.323188], [-75.557476, 6.323508], [-75.557511, 6.323893], [-75.557543, 6.32425], [-75.557556, 6.324397], [-75.557577, 6.324591], [-75.557674, 6.325502], [-75.557801, 6.326692], [-75.557815, 6.326874], [-75.557821, 6.326945], [-75.557899, 6.327948], [-75.557929, 6.32833], [-75.557984, 6.329032], [-75.557998, 6.329202], [-75.558045, 6.329763], [-75.558056, 6.329889], [-75.557996, 6.32991], [-75.557947, 6.329928], [-75.557868, 6.329958], [-75.557799, 6.329981], [-75.557086, 6.330189], [-75.556688, 6.330305], [-75.556036, 6.330497], [-75.55595, 6.330522], [-75.555614, 6.330621], [-75.55504, 6.33079], [-75.555311, 6.331334], [-75.555324, 6.33136], [-75.55579, 6.332297], [-75.555812, 6.33234], [-75.555844, 6.332406], [-75.555863, 6.332443], [-75.556326, 6.333331], [-75.556725, 6.334098], [-75.556755, 6.334157], [-75.556767, 6.334195], [-75.556953, 6.334829], [-75.556975, 6.334902], [-75.556993, 6.334964], [-75.557003, 6.335012], [-75.557076, 6.335368], [-75.557089, 6.335432], [-75.557093, 6.335475], [-75.557155, 6.336179], [-75.55716, 6.336233], [-75.557168, 6.336291], [-75.557267, 6.33702], [-75.557273, 6.337061], [-75.557343, 6.337053], [-75.557948, 6.33699], [-75.557998, 6.336983], [-75.55807, 6.336973], [-75.558741, 6.336883], [-75.558792, 6.336876], [-75.558788, 6.33683], [-75.558728, 6.336142], [-75.55872, 6.336049], [-75.558397, 6.336087]]}","[{'lat': 6.269728, 'lon': -75.602035, 'type': 'depart', 'modifier': 'left', 'distance_m': 140.3, 'duration_s': 21.3, 'instruction': 'Carrera 86'}, {'lat': 6.269998, 'lon': -75.601116, 'type': 'turn', 'modifier': 'right', 'distance_m': 67.4, 'duration_s': 6, 'instruction': 'Calle 53D'}, {'lat': 6.269837, 'lon': -75.600552, 'type': 'new name', 'modifier': 'straight', 'distance_m': 346.8, 'duration_s': 31.1, 'instruction': 'Carrera 85D'}, {'lat': 6.270352, 'lon': -75.599774, 'type': 'new name', 'modifier': 'straight', 'distance_m': 422.6, 'duration_s': 41.2, 'instruction': 'Calle 54'}, {'lat': 6.268526, 'lon': -75.596839, 'type': 'turn', 'modifier': 'left', 'distance_m': 74.2, 'duration_s': 11.6, 'instruction': 'Carrera 81'}, {'lat': 6.269116, 'lon': -75.59652, 'type': 'turn', 'modifier': 'right', 'distance_m': 114, 'duration_s': 18.4, 'instruction': 'Calle 54A'}, {'lat': 6.268893, 'lon': -75.595514, 'type': 'turn', 'modifier': 'left', 'distance_m': 325.1, 'duration_s': 38.5, 'instruction': 'Avenida 80'}, {'lat': 6.271477, 'lon': -75.594424, 'type': 'on ramp', 'modifier': 'right', 'distance_m': 278.9, 'duration_s': 22.8, 'instruction': ''}, {'lat': 6.269527, 'lon': -75.592963, 'type': 'off ramp', 'modifier': 'straight', 'distance_m': 196.8, 'duration_s': 18.6, 'instruction': ''}, {'lat': 6.26944, 'lon': -75.591922, 'type': 'merge', 'modifier': 'slight right', 'distance_m': 123.2, 'duration_s': 7.3, 'instruction': 'Calle 60'}, {'lat': 6.270328, 'lon': -75.592595, 'type': 'off ramp', 'modifier': 'straight', 'distance_m': 233.5, 'duration_s': 21.1, 'instruction': ''}, {'lat': 6.272013, 'lon': -75.593828, 'type': 'new name', 'modifier': 'right', 'distance_m': 1831.1, 'duration_s': 148.9, 'instruction': 'Avenida 80'}, {'lat': 6.283235, 'lon': -75.583688, 'type': 'roundabout', 'modifier': 'slight right', 'distance_m': 89.3, 'duration_s': 4.4, 'instruction': 'Calle 80'}, {'lat': 6.283786, 'lon': -75.58352, 'type': 'exit roundabout', 'modifier': 'straight', 'distance_m': 104.9, 'duration_s': 11.6, 'instruction': 'Calle 80'}, {'lat': 6.28446, 'lon': -75.58418, 'type': 'turn', 'modifier': 'right', 'distance_m': 201.3, 'duration_s': 20, 'instruction': 'Carrera 80'}, {'lat': 6.286244, 'lon': -75.584533, 'type': 'new name', 'modifier': 'slight right', 'distance_m': 896.3, 'duration_s': 81, 'instruction': 'Carrera 79'}, {'lat': 6.293851, 'lon': -75.58219, 'type': 'fork', 'modifier': 'slight right', 'distance_m': 27, 'duration_s': 2.6, 'instruction': 'Carrera 79'}, {'lat': 6.294085, 'lon': -75.58212, 'type': 'turn', 'modifier': 'right', 'distance_m': 597.5, 'duration_s': 54.8, 'instruction': 'Carrera 80'}, {'lat': 6.29834, 'lon': -75.58017, 'type': 'turn', 'modifier': 'right', 'distance_m': 160.2, 'duration_s': 30, 'instruction': 'Calle 99'}, {'lat': 6.297975, 'lon': -75.578989, 'type': 'turn', 'modifier': 'sharp right', 'distance_m': 33.7, 'duration_s': 5.6, 'instruction': 'Carrera 76'}, {'lat': 6.297673, 'lon': -75.578948, 'type': 'turn', 'modifier': 'left', 'distance_m': 31.5, 'duration_s': 2.8, 'instruction': 'Calle 99'}, {'lat': 6.297555, 'lon': -75.578693, 'type': 'turn', 'modifier': 'slight left', 'distance_m': 959.9, 'duration_s': 86.7, 'instruction': 'Carrera 76'}, {'lat': 6.30373, 'lon': -75.574482, 'type': 'roundabout', 'modifier': 'right', 'distance_m': 9.2, 'duration_s': 0.7, 'instruction': 'Carrera 76'}, {'lat': 6.303801, 'lon': -75.574449, 'type': 'exit roundabout', 'modifier': 'slight right', 'distance_m': 106.3, 'duration_s': 6.9, 'instruction': 'Carrera 76'}, {'lat': 6.304611, 'lon': -75.573941, 'type': 'continue', 'modifier': 'slight right', 'distance_m': 726.9, 'duration_s': 49.9, 'instruction': 'Carrera 76'}, {'lat': 6.309869, 'lon': -75.571499, 'type': 'turn', 'modifier': 'right', 'distance_m': 125.5, 'duration_s': 13.8, 'instruction': 'Calle 113'}, {'lat': 6.309486, 'lon': -75.570431, 'type': 'turn', 'modifier': 'left', 'distance_m': 155.7, 'duration_s': 10.1, 'instruction': 'Carrera 75'}, {'lat': 6.310819, 'lon': -75.569981, 'type': 'new name', 'modifier': 'straight', 'distance_m': 147.6, 'duration_s': 9.9, 'instruction': 'Carrera 60'}, {'lat': 6.312133, 'lon': -75.569926, 'type': 'turn', 'modifier': 'right', 'distance_m': 177.3, 'duration_s': 11.6, 'instruction': 'Diagonal 59A'}, {'lat': 6.31331, 'lon': -75.568838, 'type': 'fork', 'modifier': 'slight right', 'distance_m': 745.5, 'duration_s': 64, 'instruction': 'Calle 24A'}, {'lat': 6.31401, 'lon': -75.562307, 'type': 'turn', 'modifier': 'left', 'distance_m': 505.1, 'duration_s': 39.9, 'instruction': 'Carrera 57A'}, {'lat': 6.318149, 'lon': -75.562442, 'type': 'continue', 'modifier': 'right', 'distance_m': 177.8, 'duration_s': 13.7, 'instruction': 'Carrera 57'}, {'lat': 6.319709, 'lon': -75.562751, 'type': 'turn', 'modifier': 'right', 'distance_m': 607.3, 'duration_s': 41.8, 'instruction': 'Calle 32'}, {'lat': 6.320242, 'lon': -75.557301, 'type': 'end of road', 'modifier': 'left', 'distance_m': 1083, 'duration_s': 95.4, 'instruction': 'Avenida Carrera 50'}, {'lat': 6.329889, 'lon': -75.558056, 'type': 'turn', 'modifier': 'right', 'distance_m': 348.3, 'duration_s': 29, 'instruction': 'Calle 44'}, {'lat': 6.33079, 'lon': -75.55504, 'type': 'turn', 'modifier': 'left', 'distance_m': 745.2, 'duration_s': 65.9, 'instruction': 'Carrera 48'}, {'lat': 6.337061, 'lon': -75.557273, 'type': 'turn', 'modifier': 'left', 'distance_m': 169.3, 'duration_s': 20.1, 'instruction': 'Calle 53'}, {'lat': 6.336876, 'lon': -75.558792, 'type': 'turn', 'modifier': 'left', 'distance_m': 91.8, 'duration_s': 13.9, 'instruction': 'Carrera 50'}, {'lat': 6.336049, 'lon': -75.55872, 'type': 'turn', 'modifier': 'left', 'distance_m': 36, 'duration_s': 3.2, 'instruction': 'Calle 52'}, {'lat': 6.336087, 'lon': -75.558397, 'type': 'arrive', 'modifier': 'right', 'distance_m': 0, 'duration_s': 0, 'instruction': 'Calle 52'}]","Medellín, Valle de Aburrá, Antioquia, RAP del Agua y la Montaña, 0500, Colombia","Bello, Valle de Aburrá, Antioquia, RAP del Agua y la Montaña, 051053, Colombia",6.2697324,-75.6025597,6.334997,-75.5582665,13.2135,20,
BULLV6,mercar,51980b91-e2de-4698-ad81-4d40cabe47b1,finalizada,2026-07-20 11:53:55.834291+00,,,,,,,,,,,
C7A69F,al,ae17b979-507b-44fd-87d3-ee8d742adb13,finalizada,2026-07-18 14:18:46.532628+00,,,,,,,,,,,
CUUK,casa,51980b91-e2de-4698-ad81-4d40cabe47b1,finalizada,2026-08-05 02:30:14.465261+00,,,,,,,,,,,
D8D6,casa,51980b91-e2de-4698-ad81-4d40cabe47b1,finalizada,2026-07-22 23:56:51.985274+00,,,,,,,,,,,
DD65,papa,51980b91-e2de-4698-ad81-4d40cabe47b1,finalizada,2026-08-14 13:16:47.542619+00,,,,,,,,,,,
DHAH,San rafael,51980b91-e2de-4698-ad81-4d40cabe47b1,finalizada,2026-07-21 22:59:35.530674+00,,,,,,,,,,,
DYTR,rionegro,51980b91-e2de-4698-ad81-4d40cabe47b1,finalizada,2026-09-19 02:36:35.144918+00,,,,,,,,,,,
EWTP,sonson,51980b91-e2de-4698-ad81-4d40cabe47b1,finalizada,2026-09-06 12:11:52.243365+00,,,,,,,,,,,
F7QD,cas,51980b91-e2de-4698-ad81-4d40cabe47b1,finalizada,2026-07-21 01:32:50.297583+00,,,,,,,,,,,
F8WR,ceja,51980b91-e2de-4698-ad81-4d40cabe47b1,finalizada,2026-08-10 22:09:18.77226+00,"{'type': 'LineString', 'coordinates': [[-75.374619, 6.153868], [-75.374855, 6.153996], [-75.374922, 6.154062], [-75.374942, 6.154109], [-75.37506, 6.154156], [-75.375128, 6.153914], [-75.375477, 6.153612], [-75.375558, 6.153529], [-75.375549, 6.153384], [-75.37551, 6.152717], [-75.375496, 6.152113], [-75.375478, 6.151676], [-75.375366, 6.150745], [-75.3753, 6.150166], [-75.375339, 6.149603], [-75.375427, 6.149179], [-75.375543, 6.14888], [-75.37565, 6.148891], [-75.375871, 6.148913], [-75.376078, 6.148934], [-75.376252, 6.148953], [-75.376769, 6.148971], [-75.377203, 6.148991], [-75.377293, 6.148996], [-75.378472, 6.149039], [-75.378712, 6.149046], [-75.378965, 6.149054], [-75.379019, 6.148982], [-75.379022, 6.148955], [-75.379087, 6.14836], [-75.379153, 6.147823], [-75.379185, 6.147717], [-75.379245, 6.147607], [-75.379299, 6.147562], [-75.379341, 6.147506], [-75.379363, 6.147453], [-75.379374, 6.147396], [-75.379373, 6.147339], [-75.379359, 6.147283], [-75.379333, 6.147228], [-75.379295, 6.147181], [-75.379226, 6.147067], [-75.379208, 6.147019], [-75.379193, 6.146959], [-75.379191, 6.146884], [-75.3792, 6.146792], [-75.379209, 6.1467], [-75.379252, 6.146248], [-75.379265, 6.146113], [-75.37927, 6.146056], [-75.379355, 6.145332], [-75.379391, 6.145139], [-75.379433, 6.144999], [-75.379441, 6.144973], [-75.379523, 6.144769], [-75.379598, 6.144587], [-75.379715, 6.144346], [-75.3798, 6.1442], [-75.379926, 6.144032], [-75.380021, 6.143848], [-75.380053, 6.143741], [-75.380056, 6.143686], [-75.380052, 6.143639], [-75.380056, 6.143479], [-75.380065, 6.14334], [-75.380133, 6.142882], [-75.380159, 6.142781], [-75.380165, 6.142756], [-75.380199, 6.142627], [-75.380437, 6.142173], [-75.380473, 6.142136], [-75.38052, 6.142103], [-75.380576, 6.142081], [-75.380645, 6.142067], [-75.380847, 6.142031], [-75.380895, 6.142023], [-75.38093, 6.142008], [-75.380962, 6.141988], [-75.38101, 6.14194], [-75.381051, 6.141883], [-75.381086, 6.141813], [-75.381107, 6.141751], [-75.381108, 6.141686], [-75.381103, 6.141646], [-75.381096, 6.141616], [-75.381082, 6.141585], [-75.381056, 6.14155], [-75.380992, 6.141357], [-75.380982, 6.141311], [-75.380977, 6.141263], [-75.380995, 6.141182], [-75.381025, 6.141121], [-75.381062, 6.141055], [-75.381127, 6.140934], [-75.381178, 6.140851], [-75.381301, 6.140703], [-75.38149, 6.140507], [-75.381691, 6.140328], [-75.381958, 6.140102], [-75.382159, 6.139904], [-75.382291, 6.139753], [-75.382496, 6.139547], [-75.382784, 6.139311], [-75.383077, 6.139112], [-75.383445, 6.138894], [-75.383705, 6.138768], [-75.384124, 6.138575], [-75.384618, 6.13834], [-75.384793, 6.138247], [-75.385166, 6.138019], [-75.38537, 6.137884], [-75.385508, 6.137793], [-75.3857, 6.137668], [-75.385881, 6.137551], [-75.38601, 6.137485], [-75.386128, 6.137433], [-75.386279, 6.137382], [-75.386456, 6.137338], [-75.386656, 6.137299], [-75.387088, 6.137222], [-75.387463, 6.137158], [-75.387648, 6.137177], [-75.387726, 6.137178], [-75.387799, 6.137174], [-75.388898, 6.136985], [-75.388922, 6.136987], [-75.38896, 6.136996], [-75.389004, 6.137014], [-75.389029, 6.137028], [-75.389057, 6.137037], [-75.389093, 6.137043], [-75.38912, 6.137038], [-75.389147, 6.137023], [-75.389182, 6.136998], [-75.389201, 6.136972], [-75.389217, 6.13694], [-75.389216, 6.136893], [-75.389211, 6.136854], [-75.389202, 6.136815], [-75.389186, 6.136779], [-75.389173, 6.136757], [-75.389157, 6.136736], [-75.389124, 6.136708], [-75.389069, 6.136644], [-75.389038, 6.136602], [-75.388995, 6.136516], [-75.388916, 6.136365], [-75.38884, 6.136197], [-75.388718, 6.135916], [-75.388687, 6.135846], [-75.388566, 6.135569], [-75.388469, 6.135371], [-75.388135, 6.13498], [-75.388095, 6.134923], [-75.387962, 6.134754], [-75.387773, 6.134513], [-75.38773, 6.134438], [-75.387683, 6.134341], [-75.387606, 6.134197], [-75.387535, 6.1341], [-75.387469, 6.134034], [-75.38708, 6.133704], [-75.386851, 6.133569], [-75.386725, 6.133618], [-75.386654, 6.133598], [-75.386604, 6.13357], [-75.386565, 6.133542], [-75.386422, 6.133429], [-75.386326, 6.133351], [-75.38607, 6.133073], [-75.385806, 6.132792], [-75.385671, 6.132709], [-75.385505, 6.132641], [-75.385371, 6.132599], [-75.385308, 6.132582], [-75.385246, 6.132566], [-75.385126, 6.132562], [-75.384466, 6.13261], [-75.384343, 6.132601], [-75.384272, 6.132589], [-75.3842, 6.132568], [-75.384141, 6.13255], [-75.384085, 6.132516], [-75.384032, 6.132472], [-75.383984, 6.132407], [-75.383952, 6.132296], [-75.383954, 6.132185], [-75.383962, 6.132134], [-75.383974, 6.132095], [-75.383999, 6.132043], [-75.384039, 6.132026], [-75.384075, 6.132001], [-75.384105, 6.13197], [-75.384128, 6.131933], [-75.384143, 6.131892], [-75.384149, 6.131849], [-75.384147, 6.131805], [-75.384136, 6.131763], [-75.384125, 6.131709], [-75.384156, 6.13162], [-75.384231, 6.131515], [-75.384345, 6.131355], [-75.384442, 6.131197], [-75.384504, 6.131061], [-75.384543, 6.130903], [-75.384543, 6.13076], [-75.384451, 6.130269], [-75.384429, 6.130144], [-75.384423, 6.130076], [-75.384457, 6.129964], [-75.384536, 6.129805], [-75.384734, 6.12945], [-75.384779, 6.129361], [-75.384869, 6.129059], [-75.384952, 6.128761], [-75.385038, 6.128504], [-75.385068, 6.128426], [-75.385423, 6.127485], [-75.385498, 6.127278], [-75.38561, 6.12694], [-75.385623, 6.126874], [-75.38563, 6.126808], [-75.385617, 6.126716], [-75.385596, 6.126644], [-75.385572, 6.126572], [-75.385524, 6.126495], [-75.385493, 6.126456], [-75.385334, 6.126282], [-75.385156, 6.126085], [-75.385125, 6.126047], [-75.385107, 6.126011], [-75.385094, 6.125965], [-75.38509, 6.125905], [-75.385098, 6.12583], [-75.385129, 6.125774], [-75.38515, 6.125714], [-75.38516, 6.12565], [-75.385158, 6.125586], [-75.385143, 6.125519], [-75.385174, 6.12539], [-75.385198, 6.125317], [-75.385221, 6.125269], [-75.385282, 6.12516], [-75.385447, 6.124936], [-75.385902, 6.124324], [-75.386036, 6.124136], [-75.387254, 6.122425], [-75.387423, 6.12219], [-75.387911, 6.121525], [-75.388221, 6.121093], [-75.389218, 6.119708], [-75.389356, 6.119422], [-75.389519, 6.11929], [-75.38959, 6.119184], [-75.389587, 6.119006], [-75.389663, 6.118699], [-75.389647, 6.118417], [-75.38959, 6.118017], [-75.389531, 6.117639], [-75.389518, 6.117558], [-75.3895, 6.117455], [-75.389482, 6.117353], [-75.389431, 6.117038], [-75.389371, 6.116562], [-75.38929, 6.116081], [-75.389119, 6.11514], [-75.389104, 6.115039], [-75.389003, 6.114619], [-75.388914, 6.114344], [-75.388787, 6.114031], [-75.388643, 6.113721], [-75.38862, 6.113669], [-75.388551, 6.113471], [-75.388505, 6.113266], [-75.38853, 6.113157], [-75.388531, 6.113039], [-75.388543, 6.112936], [-75.388555, 6.112807], [-75.388578, 6.112678], [-75.388616, 6.112531], [-75.388661, 6.112351], [-75.388717, 6.112171], [-75.38886, 6.111811], [-75.389139, 6.111087], [-75.389188, 6.110928], [-75.389208, 6.110844], [-75.389214, 6.110763], [-75.389224, 6.11069], [-75.38922, 6.110617], [-75.389191, 6.11044], [-75.389127, 6.110235], [-75.389054, 6.110087], [-75.388957, 6.109945], [-75.38882, 6.109795], [-75.388651, 6.109629], [-75.388632, 6.109611], [-75.38849, 6.109464], [-75.388385, 6.109358], [-75.388035, 6.109006], [-75.387941, 6.108914], [-75.387618, 6.108563], [-75.387291, 6.108127], [-75.386791, 6.107375], [-75.386669, 6.107182], [-75.386492, 6.106847], [-75.386424, 6.106717], [-75.386367, 6.106519], [-75.386327, 6.106405], [-75.386308, 6.106268], [-75.386278, 6.10609], [-75.386227, 6.105926], [-75.386218, 6.105906], [-75.386141, 6.105743], [-75.386021, 6.105517], [-75.385958, 6.105405], [-75.385869, 6.10523], [-75.385579, 6.104685], [-75.385547, 6.104628], [-75.385476, 6.104504], [-75.385367, 6.104356], [-75.385234, 6.104218], [-75.384864, 6.103817], [-75.384669, 6.103438], [-75.384351, 6.10282], [-75.383793, 6.101747], [-75.383734, 6.101608], [-75.383665, 6.101378], [-75.38341, 6.100218], [-75.383358, 6.100002], [-75.383254, 6.099476], [-75.383236, 6.099205], [-75.383218, 6.098875], [-75.383218, 6.098824], [-75.383231, 6.098553], [-75.383249, 6.098369], [-75.383315, 6.097852], [-75.383321, 6.097794], [-75.383353, 6.097548], [-75.383445, 6.096831], [-75.383449, 6.096781], [-75.383458, 6.096665], [-75.383452, 6.096504], [-75.383423, 6.096338], [-75.383367, 6.0962], [-75.383262, 6.095958], [-75.383112, 6.095727], [-75.383007, 6.095564], [-75.382932, 6.095388], [-75.382635, 6.094638], [-75.382487, 6.094242], [-75.38239, 6.093983], [-75.382187, 6.093441], [-75.38214, 6.093337], [-75.381609, 6.092094], [-75.381564, 6.092001], [-75.381451, 6.091776], [-75.381081, 6.091082], [-75.380918, 6.090794], [-75.380644, 6.090309], [-75.38045, 6.089957], [-75.380196, 6.089422], [-75.380042, 6.089019], [-75.380013, 6.088892], [-75.379983, 6.088763], [-75.379971, 6.088625], [-75.379963, 6.088497], [-75.379955, 6.088281], [-75.379959, 6.088191], [-75.379967, 6.088061], [-75.379999, 6.087879], [-75.380034, 6.087772], [-75.380091, 6.087562], [-75.380182, 6.087313], [-75.380331, 6.086929], [-75.380452, 6.086625], [-75.380517, 6.086404], [-75.380555, 6.086198], [-75.380571, 6.085956], [-75.380558, 6.08576], [-75.380516, 6.085559], [-75.380489, 6.085413], [-75.380009, 6.083964], [-75.379792, 6.083177], [-75.379743, 6.082918], [-75.379703, 6.082605], [-75.379694, 6.082283], [-75.379703, 6.08197], [-75.379766, 6.081376], [-75.379816, 6.080989], [-75.379976, 6.079384], [-75.379979, 6.07935], [-75.37999, 6.079245], [-75.380004, 6.079116], [-75.380006, 6.079006], [-75.379991, 6.078877], [-75.379961, 6.078787], [-75.379743, 6.078316], [-75.379718, 6.078246], [-75.3797, 6.078144], [-75.3797, 6.078048], [-75.379708, 6.077937], [-75.379737, 6.07782], [-75.3799, 6.077367], [-75.379945, 6.077209], [-75.379971, 6.077067], [-75.379976, 6.076932], [-75.379947, 6.07676], [-75.379915, 6.076641], [-75.379874, 6.076427], [-75.379812, 6.076157], [-75.379745, 6.075924], [-75.379684, 6.075734], [-75.379506, 6.075055], [-75.379481, 6.074789], [-75.379457, 6.074342], [-75.379438, 6.074174], [-75.379427, 6.074004], [-75.379426, 6.073833], [-75.379436, 6.073662], [-75.379456, 6.073493], [-75.379505, 6.07326], [-75.379524, 6.073176], [-75.379546, 6.073052], [-75.379548, 6.072919], [-75.379528, 6.072711], [-75.379543, 6.072635], [-75.379573, 6.072454], [-75.379735, 6.071683], [-75.379792, 6.07148], [-75.379825, 6.07135], [-75.379913, 6.071085], [-75.38013, 6.070588], [-75.380297, 6.070286], [-75.380489, 6.069989], [-75.380808, 6.069633], [-75.38088, 6.069556], [-75.381396, 6.068905], [-75.381478, 6.068797], [-75.381754, 6.068314], [-75.38231, 6.066981], [-75.382442, 6.066662], [-75.382458, 6.066626], [-75.382494, 6.066547], [-75.382902, 6.065561], [-75.383164, 6.065066], [-75.38346, 6.064528], [-75.383646, 6.064192], [-75.383989, 6.063646], [-75.384311, 6.063077], [-75.384387, 6.062925], [-75.384516, 6.062596], [-75.384536, 6.062533], [-75.384575, 6.062411], [-75.384619, 6.062195], [-75.384655, 6.061614], [-75.384659, 6.060953], [-75.384715, 6.060609], [-75.384766, 6.060371], [-75.385073, 6.059656], [-75.385191, 6.059383], [-75.385315, 6.059063], [-75.385402, 6.058735], [-75.385616, 6.0578], [-75.385672, 6.057626], [-75.385755, 6.057455], [-75.385861, 6.057294], [-75.385961, 6.057154], [-75.386079, 6.057006], [-75.386202, 6.056879], [-75.386991, 6.056274], [-75.387122, 6.056155], [-75.387597, 6.055534], [-75.388002, 6.055031], [-75.388528, 6.054435], [-75.388891, 6.054049], [-75.388976, 6.053955], [-75.389725, 6.053128], [-75.39035, 6.052306], [-75.39122, 6.050976], [-75.391596, 6.050636], [-75.392785, 6.049945], [-75.393129, 6.049972], [-75.393196, 6.050055], [-75.393285, 6.050112], [-75.393389, 6.050136], [-75.393495, 6.050126], [-75.393591, 6.050082], [-75.393668, 6.05001], [-75.393718, 6.049917], [-75.393734, 6.049812], [-75.393715, 6.049709], [-75.393791, 6.049306], [-75.394117, 6.048832], [-75.394292, 6.048671], [-75.395993, 6.04733], [-75.396064, 6.047269], [-75.397189, 6.046179], [-75.39756, 6.045825], [-75.39778, 6.045605], [-75.399893, 6.043553], [-75.400851, 6.042727], [-75.401418, 6.042397], [-75.402298, 6.042077], [-75.402531, 6.042006], [-75.404192, 6.041782], [-75.40464, 6.041667], [-75.404949, 6.041663], [-75.405189, 6.041738], [-75.405434, 6.04189], [-75.405635, 6.042071], [-75.406154, 6.042554], [-75.406357, 6.042716], [-75.406495, 6.042767], [-75.406691, 6.042788], [-75.406886, 6.042733], [-75.407215, 6.042478], [-75.407935, 6.041996], [-75.40844, 6.041617], [-75.408673, 6.041404], [-75.40925, 6.040913], [-75.409831, 6.040424], [-75.410078, 6.040237], [-75.411038, 6.039511], [-75.411089, 6.039474], [-75.411501, 6.039126], [-75.411786, 6.038885], [-75.411912, 6.038805], [-75.412028, 6.038735], [-75.412167, 6.038681], [-75.41231, 6.038638], [-75.412438, 6.038613], [-75.412932, 6.038586], [-75.413165, 6.038752], [-75.413224, 6.03881], [-75.413298, 6.038847], [-75.413381, 6.03886], [-75.413463, 6.038846], [-75.413536, 6.038807], [-75.413594, 6.038748], [-75.413831, 6.038653], [-75.414267, 6.038728], [-75.414709, 6.03884], [-75.414961, 6.038935], [-75.415643, 6.039215], [-75.416022, 6.039371], [-75.416131, 6.039416], [-75.416384, 6.039494], [-75.416578, 6.039509], [-75.416746, 6.039502], [-75.416791, 6.039499], [-75.416904, 6.039483], [-75.417059, 6.039436], [-75.417232, 6.039351], [-75.417392, 6.039245], [-75.417662, 6.039031], [-75.418165, 6.038661], [-75.41831, 6.038553], [-75.418449, 6.038444], [-75.419179, 6.037827], [-75.419606, 6.037429], [-75.419738, 6.037316], [-75.419853, 6.037237], [-75.420009, 6.037064], [-75.420205, 6.036826], [-75.420296, 6.036727], [-75.420525, 6.036506], [-75.420677, 6.03637], [-75.420917, 6.036174], [-75.421279, 6.035962], [-75.421591, 6.035855], [-75.421632, 6.035841], [-75.421887, 6.035771], [-75.422066, 6.035741], [-75.422138, 6.035734], [-75.422616, 6.035707], [-75.423253, 6.035618], [-75.423305, 6.035605], [-75.423466, 6.035549], [-75.423678, 6.035495], [-75.423714, 6.03549], [-75.423813, 6.035484], [-75.423953, 6.03548], [-75.42415, 6.035476], [-75.424545, 6.035496], [-75.425453, 6.035614], [-75.426227, 6.035695], [-75.426393, 6.035713], [-75.426742, 6.035786], [-75.427029, 6.035865], [-75.427349, 6.035946], [-75.427431, 6.035968], [-75.427848, 6.036086], [-75.428678, 6.036301], [-75.428901, 6.035565], [-75.429135, 6.03479], [-75.429254, 6.034399], [-75.42939, 6.033948], [-75.429504, 6.033573], [-75.429636, 6.033137], [-75.429877, 6.03234], [-75.430121, 6.031535], [-75.430359, 6.030749], [-75.43119, 6.030996], [-75.431338, 6.03104], [-75.431569, 6.031109]]}","[{'lat': 6.153868, 'lon': -75.374619, 'type': 'depart', 'modifier': 'straight', 'distance_m': 59.8, 'duration_s': 20.4, 'instruction': ''}, {'lat': 6.154156, 'lon': -75.37506, 'type': 'turn', 'modifier': 'left', 'distance_m': 91.7, 'duration_s': 8.9, 'instruction': 'Carrera 52'}, {'lat': 6.153529, 'lon': -75.375558, 'type': 'continue', 'modifier': 'left', 'distance_m': 519.1, 'duration_s': 49.5, 'instruction': 'Carrera 52'}, {'lat': 6.14888, 'lon': -75.375543, 'type': 'end of road', 'modifier': 'right', 'distance_m': 379.4, 'duration_s': 45.1, 'instruction': 'Calle 43'}, {'lat': 6.149054, 'lon': -75.378965, 'type': 'turn', 'modifier': 'left', 'distance_m': 165.1, 'duration_s': 14.9, 'instruction': 'Carrera 56'}, {'lat': 6.147607, 'lon': -75.379245, 'type': 'roundabout', 'modifier': 'straight', 'distance_m': 54.4, 'duration_s': 5, 'instruction': 'Carrera 56'}, {'lat': 6.147181, 'lon': -75.379295, 'type': 'exit roundabout', 'modifier': 'straight', 'distance_m': 430.9, 'duration_s': 38.6, 'instruction': 'Carrera 56'}, {'lat': 6.143479, 'lon': -75.380056, 'type': 'new name', 'modifier': 'straight', 'distance_m': 201.7, 'duration_s': 15.2, 'instruction': 'Calle 39'}, {'lat': 6.142031, 'lon': -75.380847, 'type': 'rotary', 'modifier': 'straight', 'distance_m': 68.6, 'duration_s': 7.7, 'instruction': 'Calle 38'}, {'lat': 6.14155, 'lon': -75.381056, 'type': 'exit rotary', 'modifier': 'straight', 'distance_m': 907.1, 'duration_s': 64.1, 'instruction': 'Calle 38'}, {'lat': 6.137158, 'lon': -75.387463, 'type': 'turn', 'modifier': 'straight', 'distance_m': 163.4, 'duration_s': 14.7, 'instruction': 'Intercambio Vial Manuel Vicente Zuluaga'}, {'lat': 6.136987, 'lon': -75.388922, 'type': 'fork', 'modifier': 'slight left', 'distance_m': 9.6, 'duration_s': 0.9, 'instruction': 'Intercambio Vial Manuel Vicente Zuluaga'}, {'lat': 6.137014, 'lon': -75.389004, 'type': 'roundabout', 'modifier': 'straight', 'distance_m': 58.1, 'duration_s': 5.6, 'instruction': 'Carrera 62A'}, {'lat': 6.136708, 'lon': -75.389124, 'type': 'exit roundabout', 'modifier': 'straight', 'distance_m': 845.5, 'duration_s': 76.7, 'instruction': 'Carrera 62A'}, {'lat': 6.132043, 'lon': -75.383999, 'type': 'roundabout', 'modifier': 'slight right', 'distance_m': 38.6, 'duration_s': 2.4, 'instruction': 'Variante San Antonio'}, {'lat': 6.131763, 'lon': -75.384136, 'type': 'exit roundabout', 'modifier': 'straight', 'distance_m': 714.9, 'duration_s': 39.7, 'instruction': 'Variante San Antonio'}, {'lat': 6.12583, 'lon': -75.385098, 'type': 'roundabout', 'modifier': 'slight right', 'distance_m': 35.9, 'duration_s': 2, 'instruction': ''}, {'lat': 6.125519, 'lon': -75.385143, 'type': 'exit roundabout', 'modifier': 'slight right', 'distance_m': 42.9, 'duration_s': 2.4, 'instruction': ''}, {'lat': 6.12516, 'lon': -75.385282, 'type': 'turn', 'modifier': 'straight', 'distance_m': 802.2, 'duration_s': 44.6, 'instruction': 'Vía La Ceja - Rionegro'}, {'lat': 6.11929, 'lon': -75.389519, 'type': 'turn', 'modifier': 'left', 'distance_m': 8651.9, 'duration_s': 707, 'instruction': 'Vía La Ceja - Rionegro'}, {'lat': 6.049709, 'lon': -75.393715, 'type': 'fork', 'modifier': 'slight right', 'distance_m': 2296.2, 'duration_s': 149.6, 'instruction': 'Vía La Ceja - Rionegro'}, {'lat': 6.040237, 'lon': -75.410078, 'type': 'new name', 'modifier': 'straight', 'distance_m': 406.6, 'duration_s': 22.5, 'instruction': ''}, {'lat': 6.038752, 'lon': -75.413165, 'type': 'roundabout', 'modifier': 'straight', 'distance_m': 55.1, 'duration_s': 3, 'instruction': ''}, {'lat': 6.038748, 'lon': -75.413594, 'type': 'exit roundabout', 'modifier': 'slight right', 'distance_m': 483.3, 'duration_s': 26.8, 'instruction': ''}, {'lat': 6.039031, 'lon': -75.417662, 'type': 'new name', 'modifier': 'straight', 'distance_m': 527, 'duration_s': 29.3, 'instruction': ''}, {'lat': 6.035962, 'lon': -75.421279, 'type': 'new name', 'modifier': 'straight', 'distance_m': 835.3, 'duration_s': 51.1, 'instruction': 'Calle 27'}, {'lat': 6.036301, 'lon': -75.428678, 'type': 'turn', 'modifier': 'left', 'distance_m': 641.6, 'duration_s': 44, 'instruction': 'Carrera 19'}, {'lat': 6.030749, 'lon': -75.430359, 'type': 'turn', 'modifier': 'right', 'distance_m': 139.7, 'duration_s': 7.6, 'instruction': 'Calle 20'}, {'lat': 6.031109, 'lon': -75.431569, 'type': 'arrive', 'modifier': 'left', 'distance_m': 0, 'duration_s': 0, 'instruction': 'Calle 20'}]","Rionegro, Oriente, Antioquia, RAP del Agua y la Montaña, 054040, Colombia","La Ceja, Oriente, Antioquia, RAP del Agua y la Montaña, 055010, Colombia",6.1536166,-75.3741691,6.0309532,-75.4316155,19.6255,25,
F94N3J,ZFHRDH,51980b91-e2de-4698-ad81-4d40cabe47b1,finalizada,2026-07-18 00:18:39.218371+00,,,,,,,,,,,
G3T6,Medellín,c24d3c6f-bb14-4799-bbd1-9903f130f556,finalizada,2026-08-15 00:43:05.256568+00,,,,,,,,,,,
GLQE,charcos cisneros,479c1f50-0d12-48e2-8eec-2c38a46c604b,finalizada,2026-08-05 22:10:59.389849+00,"{'type': 'LineString', 'coordinates': [[-75.602035, 6.269728], [-75.602024, 6.269772], [-75.602011, 6.269816], [-75.601991, 6.269848], [-75.601976, 6.269874], [-75.601954, 6.269885], [-75.601924, 6.269883], [-75.601859, 6.269845], [-75.601824, 6.269826], [-75.601776, 6.269802], [-75.601705, 6.269764], [-75.601662, 6.269741], [-75.60162, 6.269724], [-75.601527, 6.269702], [-75.601492, 6.269694], [-75.601406, 6.269674], [-75.601356, 6.269667], [-75.601318, 6.269671], [-75.601284, 6.269682], [-75.601249, 6.269705], [-75.601227, 6.269726], [-75.601205, 6.269764], [-75.601116, 6.269998], [-75.600688, 6.269938], [-75.600647, 6.269928], [-75.600607, 6.269906], [-75.600576, 6.269874], [-75.600552, 6.269837], [-75.600538, 6.269793], [-75.600527, 6.26976], [-75.600526, 6.269724], [-75.600483, 6.269026], [-75.60048, 6.268957], [-75.60047, 6.268908], [-75.600455, 6.268868], [-75.600437, 6.268841], [-75.600401, 6.268813], [-75.600365, 6.268799], [-75.60033, 6.268792], [-75.600286, 6.268789], [-75.600238, 6.268796], [-75.6002, 6.268816], [-75.600176, 6.268841], [-75.600156, 6.268869], [-75.600135, 6.268908], [-75.600132, 6.268953], [-75.600136, 6.269001], [-75.600178, 6.26935], [-75.600175, 6.269393], [-75.600162, 6.269425], [-75.600139, 6.269448], [-75.599987, 6.269539], [-75.599945, 6.269566], [-75.599896, 6.269606], [-75.599876, 6.269624], [-75.599845, 6.269653], [-75.599786, 6.269723], [-75.599764, 6.269764], [-75.599746, 6.269808], [-75.599743, 6.269867], [-75.599756, 6.269912], [-75.599889, 6.270165], [-75.599902, 6.270196], [-75.599908, 6.270216], [-75.599911, 6.270243], [-75.599904, 6.270265], [-75.599878, 6.270299], [-75.599852, 6.270314], [-75.59981, 6.270337], [-75.599774, 6.270352], [-75.599742, 6.270362], [-75.599705, 6.270362], [-75.599667, 6.270358], [-75.599614, 6.270348], [-75.599569, 6.270336], [-75.599522, 6.270315], [-75.59946, 6.270274], [-75.59942, 6.270238], [-75.599387, 6.270198], [-75.599352, 6.270146], [-75.599332, 6.270106], [-75.59919, 6.26979], [-75.599073, 6.269406], [-75.598958, 6.269134], [-75.598923, 6.269085], [-75.598885, 6.26905], [-75.598852, 6.269031], [-75.598821, 6.269018], [-75.598605, 6.268933], [-75.598353, 6.268878], [-75.598016, 6.268807], [-75.597735, 6.268748], [-75.597286, 6.268637], [-75.597254, 6.268629], [-75.596904, 6.268541], [-75.596839, 6.268526], [-75.596801, 6.268596], [-75.596602, 6.268959], [-75.59652, 6.269116], [-75.595594, 6.268911], [-75.595514, 6.268893], [-75.595446, 6.268879], [-75.595396, 6.269092], [-75.595342, 6.269326], [-75.595316, 6.269451], [-75.595287, 6.269577], [-75.595191, 6.270002], [-75.595128, 6.270339], [-75.595062, 6.27064], [-75.595021, 6.270766], [-75.594989, 6.270833], [-75.594952, 6.270898], [-75.594914, 6.270958], [-75.594872, 6.271015], [-75.594824, 6.271071], [-75.594737, 6.271159], [-75.594424, 6.271477], [-75.594295, 6.271449], [-75.594202, 6.271399], [-75.594177, 6.271367], [-75.594145, 6.271329], [-75.594123, 6.271294], [-75.594096, 6.271246], [-75.593973, 6.271036], [-75.593909, 6.270899], [-75.593841, 6.270728], [-75.593776, 6.270558], [-75.59372, 6.27042], [-75.593677, 6.270321], [-75.593612, 6.270211], [-75.593557, 6.270128], [-75.593503, 6.270048], [-75.593398, 6.269929], [-75.593259, 6.269776], [-75.593089, 6.269599], [-75.592963, 6.269527], [-75.592376, 6.268846], [-75.592224, 6.268686], [-75.592076, 6.268539], [-75.59188, 6.268365], [-75.591797, 6.268287], [-75.591477, 6.267961], [-75.590655, 6.267036], [-75.590284, 6.266757], [-75.590151, 6.266676], [-75.590017, 6.26657], [-75.589896, 6.266487], [-75.589849, 6.26646], [-75.589533, 6.266278], [-75.58921, 6.266085], [-75.588694, 6.26578], [-75.588509, 6.265655], [-75.588421, 6.265589], [-75.587791, 6.264982], [-75.587612, 6.264805], [-75.587561, 6.264754], [-75.587489, 6.264683], [-75.587443, 6.264638], [-75.587056, 6.264255], [-75.586643, 6.263645], [-75.585928, 6.262597], [-75.585397, 6.261921], [-75.585028, 6.261486], [-75.58495, 6.261409], [-75.584873, 6.261339], [-75.584684, 6.261183], [-75.584651, 6.261158], [-75.584581, 6.261104], [-75.584179, 6.260825], [-75.584065, 6.260743], [-75.583247, 6.260196], [-75.582677, 6.259811], [-75.58261, 6.259767], [-75.581862, 6.25925], [-75.581753, 6.259181], [-75.581673, 6.259137], [-75.581601, 6.259104], [-75.581538, 6.259076], [-75.581475, 6.259052], [-75.580724, 6.258824], [-75.580559, 6.258776], [-75.580415, 6.258731], [-75.580285, 6.258696], [-75.58022, 6.25868], [-75.580164, 6.258666], [-75.580097, 6.258649], [-75.580065, 6.25864], [-75.579202, 6.258452], [-75.578206, 6.258318], [-75.577797, 6.258276], [-75.57701, 6.258359], [-75.576678, 6.258492], [-75.576408, 6.258655], [-75.576146, 6.258832], [-75.576112, 6.258855], [-75.575778, 6.259088], [-75.575729, 6.259119], [-75.575673, 6.259149], [-75.575615, 6.259173], [-75.575499, 6.259211], [-75.575266, 6.259284], [-75.575215, 6.2593], [-75.575174, 6.259314], [-75.575153, 6.25933], [-75.575137, 6.25935], [-75.575126, 6.259383], [-75.575119, 6.259422], [-75.575093, 6.259653], [-75.57508, 6.259867], [-75.575053, 6.260465], [-75.575033, 6.261052], [-75.57503, 6.261155], [-75.575023, 6.261205], [-75.575014, 6.261245], [-75.574988, 6.261339], [-75.57497, 6.261391], [-75.574945, 6.261438], [-75.574908, 6.261478], [-75.574867, 6.261517], [-75.574825, 6.261549], [-75.574786, 6.261571], [-75.574733, 6.26159], [-75.574674, 6.261601], [-75.574623, 6.261606], [-75.574572, 6.261603], [-75.574522, 6.261597], [-75.574476, 6.261587], [-75.574412, 6.261569], [-75.574355, 6.261545], [-75.574279, 6.261505], [-75.57415, 6.261429], [-75.573187, 6.260139], [-75.572904, 6.259755], [-75.572877, 6.259576], [-75.57287, 6.25953], [-75.572861, 6.25946], [-75.572869, 6.259374], [-75.572888, 6.259278], [-75.57292, 6.259194], [-75.572965, 6.259119], [-75.573002, 6.25907], [-75.57304, 6.259034], [-75.573084, 6.258999], [-75.573117, 6.258981], [-75.573166, 6.258965], [-75.573221, 6.258957], [-75.573288, 6.258955], [-75.573335, 6.258967], [-75.573375, 6.258985], [-75.573421, 6.259017], [-75.573463, 6.259047], [-75.573498, 6.259087], [-75.573519, 6.259125], [-75.573539, 6.259183], [-75.573547, 6.259235], [-75.573553, 6.259314], [-75.573549, 6.25941], [-75.57354, 6.259496], [-75.573425, 6.259726], [-75.573246, 6.260141], [-75.573195, 6.260679], [-75.572872, 6.261483], [-75.57267, 6.262017], [-75.572537, 6.262389], [-75.572198, 6.263364], [-75.572074, 6.263751], [-75.571987, 6.264037], [-75.571794, 6.26472], [-75.571539, 6.265786], [-75.571289, 6.266836], [-75.571107, 6.267695], [-75.570658, 6.269578], [-75.570274, 6.271245], [-75.570033, 6.272289], [-75.569571, 6.274296], [-75.569486, 6.274671], [-75.56933, 6.27536], [-75.569011, 6.276709], [-75.568955, 6.276986], [-75.568705, 6.278088], [-75.568624, 6.278436], [-75.568371, 6.279524], [-75.568272, 6.279951], [-75.568193, 6.2803], [-75.568137, 6.280547], [-75.568131, 6.280573], [-75.568069, 6.280862], [-75.568056, 6.280934], [-75.56805, 6.280988], [-75.568044, 6.281039], [-75.568041, 6.281138], [-75.568041, 6.281218], [-75.568052, 6.281598], [-75.568052, 6.281645], [-75.568052, 6.281684], [-75.568035, 6.282492], [-75.568034, 6.282676], [-75.56803, 6.282822], [-75.568021, 6.282989], [-75.567993, 6.283158], [-75.567944, 6.283358], [-75.567892, 6.283546], [-75.567771, 6.283949], [-75.567684, 6.284259], [-75.567605, 6.284515], [-75.567418, 6.285067], [-75.567353, 6.285231], [-75.567289, 6.285376], [-75.567096, 6.285768], [-75.566922, 6.286117], [-75.566874, 6.286205], [-75.56663, 6.286653], [-75.566526, 6.286825], [-75.566444, 6.286954], [-75.56637, 6.287083], [-75.566325, 6.287197], [-75.566291, 6.287302], [-75.566257, 6.287419], [-75.566232, 6.287518], [-75.566205, 6.287615], [-75.566126, 6.288222], [-75.566043, 6.28879], [-75.566017, 6.288905], [-75.56599, 6.288987], [-75.565951, 6.289088], [-75.565905, 6.28919], [-75.56586, 6.28927], [-75.565799, 6.28936], [-75.565725, 6.28946], [-75.565098, 6.290224], [-75.564328, 6.291172], [-75.564205, 6.291343], [-75.564108, 6.291494], [-75.564039, 6.291643], [-75.563989, 6.291771], [-75.563595, 6.293474], [-75.563541, 6.293701], [-75.563499, 6.293838], [-75.563468, 6.293916], [-75.563409, 6.294026], [-75.563364, 6.294098], [-75.56331, 6.29418], [-75.563249, 6.294255], [-75.56316, 6.294351], [-75.562337, 6.295222], [-75.562168, 6.295407], [-75.562001, 6.29559], [-75.561925, 6.295673], [-75.561901, 6.295699], [-75.561242, 6.296421], [-75.561036, 6.296646], [-75.560859, 6.296858], [-75.560715, 6.297039], [-75.560371, 6.297475], [-75.560138, 6.297766], [-75.559972, 6.297992], [-75.559885, 6.298126], [-75.559812, 6.298262], [-75.55973, 6.298421], [-75.55966, 6.298567], [-75.559527, 6.298898], [-75.559404, 6.29919], [-75.559026, 6.300089], [-75.558851, 6.300514], [-75.558768, 6.300729], [-75.558695, 6.300933], [-75.558609, 6.301183], [-75.558546, 6.30138], [-75.558454, 6.301668], [-75.558392, 6.301875], [-75.558341, 6.302042], [-75.558164, 6.302696], [-75.558138, 6.302791], [-75.55804, 6.303171], [-75.558022, 6.303236], [-75.557935, 6.303575], [-75.557905, 6.303734], [-75.557882, 6.303874], [-75.557868, 6.303972], [-75.557858, 6.304091], [-75.557858, 6.304184], [-75.557857, 6.304249], [-75.557862, 6.304312], [-75.55788, 6.304515], [-75.557939, 6.305193], [-75.557968, 6.305482], [-75.557988, 6.305647], [-75.558011, 6.30582], [-75.558148, 6.306697], [-75.55816, 6.306773], [-75.558212, 6.30711], [-75.558358, 6.307961], [-75.558374, 6.308066], [-75.558376, 6.308077], [-75.558384, 6.308191], [-75.558395, 6.30839], [-75.558409, 6.308524], [-75.558414, 6.308593], [-75.558414, 6.308653], [-75.558404, 6.308762], [-75.55838, 6.308879], [-75.558314, 6.309103], [-75.558204, 6.30945], [-75.558183, 6.309523], [-75.558161, 6.30961], [-75.558154, 6.309687], [-75.558155, 6.309732], [-75.558161, 6.309782], [-75.558173, 6.309842], [-75.55819, 6.309901], [-75.55822, 6.309965], [-75.558271, 6.310056], [-75.558331, 6.310149], [-75.558383, 6.310241], [-75.558404, 6.310314], [-75.558412, 6.310373], [-75.558412, 6.310448], [-75.558403, 6.310511], [-75.558388, 6.310563], [-75.558363, 6.310615], [-75.558315, 6.310684], [-75.558265, 6.310738], [-75.55822, 6.310777], [-75.558155, 6.310807], [-75.558086, 6.310828], [-75.558011, 6.310837], [-75.557937, 6.310836], [-75.557854, 6.310822], [-75.557815, 6.310811], [-75.557762, 6.310793], [-75.557606, 6.310685], [-75.556559, 6.309964], [-75.556524, 6.309938], [-75.556475, 6.309846], [-75.556447, 6.30979], [-75.556426, 6.309741], [-75.556415, 6.309682], [-75.556426, 6.309626], [-75.55644, 6.309574], [-75.556479, 6.309529], [-75.556522, 6.309495], [-75.556585, 6.309459], [-75.556652, 6.309445], [-75.556724, 6.309443], [-75.556805, 6.309476], [-75.556873, 6.309517], [-75.556917, 6.309554], [-75.556971, 6.309623], [-75.556988, 6.309672], [-75.557005, 6.309798], [-75.556944, 6.309961], [-75.556875, 6.310088], [-75.556813, 6.3102], [-75.556756, 6.310291], [-75.556713, 6.310347], [-75.556305, 6.310866], [-75.556031, 6.31122], [-75.555835, 6.311491], [-75.555523, 6.311928], [-75.555325, 6.312201], [-75.555071, 6.312575], [-75.555002, 6.312603], [-75.554936, 6.312623], [-75.55483, 6.312622], [-75.5547, 6.312582], [-75.554412, 6.312502], [-75.554276, 6.31246], [-75.55426, 6.312454], [-75.554178, 6.312413], [-75.554043, 6.312354], [-75.554025, 6.312336], [-75.554002, 6.312323], [-75.553976, 6.312318], [-75.55395, 6.31232], [-75.553924, 6.312331], [-75.553903, 6.312349], [-75.553889, 6.312373], [-75.553882, 6.3124], [-75.553885, 6.312428], [-75.553866, 6.312508], [-75.553843, 6.312562], [-75.553788, 6.312682], [-75.553581, 6.312968], [-75.553456, 6.31314], [-75.553246, 6.313477], [-75.553129, 6.313728], [-75.553036, 6.313939], [-75.552993, 6.314052], [-75.552976, 6.31418], [-75.552971, 6.314255], [-75.552991, 6.31434], [-75.553017, 6.314409], [-75.553085, 6.31452], [-75.553194, 6.314648], [-75.553269, 6.314711], [-75.55328, 6.314725], [-75.553375, 6.314843], [-75.553396, 6.314879], [-75.55341, 6.314903], [-75.553433, 6.314964], [-75.553456, 6.315062], [-75.553461, 6.315162], [-75.553459, 6.315262], [-75.55344, 6.315537], [-75.553431, 6.315636], [-75.55342, 6.315829], [-75.553437, 6.316133], [-75.553512, 6.316521], [-75.553566, 6.316794], [-75.553582, 6.317001], [-75.553586, 6.317103], [-75.553591, 6.317207], [-75.553587, 6.317302], [-75.553559, 6.317521], [-75.553507, 6.317993], [-75.553482, 6.318298], [-75.553437, 6.318669], [-75.553418, 6.318804], [-75.553404, 6.318872], [-75.553333, 6.318972], [-75.553194, 6.319158], [-75.552883, 6.319584], [-75.552759, 6.319755], [-75.552541, 6.320041], [-75.552214, 6.320467], [-75.552061, 6.320671], [-75.551959, 6.320806], [-75.551781, 6.321074], [-75.551536, 6.32124], [-75.55143, 6.321285], [-75.551293, 6.321325], [-75.551045, 6.321428], [-75.550878, 6.321617], [-75.550446, 6.322105], [-75.550096, 6.322302], [-75.549977, 6.32237], [-75.549772, 6.322468], [-75.549358, 6.322699], [-75.549164, 6.322985], [-75.549069, 6.323231], [-75.548986, 6.323472], [-75.548915, 6.323676], [-75.548843, 6.323743], [-75.548649, 6.323857], [-75.548451, 6.324026], [-75.548277, 6.324182], [-75.547741, 6.324874], [-75.547314, 6.325264], [-75.546941, 6.325617], [-75.546632, 6.3259], [-75.546419, 6.326198], [-75.546334, 6.326507], [-75.546291, 6.326837], [-75.546179, 6.326968], [-75.545966, 6.327047], [-75.545753, 6.327149], [-75.545682, 6.32725], [-75.54562, 6.327546], [-75.545637, 6.327994], [-75.545683, 6.328292], [-75.545769, 6.328728], [-75.545699, 6.328883], [-75.545532, 6.328969], [-75.545163, 6.329003], [-75.545082, 6.329051], [-75.544936, 6.329252], [-75.544809, 6.329495], [-75.544792, 6.329534], [-75.54468, 6.329796], [-75.544547, 6.330663], [-75.544508, 6.330761], [-75.544449, 6.330857], [-75.544363, 6.330959], [-75.544216, 6.331075], [-75.544085, 6.331134], [-75.543893, 6.331238], [-75.543783, 6.331239], [-75.543657, 6.331233], [-75.54337, 6.331189], [-75.543053, 6.331142], [-75.542707, 6.331094], [-75.542419, 6.331055], [-75.542258, 6.330974], [-75.542127, 6.330862], [-75.541933, 6.33069], [-75.541682, 6.330596], [-75.541292, 6.330651], [-75.541074, 6.330661], [-75.54098, 6.330696], [-75.540716, 6.33084], [-75.540468, 6.331096], [-75.540193, 6.331281], [-75.540024, 6.331385], [-75.539902, 6.331449], [-75.539733, 6.331537], [-75.539507, 6.331683], [-75.539295, 6.331853], [-75.538925, 6.332182], [-75.538606, 6.332528], [-75.53853, 6.332616], [-75.538229, 6.332879], [-75.538171, 6.332942], [-75.538057, 6.333066], [-75.537852, 6.333289], [-75.537794, 6.33338], [-75.537529, 6.333801], [-75.537382, 6.333974], [-75.53726, 6.334047], [-75.537089, 6.334116], [-75.537027, 6.334104], [-75.536711, 6.334117], [-75.536382, 6.334127], [-75.536073, 6.334139], [-75.535419, 6.334198], [-75.535335, 6.33417], [-75.535261, 6.334124], [-75.535216, 6.334089], [-75.535064, 6.333964], [-75.534973, 6.33388], [-75.53485, 6.333744], [-75.534757, 6.333635], [-75.53469, 6.333596], [-75.534623, 6.333586], [-75.534411, 6.333577], [-75.534319, 6.333593], [-75.5342, 6.333626], [-75.534107, 6.333649], [-75.534034, 6.333685], [-75.53395, 6.333731], [-75.533839, 6.333855], [-75.533666, 6.334008], [-75.533613, 6.334063], [-75.533382, 6.334281], [-75.533305, 6.334312], [-75.533233, 6.334328], [-75.532884, 6.334337], [-75.53275, 6.334348], [-75.532714, 6.334349], [-75.532584, 6.334453], [-75.53245, 6.334627], [-75.532381, 6.334765], [-75.532338, 6.334883], [-75.532292, 6.335015], [-75.532258, 6.335124], [-75.53183, 6.336359], [-75.531762, 6.336484], [-75.531624, 6.336638], [-75.531477, 6.336764], [-75.531349, 6.336817], [-75.530963, 6.336902], [-75.530676, 6.336898], [-75.530457, 6.336929], [-75.530387, 6.336939], [-75.530123, 6.336985], [-75.529882, 6.336956], [-75.529663, 6.336884], [-75.529473, 6.336804], [-75.52937, 6.336796], [-75.529233, 6.336803], [-75.529157, 6.336816], [-75.528543, 6.337008], [-75.528234, 6.337145], [-75.528171, 6.337177], [-75.528128, 6.337195], [-75.528097, 6.337205], [-75.528065, 6.337209], [-75.528032, 6.337209], [-75.528007, 6.337205], [-75.527941, 6.337188], [-75.527815, 6.337147], [-75.527699, 6.337112], [-75.527606, 6.337082], [-75.527445, 6.337066], [-75.527005, 6.337084], [-75.526535, 6.337111], [-75.526175, 6.33714], [-75.526079, 6.337155], [-75.525895, 6.337201], [-75.525781, 6.337231], [-75.525594, 6.33728], [-75.524918, 6.337454], [-75.524349, 6.337593], [-75.524086, 6.337664], [-75.524001, 6.337693], [-75.523939, 6.337724], [-75.523867, 6.337769], [-75.523807, 6.337815], [-75.523661, 6.337945], [-75.523525, 6.338074], [-75.523312, 6.338258], [-75.523063, 6.338438], [-75.522875, 6.338533], [-75.522719, 6.338602], [-75.522614, 6.338637], [-75.522498, 6.338668], [-75.522194, 6.338736], [-75.521888, 6.338788], [-75.52169, 6.338819], [-75.521547, 6.338849], [-75.521389, 6.338906], [-75.521239, 6.338969], [-75.52106, 6.33904], [-75.520905, 6.33912], [-75.520848, 6.339149], [-75.520694, 6.339225], [-75.520531, 6.339305], [-75.520368, 6.339367], [-75.520274, 6.339403], [-75.520202, 6.339438], [-75.520144, 6.339483], [-75.520103, 6.339527], [-75.520061, 6.339595], [-75.520008, 6.339739], [-75.519907, 6.340011], [-75.519839, 6.340139], [-75.519762, 6.340256], [-75.519623, 6.340435], [-75.519556, 6.340528], [-75.519518, 6.340644], [-75.519515, 6.340752], [-75.519512, 6.340973], [-75.519504, 6.341192], [-75.519477, 6.341393], [-75.519461, 6.341528], [-75.51939, 6.341867], [-75.519325, 6.342043], [-75.519223, 6.342211], [-75.51914, 6.342312], [-75.519086, 6.342343], [-75.519029, 6.342376], [-75.51877, 6.342463], [-75.518633, 6.342517], [-75.518526, 6.342576], [-75.518416, 6.342652], [-75.518189, 6.342845], [-75.517978, 6.343007], [-75.517815, 6.343119], [-75.517262, 6.343466], [-75.517032, 6.343703], [-75.516593, 6.344049], [-75.51645, 6.344102], [-75.516227, 6.344145], [-75.515485, 6.344235], [-75.515029, 6.344315], [-75.514524, 6.344482], [-75.514463, 6.344502], [-75.513872, 6.344701], [-75.513735, 6.344746], [-75.51292, 6.345035], [-75.512188, 6.345291], [-75.512117, 6.345316], [-75.511639, 6.34547], [-75.511424, 6.345541], [-75.511351, 6.34556], [-75.510879, 6.345681], [-75.510814, 6.345693], [-75.510686, 6.345715], [-75.510549, 6.345744], [-75.509637, 6.345959], [-75.509654, 6.346013], [-75.509816, 6.346587], [-75.509819, 6.3466], [-75.509856, 6.346758], [-75.509846, 6.346766], [-75.509829, 6.346779], [-75.509465, 6.347063], [-75.509451, 6.347073], [-75.509435, 6.347086], [-75.509224, 6.34725], [-75.50903, 6.347402], [-75.50899, 6.347433], [-75.508801, 6.34758], [-75.508714, 6.347649], [-75.508686, 6.347671], [-75.508603, 6.347735], [-75.508364, 6.347921], [-75.508333, 6.347945], [-75.508302, 6.347969], [-75.507927, 6.348262], [-75.507904, 6.34828], [-75.507879, 6.3483], [-75.507564, 6.348545], [-75.507415, 6.348661], [-75.507387, 6.348683], [-75.507352, 6.348706], [-75.507371, 6.348732], [-75.507437, 6.348836], [-75.507501, 6.348967], [-75.507537, 6.349089], [-75.507532, 6.349311], [-75.507509, 6.349422], [-75.507501, 6.349455], [-75.507451, 6.349688], [-75.507407, 6.349839], [-75.507304, 6.35031], [-75.50728, 6.350425], [-75.507243, 6.350434], [-75.507023, 6.350504], [-75.506811, 6.350594], [-75.506609, 6.350706], [-75.50642, 6.350836], [-75.506244, 6.350985], [-75.506084, 6.35115], [-75.505963, 6.351253], [-75.505736, 6.351453], [-75.505354, 6.351795], [-75.505301, 6.351837], [-75.505198, 6.351869], [-75.505093, 6.351912], [-75.504884, 6.351977], [-75.504083, 6.352209], [-75.503942, 6.352265], [-75.50384, 6.352328], [-75.503736, 6.352423], [-75.50363, 6.352569], [-75.503207, 6.352694], [-75.502932, 6.352788], [-75.502706, 6.352905], [-75.502524, 6.353036], [-75.502377, 6.353187], [-75.501945, 6.353671], [-75.501727, 6.353922], [-75.501573, 6.35412], [-75.50137, 6.35442], [-75.501232, 6.35468], [-75.501056, 6.35507], [-75.500964, 6.355294], [-75.500885, 6.355526], [-75.500617, 6.35636], [-75.500532, 6.356643], [-75.500463, 6.356827], [-75.500411, 6.356931], [-75.50035, 6.357039], [-75.500258, 6.357173], [-75.500106, 6.357383], [-75.500009, 6.357451], [-75.499919, 6.357524], [-75.4998, 6.357653], [-75.499569, 6.357937], [-75.4994, 6.358133], [-75.499343, 6.358175], [-75.499266, 6.358211], [-75.499183, 6.358231], [-75.499064, 6.35823], [-75.498976, 6.358208], [-75.499049, 6.358282], [-75.499085, 6.358346], [-75.499104, 6.358408], [-75.499109, 6.358483], [-75.499097, 6.358558], [-75.49906, 6.35864], [-75.498866, 6.358923], [-75.498732, 6.359127], [-75.498672, 6.359242], [-75.498645, 6.359321], [-75.498622, 6.359397], [-75.498555, 6.359457], [-75.498456, 6.359518], [-75.498357, 6.359574], [-75.498239, 6.359631], [-75.497596, 6.359952], [-75.497483, 6.359996], [-75.497447, 6.360009], [-75.496702, 6.360305], [-75.495599, 6.36091], [-75.495322, 6.361075], [-75.495054, 6.361263], [-75.494793, 6.361461], [-75.494679, 6.361556], [-75.494394, 6.361794], [-75.494014, 6.362149], [-75.493778, 6.362299], [-75.493434, 6.362519], [-75.493275, 6.362655], [-75.49314, 6.362818], [-75.493026, 6.363039], [-75.492826, 6.363616], [-75.492723, 6.363831], [-75.492536, 6.364155], [-75.492461, 6.364317], [-75.492398, 6.364527], [-75.492286, 6.365128], [-75.492239, 6.365406], [-75.492154, 6.365661], [-75.492027, 6.365897], [-75.49185, 6.366109], [-75.491673, 6.366259], [-75.49134, 6.366473], [-75.491062, 6.366665], [-75.490814, 6.366876], [-75.490669, 6.36705], [-75.490581, 6.367199], [-75.490488, 6.367443], [-75.490423, 6.367754], [-75.490396, 6.367885], [-75.490352, 6.368125], [-75.490255, 6.36856], [-75.490163, 6.368832], [-75.489935, 6.369368], [-75.489806, 6.369725], [-75.48975, 6.369949], [-75.489716, 6.370231], [-75.489721, 6.3705], [-75.489712, 6.370828], [-75.489707, 6.371156], [-75.48966, 6.371403], [-75.489548, 6.371645], [-75.489391, 6.371847], [-75.488219, 6.373096], [-75.487962, 6.373296], [-75.487256, 6.373654], [-75.486537, 6.374001], [-75.486301, 6.374154], [-75.485999, 6.374379], [-75.484873, 6.375382], [-75.484703, 6.375542], [-75.484459, 6.375814], [-75.484286, 6.376094], [-75.484197, 6.376221], [-75.483984, 6.3766], [-75.483841, 6.376835], [-75.483612, 6.377198], [-75.483567, 6.377283], [-75.483511, 6.377374], [-75.482896, 6.378412], [-75.482701, 6.378658], [-75.482423, 6.378954], [-75.482108, 6.379262], [-75.481865, 6.379449], [-75.481595, 6.379642], [-75.481475, 6.379707], [-75.481279, 6.379813], [-75.481135, 6.379881], [-75.480906, 6.379958], [-75.480347, 6.380144], [-75.480212, 6.380192], [-75.480072, 6.380235], [-75.479809, 6.380315], [-75.479742, 6.380328], [-75.478725, 6.380571], [-75.476168, 6.381348], [-75.474938, 6.381683], [-75.474787, 6.381724], [-75.473186, 6.382238], [-75.472374, 6.382472], [-75.471975, 6.382574], [-75.471579, 6.382666], [-75.471369, 6.382706], [-75.471148, 6.382737], [-75.4706, 6.382818], [-75.470233, 6.382862], [-75.469782, 6.382917], [-75.468973, 6.38301], [-75.468174, 6.383113], [-75.46803, 6.383124], [-75.467429, 6.383204], [-75.466795, 6.383283], [-75.466256, 6.383407], [-75.465473, 6.383641], [-75.464942, 6.383782], [-75.464253, 6.383934], [-75.464021, 6.383984], [-75.463688, 6.384019], [-75.463079, 6.384041], [-75.461884, 6.384047], [-75.461451, 6.384041], [-75.460358, 6.384056], [-75.459075, 6.384064], [-75.458571, 6.384065], [-75.457862, 6.384068], [-75.457492, 6.384078], [-75.457127, 6.384091], [-75.456947, 6.384119], [-75.456818, 6.384154], [-75.456702, 6.384186], [-75.456507, 6.384289], [-75.456087, 6.384558], [-75.455825, 6.384721], [-75.455581, 6.38486], [-75.455352, 6.384949], [-75.455221, 6.384979], [-75.454944, 6.385031], [-75.454845, 6.385053], [-75.454708, 6.385084], [-75.454517, 6.385152], [-75.454352, 6.385245], [-75.454178, 6.385354], [-75.453923, 6.385547], [-75.453145, 6.386141], [-75.452856, 6.386359], [-75.452735, 6.386439], [-75.452597, 6.386522], [-75.452413, 6.386631], [-75.452276, 6.386708], [-75.45178, 6.386899], [-75.451115, 6.387184], [-75.450479, 6.387432], [-75.450206, 6.387521], [-75.449983, 6.387609], [-75.449816, 6.387684], [-75.449649, 6.387769], [-75.449521, 6.387841], [-75.449201, 6.388048], [-75.448325, 6.388669], [-75.448088, 6.388837], [-75.447426, 6.389312], [-75.44716, 6.389505], [-75.447062, 6.389577], [-75.446696, 6.389873], [-75.446274, 6.390253], [-75.445214, 6.391361], [-75.444839, 6.391759], [-75.44422, 6.392384], [-75.444065, 6.392521], [-75.443896, 6.392681], [-75.443731, 6.392807], [-75.443575, 6.392918], [-75.443363, 6.393041], [-75.44297, 6.393217], [-75.442206, 6.39356], [-75.44133, 6.39401], [-75.440818, 6.39424], [-75.440735, 6.394277], [-75.440174, 6.394579], [-75.43988, 6.394746], [-75.43931, 6.395078], [-75.438904, 6.395329], [-75.438588, 6.395521], [-75.438056, 6.395861], [-75.438041, 6.39587], [-75.438028, 6.395879], [-75.437346, 6.396256], [-75.436972, 6.39648], [-75.436659, 6.396668], [-75.436387, 6.396835], [-75.436127, 6.396994], [-75.435898, 6.397129], [-75.435747, 6.397212], [-75.43561, 6.397287], [-75.435442, 6.397382], [-75.435019, 6.397625], [-75.434844, 6.397737], [-75.434665, 6.397846], [-75.434504, 6.397968], [-75.434359, 6.398087], [-75.433952, 6.398497], [-75.43375, 6.398738], [-75.433533, 6.398976], [-75.433383, 6.399135], [-75.43312, 6.399372], [-75.432962, 6.399502], [-75.43292, 6.399537], [-75.432879, 6.399572], [-75.432605, 6.399805], [-75.432124, 6.400163], [-75.432007, 6.400256], [-75.431843, 6.400371], [-75.431625, 6.400541], [-75.431347, 6.400782], [-75.431101, 6.401007], [-75.430882, 6.401228], [-75.430616, 6.401478], [-75.430313, 6.401772], [-75.430074, 6.402001], [-75.429835, 6.402254], [-75.429283, 6.402763], [-75.428025, 6.404035], [-75.427804, 6.404257], [-75.427331, 6.404734], [-75.426571, 6.405533], [-75.425911, 6.40622], [-75.425332, 6.406785], [-75.425081, 6.40703], [-75.424383, 6.407691], [-75.424035, 6.408036], [-75.423755, 6.408335], [-75.423531, 6.408533], [-75.423219, 6.408773], [-75.423015, 6.408887], [-75.422847, 6.408973], [-75.422694, 6.409032], [-75.422514, 6.409108], [-75.422158, 6.409242], [-75.421909, 6.409319], [-75.41649, 6.411133], [-75.415352, 6.41145], [-75.415033, 6.411544], [-75.414804, 6.411587], [-75.41401, 6.41166], [-75.413907, 6.411669], [-75.413693, 6.411704], [-75.413526, 6.411738], [-75.413392, 6.411789], [-75.413219, 6.41186], [-75.413138, 6.411906], [-75.412328, 6.412335], [-75.412059, 6.41245], [-75.411894, 6.412509], [-75.411637, 6.412603], [-75.408813, 6.41311], [-75.408475, 6.413178], [-75.407908, 6.413309], [-75.407579, 6.413413], [-75.407345, 6.413512], [-75.401787, 6.416306], [-75.401581, 6.416399], [-75.401358, 6.416473], [-75.401154, 6.416519], [-75.400921, 6.416546], [-75.400668, 6.416547], [-75.400442, 6.416523], [-75.399771, 6.416393], [-75.399631, 6.416351], [-75.39897, 6.416083], [-75.398823, 6.416021], [-75.398654, 6.415973], [-75.398516, 6.415948], [-75.398249, 6.415957], [-75.397995, 6.41598], [-75.397607, 6.416033], [-75.397377, 6.416073], [-75.397325, 6.41608], [-75.396958, 6.416149], [-75.39658, 6.416188], [-75.395813, 6.416223], [-75.394075, 6.416263], [-75.3937, 6.416278], [-75.392553, 6.41633], [-75.39229, 6.416325], [-75.392019, 6.416301], [-75.391804, 6.416262], [-75.391041, 6.416077], [-75.390832, 6.416029], [-75.390632, 6.416004], [-75.390416, 6.415996], [-75.390202, 6.41601], [-75.390015, 6.416039], [-75.389664, 6.416137], [-75.38932, 6.416258], [-75.388985, 6.416399], [-75.388651, 6.416554], [-75.385278, 6.417969], [-75.384819, 6.418145], [-75.384566, 6.418204], [-75.384336, 6.418218], [-75.384153, 6.418208], [-75.383956, 6.418166], [-75.382607, 6.417649], [-75.382316, 6.417607], [-75.382041, 6.417607], [-75.381814, 6.417651], [-75.38164, 6.417707], [-75.381023, 6.41798], [-75.380807, 6.418038], [-75.380596, 6.418073], [-75.380366, 6.418078], [-75.380129, 6.418043], [-75.378851, 6.417607], [-75.378159, 6.417399], [-75.377873, 6.417373], [-75.377774, 6.417364], [-75.377483, 6.417367], [-75.377186, 6.41742], [-75.377103, 6.417441], [-75.376324, 6.417702], [-75.376031, 6.417793], [-75.375726, 6.417833], [-75.374877, 6.417863], [-75.374475, 6.417898], [-75.374246, 6.417949], [-75.373211, 6.41825], [-75.37303, 6.418261], [-75.372787, 6.418254], [-75.372131, 6.418182], [-75.371961, 6.418186], [-75.371759, 6.418222], [-75.371512, 6.418308], [-75.371315, 6.418409], [-75.371164, 6.418503], [-75.370506, 6.418992], [-75.370005, 6.419504], [-75.369809, 6.419668], [-75.36961, 6.419782], [-75.369152, 6.419975], [-75.369, 6.420045], [-75.368846, 6.420123], [-75.368706, 6.420224], [-75.368383, 6.420475], [-75.368239, 6.420574], [-75.368093, 6.420661], [-75.367926, 6.420726], [-75.367728, 6.420782], [-75.367321, 6.420841], [-75.367205, 6.420867], [-75.367009, 6.420911], [-75.366826, 6.420976], [-75.366627, 6.421093], [-75.366468, 6.421216], [-75.366001, 6.421638], [-75.365852, 6.421748], [-75.36566, 6.421859], [-75.365454, 6.421932], [-75.365244, 6.421986], [-75.36492, 6.422022], [-75.364826, 6.422032], [-75.364615, 6.422073], [-75.364412, 6.422131], [-75.364225, 6.422215], [-75.363936, 6.422357], [-75.363787, 6.422441], [-75.363728, 6.422474], [-75.36358, 6.422567], [-75.363447, 6.422668], [-75.363305, 6.422785], [-75.363067, 6.423025], [-75.362775, 6.423318], [-75.362625, 6.423445], [-75.36249, 6.423558], [-75.361803, 6.423921], [-75.361727, 6.423972], [-75.361637, 6.424032], [-75.361471, 6.424166], [-75.36134, 6.4243], [-75.360853, 6.42493], [-75.360826, 6.424964], [-75.360375, 6.42551], [-75.360349, 6.425542], [-75.360344, 6.425548], [-75.36029, 6.425616], [-75.360157, 6.425832], [-75.360053, 6.426052], [-75.360015, 6.426221], [-75.359946, 6.426867], [-75.359924, 6.426946], [-75.359843, 6.427128], [-75.359672, 6.427342], [-75.359495, 6.4275], [-75.359296, 6.427605], [-75.359007, 6.427677], [-75.358789, 6.427669], [-75.358586, 6.427623], [-75.357462, 6.427259], [-75.357268, 6.42721], [-75.35701, 6.427219], [-75.356776, 6.427259], [-75.356529, 6.427381], [-75.356378, 6.427487], [-75.356214, 6.427658], [-75.355806, 6.428264], [-75.355666, 6.428401], [-75.355494, 6.428499], [-75.355289, 6.428577], [-75.354963, 6.428652], [-75.354721, 6.428705], [-75.354472, 6.428785], [-75.354254, 6.428884], [-75.353948, 6.429066], [-75.353616, 6.429308], [-75.353437, 6.429474], [-75.35337, 6.429563], [-75.353207, 6.429777], [-75.352956, 6.43021], [-75.352836, 6.430377], [-75.352701, 6.430504], [-75.352674, 6.430529], [-75.352409, 6.430665], [-75.351744, 6.430888], [-75.351677, 6.43091], [-75.351488, 6.43099], [-75.351348, 6.431075], [-75.351198, 6.431204], [-75.350838, 6.431629], [-75.350715, 6.431751], [-75.350577, 6.431848], [-75.35039, 6.431921], [-75.350208, 6.431966], [-75.35006, 6.431978], [-75.34921, 6.431899], [-75.348991, 6.431916], [-75.348815, 6.431967], [-75.348644, 6.432044], [-75.348497, 6.432131], [-75.347876, 6.432574], [-75.347703, 6.432731], [-75.347605, 6.432837], [-75.347486, 6.433028], [-75.34732, 6.433363], [-75.347238, 6.433525], [-75.347156, 6.433643], [-75.347042, 6.43377], [-75.346317, 6.434328], [-75.345852, 6.43484], [-75.345696, 6.434986], [-75.34553, 6.435097], [-75.345373, 6.435175], [-75.345163, 6.435248], [-75.344988, 6.435279], [-75.344694, 6.435288], [-75.344407, 6.435269], [-75.344148, 6.435231], [-75.343862, 6.43518], [-75.343521, 6.435092], [-75.343065, 6.434925], [-75.342874, 6.434882], [-75.342698, 6.43488], [-75.342457, 6.434879], [-75.342148, 6.434929], [-75.341978, 6.434976], [-75.341692, 6.435064], [-75.341357, 6.435189], [-75.341317, 6.435215], [-75.341171, 6.4353], [-75.341014, 6.435434], [-75.34089, 6.435552], [-75.340734, 6.43574], [-75.340414, 6.436188], [-75.340329, 6.436297], [-75.340224, 6.436415], [-75.340077, 6.436558], [-75.339882, 6.436708], [-75.339712, 6.436808], [-75.339213, 6.437048], [-75.339081, 6.437121], [-75.338925, 6.43723], [-75.338747, 6.43739], [-75.33861, 6.437536], [-75.338483, 6.437741], [-75.338386, 6.43796], [-75.338217, 6.43837], [-75.338068, 6.438768], [-75.338021, 6.438955], [-75.337991, 6.43912], [-75.337984, 6.439257], [-75.337981, 6.439454], [-75.338007, 6.439666], [-75.338153, 6.440227], [-75.338299, 6.440788], [-75.338329, 6.440948], [-75.338342, 6.441198], [-75.338327, 6.443469], [-75.338316, 6.443637], [-75.338297, 6.443795], [-75.338238, 6.444021], [-75.338171, 6.44419], [-75.33808, 6.44437], [-75.337956, 6.444546], [-75.337802, 6.444714], [-75.337562, 6.444907], [-75.336876, 6.445401], [-75.336573, 6.445619], [-75.336502, 6.44567], [-75.336358, 6.445774], [-75.336203, 6.445886], [-75.334279, 6.44727], [-75.332678, 6.44851], [-75.332574, 6.448591], [-75.33232, 6.448777], [-75.331959, 6.449012], [-75.331722, 6.449162], [-75.330947, 6.449541], [-75.330908, 6.44956], [-75.330605, 6.4497], [-75.330389, 6.449814], [-75.33024, 6.449886], [-75.329728, 6.450188], [-75.328986, 6.450625], [-75.328628, 6.450837], [-75.327743, 6.451455], [-75.327372, 6.451828], [-75.325699, 6.454229], [-75.325151, 6.454934], [-75.324901, 6.455174], [-75.324682, 6.455317], [-75.324289, 6.455491], [-75.324106, 6.455555], [-75.323872, 6.455591], [-75.323521, 6.455611], [-75.323219, 6.455583], [-75.320504, 6.45491], [-75.320194, 6.454887], [-75.316118, 6.455001], [-75.315826, 6.455003], [-75.315519, 6.454944], [-75.314093, 6.454524], [-75.313459, 6.454443], [-75.312807, 6.454541], [-75.31228, 6.454764], [-75.311128, 6.45564], [-75.310785, 6.455831], [-75.310312, 6.455997], [-75.309708, 6.456119], [-75.309212, 6.456249], [-75.308705, 6.456499], [-75.308454, 6.456726], [-75.3083, 6.456865], [-75.307931, 6.457198], [-75.30749, 6.45758], [-75.307094, 6.457788], [-75.305923, 6.458257], [-75.30539, 6.458492], [-75.304761, 6.458768], [-75.303631, 6.459527], [-75.303057, 6.459764], [-75.302423, 6.459935], [-75.302317, 6.459951], [-75.301892, 6.45996], [-75.301714, 6.459932], [-75.301303, 6.459866], [-75.301248, 6.459857], [-75.300429, 6.459724], [-75.29977, 6.459773], [-75.299202, 6.46003], [-75.299108, 6.460072], [-75.298753, 6.460357], [-75.29849, 6.460568], [-75.295868, 6.463074], [-75.295451, 6.463299], [-75.295017, 6.463455], [-75.293404, 6.463884], [-75.292808, 6.464181], [-75.292467, 6.464469], [-75.292295, 6.464614], [-75.291738, 6.465309], [-75.290305, 6.467351], [-75.288976, 6.468743], [-75.288703, 6.4691], [-75.288514, 6.46948], [-75.288089, 6.470658], [-75.287927, 6.47111], [-75.287582, 6.472065], [-75.287391, 6.472596], [-75.28722, 6.47301], [-75.286967, 6.473423], [-75.285312, 6.475971], [-75.284945, 6.476427], [-75.28447, 6.476787], [-75.283965, 6.477006], [-75.28205, 6.477426], [-75.281475, 6.477521], [-75.280267, 6.477665], [-75.279843, 6.477761], [-75.279407, 6.477909], [-75.279272, 6.477956], [-75.279022, 6.4781], [-75.278807, 6.478223], [-75.27806, 6.478868], [-75.27764, 6.479237], [-75.277036, 6.479682], [-75.27569, 6.480618], [-75.275082, 6.48111], [-75.274842, 6.481501], [-75.274645, 6.482018], [-75.27455, 6.482672], [-75.274521, 6.483146], [-75.274312, 6.483863], [-75.274148, 6.484206], [-75.273983, 6.484473], [-75.272845, 6.486253], [-75.271803, 6.488016], [-75.271584, 6.488399], [-75.271052, 6.489096], [-75.270848, 6.489342], [-75.269885, 6.49021], [-75.269546, 6.490517], [-75.26907, 6.490944], [-75.268758, 6.491228], [-75.268491, 6.491553], [-75.268273, 6.491913], [-75.26793, 6.492505], [-75.2668, 6.494466], [-75.266555, 6.495169], [-75.266371, 6.495805], [-75.266029, 6.497045], [-75.265859, 6.497944], [-75.265572, 6.498486], [-75.265369, 6.498798], [-75.264469, 6.49994], [-75.264338, 6.500212], [-75.264255, 6.500485], [-75.264165, 6.500895], [-75.264231, 6.501611], [-75.264326, 6.502291], [-75.26434, 6.502583], [-75.264292, 6.502863], [-75.264162, 6.50331], [-75.263877, 6.503991], [-75.263611, 6.504563], [-75.263201, 6.505094], [-75.262992, 6.505332], [-75.26209, 6.506358], [-75.261661, 6.50678], [-75.260929, 6.507301], [-75.260836, 6.507372], [-75.260697, 6.507493], [-75.260507, 6.507707], [-75.260351, 6.507944], [-75.260226, 6.508198], [-75.260173, 6.508356], [-75.26009, 6.508768], [-75.26008, 6.509002], [-75.260096, 6.509235], [-75.260147, 6.510049], [-75.260142, 6.510234], [-75.260107, 6.510504], [-75.260042, 6.510762], [-75.25996, 6.51098], [-75.259912, 6.511081], [-75.259717, 6.511404], [-75.259541, 6.511617], [-75.259491, 6.511669], [-75.259319, 6.511829], [-75.258982, 6.512112], [-75.258113, 6.512739], [-75.257501, 6.51315], [-75.257216, 6.513358], [-75.25705, 6.51346], [-75.256342, 6.513833], [-75.255548, 6.514227], [-75.255183, 6.514419], [-75.254888, 6.514584], [-75.254717, 6.514691], [-75.254577, 6.514792], [-75.254464, 6.514899], [-75.25344, 6.516029], [-75.252995, 6.516498], [-75.252893, 6.51661], [-75.252753, 6.516716], [-75.252619, 6.516791], [-75.252469, 6.516865], [-75.251712, 6.517228], [-75.251434, 6.517404], [-75.25124, 6.517553], [-75.251063, 6.517713], [-75.25094, 6.517862], [-75.250784, 6.518075], [-75.250677, 6.518278], [-75.250591, 6.518475], [-75.250527, 6.518747], [-75.250473, 6.518971], [-75.250436, 6.51928], [-75.250409, 6.519674], [-75.250382, 6.519909], [-75.250318, 6.520186], [-75.2502, 6.520564], [-75.250103, 6.520756], [-75.249948, 6.521033], [-75.249701, 6.52139], [-75.24939, 6.521785], [-75.248944, 6.522339], [-75.248413, 6.523027], [-75.248086, 6.523458], [-75.247907, 6.523696], [-75.247702, 6.523913], [-75.247474, 6.524105], [-75.247225, 6.52427], [-75.246959, 6.524405], [-75.246505, 6.52467], [-75.246215, 6.524814], [-75.245934, 6.524984], [-75.245771, 6.525145], [-75.245609, 6.525316], [-75.245466, 6.525502], [-75.245343, 6.525702], [-75.245241, 6.525914], [-75.245161, 6.526135], [-75.245105, 6.526363], [-75.245073, 6.526595], [-75.245065, 6.52683], [-75.245081, 6.527064], [-75.245122, 6.527295], [-75.245227, 6.527711], [-75.245291, 6.528015], [-75.245334, 6.528282], [-75.24534, 6.528575], [-75.245329, 6.528804], [-75.245286, 6.52906], [-75.245195, 6.529316], [-75.245077, 6.529566], [-75.244926, 6.529822], [-75.244755, 6.530008], [-75.244546, 6.530227], [-75.244326, 6.530397], [-75.243972, 6.530611], [-75.242759, 6.531367], [-75.24226, 6.531714], [-75.24204, 6.531874], [-75.241896, 6.532018], [-75.241778, 6.532167], [-75.241606, 6.532433], [-75.24143, 6.532743], [-75.241361, 6.532906], [-75.241278, 6.533062], [-75.241184, 6.533211], [-75.241077, 6.533353], [-75.240959, 6.533485], [-75.240831, 6.533607], [-75.240694, 6.533719], [-75.240548, 6.53382], [-75.240394, 6.533908], [-75.24012, 6.534039], [-75.239948, 6.5341], [-75.239645, 6.534164], [-75.23928, 6.534236], [-75.238857, 6.534332], [-75.238524, 6.534433], [-75.238347, 6.534513], [-75.238143, 6.53462], [-75.237972, 6.534753], [-75.237794, 6.534913], [-75.237591, 6.535147], [-75.237451, 6.53535], [-75.237376, 6.535489], [-75.23721, 6.535899], [-75.236915, 6.536752], [-75.236689, 6.537396], [-75.236652, 6.537599], [-75.236614, 6.537834], [-75.236604, 6.538047], [-75.236609, 6.538249], [-75.236636, 6.53858], [-75.236657, 6.538835], [-75.236663, 6.539139], [-75.236663, 6.539384], [-75.236652, 6.539576], [-75.236602, 6.539996], [-75.236471, 6.54111], [-75.236368, 6.5415], [-75.236298, 6.541729], [-75.23618, 6.542007], [-75.236046, 6.542252], [-75.235901, 6.542454], [-75.235622, 6.542769], [-75.235147, 6.543282], [-75.234888, 6.54355], [-75.234184, 6.544335], [-75.234029, 6.544559], [-75.233916, 6.544757], [-75.233836, 6.544932], [-75.233734, 6.545236], [-75.23361, 6.545849], [-75.233522, 6.546217], [-75.233388, 6.546547], [-75.23327, 6.546755], [-75.233082, 6.547006], [-75.232835, 6.547331], [-75.232507, 6.54775], [-75.232264, 6.54805], [-75.232073, 6.548279], [-75.231805, 6.548551], [-75.231542, 6.548727], [-75.23122, 6.548882], [-75.230904, 6.548977], [-75.230593, 6.549015], [-75.230298, 6.54902], [-75.22989, 6.548977], [-75.229557, 6.548924], [-75.229316, 6.548903], [-75.22908, 6.548908], [-75.228812, 6.548924], [-75.22849, 6.548961], [-75.228168, 6.548999], [-75.22797, 6.549009], [-75.227701, 6.548993], [-75.227299, 6.54894], [-75.22694, 6.548882], [-75.226741, 6.548855], [-75.226543, 6.548834], [-75.226333, 6.548823], [-75.226049, 6.548828], [-75.225695, 6.548834], [-75.225373, 6.548844], [-75.225159, 6.548844], [-75.224928, 6.548823], [-75.224687, 6.548786], [-75.224193, 6.548711], [-75.223796, 6.548647], [-75.223453, 6.548599], [-75.223206, 6.548578], [-75.222873, 6.548583], [-75.222525, 6.548594], [-75.222203, 6.548604], [-75.221854, 6.54862], [-75.221463, 6.548615], [-75.2212, 6.548588], [-75.220899, 6.548535], [-75.220261, 6.548386], [-75.219408, 6.548183], [-75.218635, 6.548002], [-75.218094, 6.547869], [-75.217804, 6.547826], [-75.217616, 6.547816], [-75.217289, 6.547816], [-75.216586, 6.54789], [-75.21612, 6.547944], [-75.215752, 6.547986], [-75.215363, 6.548039], [-75.215127, 6.548095], [-75.214945, 6.548149], [-75.214719, 6.548239], [-75.214473, 6.548373], [-75.214167, 6.548559], [-75.214085, 6.548614], [-75.213775, 6.54882], [-75.213309, 6.549129], [-75.212241, 6.549849], [-75.211324, 6.550467], [-75.210721, 6.55086], [-75.210669, 6.550893], [-75.210488, 6.551009], [-75.209863, 6.551401], [-75.209553, 6.551553], [-75.209212, 6.551693], [-75.208829, 6.551819], [-75.208758, 6.551836], [-75.207966, 6.552029], [-75.207616, 6.552103], [-75.207373, 6.552155], [-75.206844, 6.552268], [-75.206432, 6.552314], [-75.206228, 6.552344], [-75.205986, 6.552357], [-75.205718, 6.55234], [-75.205469, 6.552295], [-75.20505, 6.55215], [-75.204627, 6.552016], [-75.201212, 6.55079], [-75.20087, 6.550672], [-75.200583, 6.550536], [-75.198817, 6.549703], [-75.1986, 6.549636], [-75.198338, 6.5496], [-75.198087, 6.549588], [-75.197697, 6.549632], [-75.196498, 6.549961], [-75.196213, 6.550035], [-75.196002, 6.550068], [-75.195719, 6.550095], [-75.195439, 6.550075], [-75.195091, 6.550008], [-75.194794, 6.549889], [-75.194508, 6.549747], [-75.194209, 6.549496], [-75.192873, 6.548285], [-75.192537, 6.548075], [-75.192177, 6.54794], [-75.191933, 6.547894], [-75.191525, 6.547892], [-75.190119, 6.548159], [-75.190009, 6.548181], [-75.189577, 6.548268], [-75.189086, 6.548367], [-75.188846, 6.548396], [-75.188449, 6.548427], [-75.188324, 6.548429], [-75.18815, 6.548432], [-75.186708, 6.548429], [-75.186507, 6.548448], [-75.18628, 6.548501], [-75.185767, 6.548676], [-75.184974, 6.548986], [-75.184679, 6.549037], [-75.184352, 6.549034], [-75.184, 6.548994], [-75.183735, 6.548922], [-75.182335, 6.548353], [-75.182064, 6.548316], [-75.181837, 6.548301], [-75.181393, 6.548339], [-75.179712, 6.548676], [-75.178633, 6.548893], [-75.17834, 6.548927], [-75.178175, 6.548946], [-75.177641, 6.548978], [-75.177006, 6.549023], [-75.176461, 6.54905], [-75.175412, 6.549106], [-75.174098, 6.549186], [-75.173809, 6.549177], [-75.173524, 6.549123], [-75.173077, 6.548999], [-75.172706, 6.54884], [-75.172269, 6.548593], [-75.171613, 6.548044], [-75.171365, 6.547742], [-75.170793, 6.546904], [-75.170597, 6.546689], [-75.170394, 6.546477], [-75.170026, 6.546223], [-75.169718, 6.546058], [-75.169299, 6.545906], [-75.16892, 6.545827], [-75.167791, 6.545717], [-75.167442, 6.545657], [-75.167095, 6.545585], [-75.16579, 6.545182], [-75.165505, 6.545136], [-75.165122, 6.545121], [-75.163938, 6.5452], [-75.163361, 6.545182], [-75.162686, 6.545047], [-75.161106, 6.544547], [-75.161026, 6.54453], [-75.16086, 6.544501], [-75.159973, 6.544348], [-75.159765, 6.54432], [-75.159109, 6.544215], [-75.122908, 6.534533], [-75.122548, 6.534389], [-75.122407, 6.534323], [-75.122306, 6.534276], [-75.121901, 6.534039], [-75.121416, 6.533781], [-75.120988, 6.533582], [-75.120582, 6.533409], [-75.120086, 6.533328], [-75.119861, 6.533304], [-75.119587, 6.533299], [-75.119104, 6.533365], [-75.117789, 6.533657], [-75.116142, 6.534026], [-75.115765, 6.534058], [-75.115451, 6.534049], [-75.115093, 6.534003], [-75.114708, 6.53391], [-75.114044, 6.533709], [-75.113842, 6.533667], [-75.113629, 6.533637], [-75.113245, 6.533608], [-75.112994, 6.533607], [-75.11264, 6.533644], [-75.112431, 6.533693], [-75.112246, 6.533752], [-75.111989, 6.533841], [-75.111216, 6.534114], [-75.108915, 6.535031], [-75.108421, 6.535167], [-75.108115, 6.535239], [-75.107794, 6.535292], [-75.106447, 6.535565], [-75.106187, 6.535618], [-75.10597, 6.535666], [-75.105028, 6.535812], [-75.104559, 6.535873], [-75.104242, 6.535881], [-75.103896, 6.535854], [-75.102799, 6.53572], [-75.101954, 6.53566], [-75.101541, 6.535654], [-75.10115, 6.535702], [-75.100267, 6.535884], [-75.09965, 6.536033], [-75.098379, 6.536352], [-75.098046, 6.536399], [-75.097816, 6.536413], [-75.097443, 6.536406], [-75.097064, 6.53636], [-75.096816, 6.536309], [-75.09651, 6.536221], [-75.093614, 6.535407], [-75.091716, 6.535315], [-75.091341, 6.5353], [-75.090923, 6.535308], [-75.090422, 6.535368], [-75.090155, 6.535378], [-75.08987, 6.535375], [-75.089659, 6.535363], [-75.089239, 6.535315], [-75.088777, 6.535225], [-75.087266, 6.534875], [-75.086624, 6.534751], [-75.086115, 6.534647], [-75.085665, 6.534538], [-75.085556, 6.534519], [-75.0851, 6.534479], [-75.084627, 6.534473], [-75.084155, 6.5345], [-75.083686, 6.534567], [-75.083222, 6.534658], [-75.082755, 6.534759], [-75.082308, 6.534875], [-75.081985, 6.53499], [-75.081391, 6.535231], [-75.081026, 6.535415], [-75.080647, 6.535566], [-75.080256, 6.535683], [-75.079856, 6.535766], [-75.07945, 6.535814], [-75.079042, 6.535827], [-75.078634, 6.535804], [-75.078229, 6.535746], [-75.077954, 6.535785], [-75.07791, 6.535799], [-75.077872, 6.535825], [-75.077843, 6.53586], [-75.077826, 6.535902], [-75.077821, 6.535951], [-75.077831, 6.535993], [-75.077853, 6.536034], [-75.07789, 6.536068], [-75.077931, 6.536088], [-75.078018, 6.536123], [-75.078048, 6.536169], [-75.078147, 6.536183], [-75.078985, 6.536272], [-75.079159, 6.536283], [-75.079401, 6.536293], [-75.079562, 6.536298], [-75.08007, 6.536345], [-75.080712, 6.5364], [-75.080896, 6.536419], [-75.081049, 6.536431], [-75.081412, 6.53646], [-75.081689, 6.536464], [-75.081911, 6.536441], [-75.082116, 6.536432], [-75.08229, 6.536447], [-75.082494, 6.536502], [-75.082682, 6.536553], [-75.082839, 6.536566], [-75.082991, 6.536559], [-75.083151, 6.53653], [-75.083266, 6.536496], [-75.083375, 6.536464], [-75.083539, 6.536415], [-75.083735, 6.536377], [-75.083877, 6.536371], [-75.084092, 6.5364], [-75.08431, 6.536475], [-75.084555, 6.536588], [-75.084801, 6.536696], [-75.085032, 6.536848], [-75.085142, 6.536959], [-75.085221, 6.537046], [-75.085319, 6.53717], [-75.085339, 6.537215], [-75.085341, 6.537252], [-75.08526, 6.537491], [-75.085243, 6.537554], [-75.085242, 6.537597], [-75.085248, 6.537641], [-75.085279, 6.537731], [-75.085293, 6.537847], [-75.085289, 6.537934], [-75.085277, 6.537975], [-75.085256, 6.538005], [-75.085195, 6.538029], [-75.085117, 6.538051], [-75.085028, 6.538065], [-75.085001, 6.538091], [-75.084981, 6.538113], [-75.084984, 6.538153], [-75.085001, 6.538231], [-75.085064, 6.53832], [-75.08519, 6.538427], [-75.08529, 6.53851], [-75.085388, 6.538557], [-75.085488, 6.538591], [-75.086269, 6.538578], [-75.086497, 6.538548], [-75.08661, 6.538524], [-75.087167, 6.538358]]}","[{'lat': 6.269728, 'lon': -75.602035, 'type': 'depart', 'modifier': 'left', 'distance_m': 140.3, 'duration_s': 21.3, 'instruction': 'Carrera 86'}, {'lat': 6.269998, 'lon': -75.601116, 'type': 'turn', 'modifier': 'right', 'distance_m': 67.4, 'duration_s': 6, 'instruction': 'Calle 53D'}, {'lat': 6.269837, 'lon': -75.600552, 'type': 'new name', 'modifier': 'straight', 'distance_m': 346.8, 'duration_s': 31.1, 'instruction': 'Carrera 85D'}, {'lat': 6.270352, 'lon': -75.599774, 'type': 'new name', 'modifier': 'straight', 'distance_m': 422.6, 'duration_s': 41.2, 'instruction': 'Calle 54'}, {'lat': 6.268526, 'lon': -75.596839, 'type': 'turn', 'modifier': 'left', 'distance_m': 74.2, 'duration_s': 11.6, 'instruction': 'Carrera 81'}, {'lat': 6.269116, 'lon': -75.59652, 'type': 'turn', 'modifier': 'right', 'distance_m': 114, 'duration_s': 18.4, 'instruction': 'Calle 54A'}, {'lat': 6.268893, 'lon': -75.595514, 'type': 'turn', 'modifier': 'left', 'distance_m': 325.1, 'duration_s': 38.5, 'instruction': 'Avenida 80'}, {'lat': 6.271477, 'lon': -75.594424, 'type': 'on ramp', 'modifier': 'right', 'distance_m': 278.9, 'duration_s': 22.8, 'instruction': ''}, {'lat': 6.269527, 'lon': -75.592963, 'type': 'merge', 'modifier': 'slight left', 'distance_m': 376, 'duration_s': 15.8, 'instruction': 'Calle 57'}, {'lat': 6.267036, 'lon': -75.590655, 'type': 'new name', 'modifier': 'straight', 'distance_m': 1508.3, 'duration_s': 120.9, 'instruction': 'Calle 55'}, {'lat': 6.25868, 'lon': -75.58022, 'type': 'new name', 'modifier': 'straight', 'distance_m': 585.6, 'duration_s': 28.9, 'instruction': 'Calle 57'}, {'lat': 6.2593, 'lon': -75.575215, 'type': 'new name', 'modifier': 'straight', 'distance_m': 341.9, 'duration_s': 29.6, 'instruction': 'Avenida Carrera 64'}, {'lat': 6.261429, 'lon': -75.57415, 'type': 'turn', 'modifier': 'straight', 'distance_m': 230.8, 'duration_s': 12.8, 'instruction': 'Avenida Calle 58'}, {'lat': 6.259755, 'lon': -75.572904, 'type': 'on ramp', 'modifier': 'slight right', 'distance_m': 154.8, 'duration_s': 14.6, 'instruction': ''}, {'lat': 6.259183, 'lon': -75.573539, 'type': 'turn', 'modifier': 'right', 'distance_m': 34.8, 'duration_s': 3.2, 'instruction': ''}, {'lat': 6.259496, 'lon': -75.57354, 'type': 'merge', 'modifier': 'slight left', 'distance_m': 78.4, 'duration_s': 4.9, 'instruction': 'Avenida Carrera 62'}, {'lat': 6.260141, 'lon': -75.573246, 'type': 'off ramp', 'modifier': 'slight left', 'distance_m': 59.8, 'duration_s': 5.4, 'instruction': ''}, {'lat': 6.260679, 'lon': -75.573195, 'type': 'merge', 'modifier': 'slight left', 'distance_m': 2650.8, 'duration_s': 171.7, 'instruction': 'Avenida Carrera 62'}, {'lat': 6.283949, 'lon': -75.567771, 'type': 'new name', 'modifier': 'straight', 'distance_m': 3013.7, 'duration_s': 225.5, 'instruction': 'Avenida Carrera 63'}, {'lat': 6.30839, 'lon': -75.558395, 'type': 'fork', 'modifier': 'slight left', 'distance_m': 223.2, 'duration_s': 33.4, 'instruction': 'Avenida Carrera 63'}, {'lat': 6.310314, 'lon': -75.558404, 'type': 'new name', 'modifier': 'straight', 'distance_m': 277.2, 'duration_s': 23.8, 'instruction': 'Avenida Calle 120'}, {'lat': 6.309938, 'lon': -75.556524, 'type': 'off ramp', 'modifier': 'slight right', 'distance_m': 133.8, 'duration_s': 12, 'instruction': ''}, {'lat': 6.309798, 'lon': -75.557005, 'type': 'turn', 'modifier': 'straight', 'distance_m': 375.3, 'duration_s': 24.5, 'instruction': 'Calle 123'}, {'lat': 6.312575, 'lon': -75.555071, 'type': 'turn', 'modifier': 'slight right', 'distance_m': 119.8, 'duration_s': 7.9, 'instruction': ''}, {'lat': 6.312354, 'lon': -75.554043, 'type': 'roundabout', 'modifier': 'slight right', 'distance_m': 27, 'duration_s': 1.8, 'instruction': 'Carrera 45'}, {'lat': 6.312428, 'lon': -75.553885, 'type': 'exit roundabout', 'modifier': 'slight right', 'distance_m': 2411.3, 'duration_s': 157.1, 'instruction': 'Carrera 45'}, {'lat': 6.329796, 'lon': -75.54468, 'type': 'new name', 'modifier': 'straight', 'distance_m': 1303.8, 'duration_s': 85.2, 'instruction': 'Diagonal 44'}, {'lat': 6.334198, 'lon': -75.535419, 'type': 'new name', 'modifier': 'slight right', 'distance_m': 1698.8, 'duration_s': 111.3, 'instruction': 'Calle 50'}, {'lat': 6.338637, 'lon': -75.522614, 'type': 'new name', 'modifier': 'straight', 'distance_m': 638.7, 'duration_s': 42, 'instruction': 'Carrera 69'}, {'lat': 6.342343, 'lon': -75.519086, 'type': 'new name', 'modifier': 'straight', 'distance_m': 1137.3, 'duration_s': 80, 'instruction': 'Calle 50'}, {'lat': 6.345959, 'lon': -75.509637, 'type': 'turn', 'modifier': 'left', 'distance_m': 91.6, 'duration_s': 10.5, 'instruction': 'Carrera 53'}, {'lat': 6.346758, 'lon': -75.509856, 'type': 'turn', 'modifier': 'right', 'distance_m': 351, 'duration_s': 30.1, 'instruction': 'Calle 52'}, {'lat': 6.348706, 'lon': -75.507352, 'type': 'turn', 'modifier': 'left', 'distance_m': 198.3, 'duration_s': 19.2, 'instruction': 'Carrera 48'}, {'lat': 6.350425, 'lon': -75.50728, 'type': 'turn', 'modifier': 'right', 'distance_m': 272.3, 'duration_s': 18.1, 'instruction': ''}, {'lat': 6.351837, 'lon': -75.505301, 'type': 'on ramp', 'modifier': 'slight right', 'distance_m': 206.5, 'duration_s': 18.6, 'instruction': ''}, {'lat': 6.352569, 'lon': -75.50363, 'type': 'merge', 'modifier': 'slight left', 'distance_m': 691.8, 'duration_s': 103.8, 'instruction': 'Doble Calzada Niquia - Hatillo'}, {'lat': 6.357383, 'lon': -75.500106, 'type': 'turn', 'modifier': 'slight right', 'distance_m': 164.3, 'duration_s': 22.2, 'instruction': ''}, {'lat': 6.358208, 'lon': -75.498976, 'type': 'turn', 'modifier': 'sharp left', 'distance_m': 150.8, 'duration_s': 13.5, 'instruction': ''}, {'lat': 6.359397, 'lon': -75.498622, 'type': 'merge', 'modifier': 'slight left', 'distance_m': 13992.7, 'duration_s': 928.7, 'instruction': 'Doble Calzada Niquia - Hatillo'}, {'lat': 6.416278, 'lon': -75.3937, 'type': 'new name', 'modifier': 'straight', 'distance_m': 43707.5, 'duration_s': 2387.9, 'instruction': 'Transversal Tribuga - Arauca'}, {'lat': 6.535746, 'lon': -75.078229, 'type': 'off ramp', 'modifier': 'slight left', 'distance_m': 93.4, 'duration_s': 10.3, 'instruction': ''}, {'lat': 6.536169, 'lon': -75.078048, 'type': 'turn', 'modifier': 'left', 'distance_m': 838, 'duration_s': 44.1, 'instruction': 'Transversal Tribuga - Arauca'}, {'lat': 6.53717, 'lon': -75.085319, 'type': 'turn', 'modifier': 'slight right', 'distance_m': 122.4, 'duration_s': 9.1, 'instruction': ''}, {'lat': 6.538065, 'lon': -75.085028, 'type': 'turn', 'modifier': 'left', 'distance_m': 11.9, 'duration_s': 1.6, 'instruction': ''}, {'lat': 6.538153, 'lon': -75.084984, 'type': 'turn', 'modifier': 'left', 'distance_m': 266.1, 'duration_s': 14.7, 'instruction': ''}, {'lat': 6.538358, 'lon': -75.087167, 'type': 'arrive', 'modifier': 'left', 'distance_m': 0, 'duration_s': 0, 'instruction': 'Calle 20'}]","Medellín, Valle de Aburrá, Antioquia, RAP del Agua y la Montaña, 0500, Colombia","Cisneros, Nordeste, Antioquia, RAP del Agua y la Montaña, Colombia",6.2697324,-75.6025597,6.5382418,-75.0871316,80.309,84,
GZS5YA,tas,51980b91-e2de-4698-ad81-4d40cabe47b1,finalizada,2026-07-19 01:04:50.344738+00,,,,,,,,,,,
HAG5,cass,51980b91-e2de-4698-ad81-4d40cabe47b1,finalizada,2026-09-14 22:13:19.39868+00,,,,,,,,,,,
HZHY,almacen,51980b91-e2de-4698-ad81-4d40cabe47b1,finalizada,2026-07-23 13:08:06.96101+00,,,,,,,,,,,
HZP5,casa,51980b91-e2de-4698-ad81-4d40cabe47b1,finalizada,2026-07-22 00:01:29.319262+00,,,,,,,,,,,
J7DJUL,casa,ae17b979-507b-44fd-87d3-ee8d742adb13,finalizada,2026-07-16 00:20:54.233364+00,,,,,,,,,,,
JKN6,Alam CC en,51980b91-e2de-4698-ad81-4d40cabe47b1,finalizada,2026-08-20 13:12:12.608472+00,,,,,,,,,,,
K5CL84,riqueza,ae17b979-507b-44fd-87d3-ee8d742adb13,finalizada,2026-07-18 23:50:51.769179+00,,,,,,,,,,,
K6KN,dmdnd,51980b91-e2de-4698-ad81-4d40cabe47b1,finalizada,2026-08-09 21:21:17.813285+00,,,,,,,,,,,
KJ86DJ,Rodada,ae17b979-507b-44fd-87d3-ee8d742adb13,finalizada,2026-07-19 12:14:13.952948+00,"{'type': 'LineString', 'coordinates': [[-75.56733, 6.250937], [-75.567389, 6.251023], [-75.567434, 6.2511], [-75.56746, 6.251168], [-75.567477, 6.251227], [-75.567493, 6.25131], [-75.567503, 6.251387], [-75.567505, 6.251467], [-75.567497, 6.251538], [-75.567487, 6.251601], [-75.567463, 6.251742], [-75.567424, 6.251928], [-75.56742, 6.25197], [-75.567421, 6.252008], [-75.56743, 6.252051], [-75.567451, 6.252109], [-75.567489, 6.252187], [-75.56756, 6.252297], [-75.567593, 6.252347], [-75.567613, 6.252376], [-75.567624, 6.252384], [-75.567646, 6.252403], [-75.567687, 6.252437], [-75.567759, 6.252493], [-75.567818, 6.252526], [-75.567863, 6.25255], [-75.567889, 6.252564], [-75.567963, 6.252586], [-75.568034, 6.2526], [-75.568368, 6.252661], [-75.568491, 6.252695], [-75.568515, 6.252701], [-75.568544, 6.252712], [-75.568796, 6.252803], [-75.569231, 6.252973], [-75.569323, 6.253001], [-75.569339, 6.253005], [-75.56942, 6.253025], [-75.569501, 6.253043], [-75.569671, 6.253087], [-75.569766, 6.253121], [-75.569887, 6.253176], [-75.57018, 6.253312], [-75.570316, 6.253371], [-75.570384, 6.253407], [-75.570665, 6.253542], [-75.570772, 6.253597], [-75.570855, 6.253656], [-75.570885, 6.253622], [-75.570938, 6.253536], [-75.571189, 6.25305], [-75.571223, 6.252989], [-75.571292, 6.252854], [-75.571661, 6.252159], [-75.571677, 6.252127], [-75.571963, 6.25158], [-75.571996, 6.251519], [-75.572044, 6.251442], [-75.572592, 6.25047], [-75.572603, 6.250452], [-75.572626, 6.250399], [-75.57266, 6.250346], [-75.572675, 6.250323], [-75.572844, 6.24994], [-75.572858, 6.249903], [-75.573001, 6.249587], [-75.57303, 6.249515], [-75.573092, 6.249539], [-75.573811, 6.249794], [-75.573881, 6.249823], [-75.574667, 6.250024], [-75.574858, 6.250072], [-75.574945, 6.250095], [-75.575034, 6.250117], [-75.575134, 6.250143], [-75.575214, 6.250163], [-75.575225, 6.249882], [-75.575234, 6.249436], [-75.57524, 6.249186], [-75.575244, 6.248985], [-75.575204, 6.248407], [-75.575352, 6.244641], [-75.575459, 6.244074], [-75.575469, 6.243787], [-75.575478, 6.243535], [-75.575494, 6.243089], [-75.575496, 6.243033], [-75.575439, 6.242549], [-75.575434, 6.242476], [-75.575428, 6.242374], [-75.575414, 6.241915], [-75.575415, 6.241728], [-75.575423, 6.241535], [-75.575437, 6.241263], [-75.575471, 6.240635], [-75.57549, 6.240314], [-75.575505, 6.240173], [-75.575523, 6.240027], [-75.575558, 6.239766], [-75.575605, 6.239479], [-75.575669, 6.239189], [-75.575712, 6.238988], [-75.57575, 6.238837], [-75.575792, 6.238696], [-75.576062, 6.237796], [-75.576103, 6.237674], [-75.576164, 6.237539], [-75.576233, 6.237409], [-75.576317, 6.23727], [-75.576829, 6.236469], [-75.576919, 6.236313], [-75.576959, 6.236235], [-75.577027, 6.236175], [-75.577083, 6.236137], [-75.577151, 6.236114], [-75.577215, 6.23611], [-75.577291, 6.236124], [-75.577372, 6.236165], [-75.577446, 6.236222], [-75.577519, 6.236303], [-75.577565, 6.236404], [-75.577584, 6.236484], [-75.577592, 6.236573], [-75.577588, 6.236655], [-75.577564, 6.236724], [-75.577524, 6.236795], [-75.577444, 6.236892], [-75.577339, 6.237], [-75.577265, 6.237055], [-75.577201, 6.237078], [-75.577145, 6.237084], [-75.577088, 6.237078], [-75.577029, 6.237047], [-75.576986, 6.237013], [-75.576946, 6.236975], [-75.576908, 6.236934], [-75.576644, 6.236274], [-75.576533, 6.235885], [-75.576504, 6.235781], [-75.576503, 6.235779], [-75.576329, 6.235283], [-75.576248, 6.235056], [-75.576243, 6.235042], [-75.576216, 6.234964], [-75.576186, 6.234876], [-75.576092, 6.234486], [-75.576072, 6.234331], [-75.576058, 6.234222], [-75.576042, 6.233994], [-75.575981, 6.23323], [-75.57593, 6.232585], [-75.575913, 6.232229], [-75.575937, 6.232147], [-75.57595, 6.231649], [-75.575951, 6.231595], [-75.575967, 6.231323], [-75.575971, 6.231281], [-75.576045, 6.230581], [-75.576064, 6.230475], [-75.576168, 6.229818], [-75.576193, 6.229645], [-75.576287, 6.228896], [-75.576368, 6.228245], [-75.576496, 6.227225], [-75.576558, 6.226847], [-75.576697, 6.225978], [-75.576699, 6.225965], [-75.576709, 6.225894], [-75.576783, 6.225362], [-75.576817, 6.225104], [-75.576897, 6.224507], [-75.576957, 6.224054], [-75.577351, 6.221297], [-75.577551, 6.219892], [-75.577831, 6.217934], [-75.577875, 6.217632], [-75.577939, 6.217187], [-75.578, 6.216766], [-75.578111, 6.216016], [-75.578234, 6.215192], [-75.578318, 6.214523], [-75.578335, 6.214381], [-75.578381, 6.214015], [-75.578485, 6.213354], [-75.578599, 6.21249], [-75.578608, 6.212428], [-75.578693, 6.211783], [-75.57876, 6.211294], [-75.578801, 6.210983], [-75.578828, 6.210813], [-75.578831, 6.210797], [-75.578885, 6.210449], [-75.579004, 6.209709], [-75.579046, 6.20943], [-75.579089, 6.209146], [-75.579108, 6.20901], [-75.57913, 6.208844], [-75.579158, 6.208603], [-75.579222, 6.20805], [-75.579293, 6.207431], [-75.579325, 6.207194], [-75.579572, 6.205732], [-75.579866, 6.203996], [-75.579947, 6.203517], [-75.58001, 6.203045], [-75.580048, 6.202807], [-75.580128, 6.202157], [-75.580161, 6.20177], [-75.580232, 6.201151], [-75.5803, 6.200574], [-75.580323, 6.200432], [-75.580343, 6.200299], [-75.580389, 6.199975], [-75.580432, 6.199722], [-75.580531, 6.199162], [-75.580633, 6.198832], [-75.580707, 6.198586], [-75.580806, 6.198261], [-75.580951, 6.197864], [-75.581034, 6.197636], [-75.581371, 6.19681], [-75.581548, 6.196368], [-75.581603, 6.19623], [-75.581702, 6.195975], [-75.581705, 6.195966], [-75.581838, 6.195613], [-75.581984, 6.195225], [-75.582085, 6.194956], [-75.582161, 6.194754], [-75.582187, 6.194685], [-75.582237, 6.194534], [-75.58224, 6.194524], [-75.582295, 6.194337], [-75.582359, 6.194086], [-75.582426, 6.193837], [-75.582436, 6.193798], [-75.582495, 6.193576], [-75.582559, 6.193334], [-75.58262, 6.193085], [-75.582681, 6.192821], [-75.582758, 6.192476], [-75.582824, 6.192179], [-75.582834, 6.192134], [-75.582952, 6.191621], [-75.58297, 6.191539], [-75.583036, 6.191253], [-75.583088, 6.191024], [-75.583218, 6.190413], [-75.58327, 6.190179], [-75.583328, 6.189932], [-75.583395, 6.189688], [-75.583425, 6.189606], [-75.583483, 6.189444], [-75.583543, 6.189291], [-75.58362, 6.189132], [-75.583728, 6.188926], [-75.583864, 6.188705], [-75.583977, 6.188541], [-75.58415, 6.188319], [-75.584281, 6.188165], [-75.584401, 6.188035], [-75.584566, 6.187882], [-75.584724, 6.187753], [-75.584963, 6.187568], [-75.585119, 6.187451], [-75.585206, 6.187386], [-75.585334, 6.18729], [-75.586036, 6.18677], [-75.586492, 6.186432], [-75.587048, 6.18604], [-75.587631, 6.185602], [-75.587701, 6.185549], [-75.588078, 6.185228], [-75.588089, 6.185217], [-75.588227, 6.185083], [-75.588378, 6.184933], [-75.588523, 6.184784], [-75.588569, 6.184736], [-75.588808, 6.184481], [-75.589037, 6.184214], [-75.58922, 6.183976], [-75.58941, 6.18373], [-75.589568, 6.183514], [-75.589723, 6.183294], [-75.589892, 6.183059], [-75.589991, 6.182921], [-75.59036, 6.182383], [-75.590381, 6.182354], [-75.590469, 6.182216], [-75.59073, 6.181787], [-75.590838, 6.181614], [-75.591064, 6.181253], [-75.591095, 6.181204], [-75.591139, 6.181135], [-75.5913, 6.180869], [-75.591352, 6.180788], [-75.59155, 6.180486], [-75.591732, 6.180204], [-75.591831, 6.180048], [-75.591984, 6.179806], [-75.592174, 6.179506], [-75.59231, 6.179291], [-75.592592, 6.178874], [-75.592811, 6.178573], [-75.593029, 6.178268], [-75.593236, 6.178035], [-75.593455, 6.177806], [-75.593613, 6.177638], [-75.593846, 6.177423], [-75.594128, 6.177154], [-75.594195, 6.177099], [-75.594382, 6.176961], [-75.594646, 6.176772], [-75.594699, 6.176735], [-75.595025, 6.176508], [-75.595304, 6.176315], [-75.595939, 6.175867], [-75.596425, 6.175524], [-75.596602, 6.175399], [-75.596665, 6.175355], [-75.596713, 6.175321], [-75.597423, 6.174819], [-75.59763, 6.174668], [-75.599267, 6.17347], [-75.599282, 6.173459], [-75.599966, 6.172959], [-75.600143, 6.17283], [-75.600866, 6.172304], [-75.601091, 6.172138], [-75.601294, 6.171988], [-75.601686, 6.171699], [-75.601817, 6.171603], [-75.602349, 6.171218], [-75.602434, 6.171158], [-75.602895, 6.170833], [-75.603207, 6.170612], [-75.603521, 6.17039], [-75.603769, 6.170215], [-75.604256, 6.169871], [-75.604641, 6.169599], [-75.605354, 6.169095], [-75.605573, 6.168936], [-75.606025, 6.168607], [-75.6066, 6.168188], [-75.606644, 6.168156], [-75.606654, 6.168149], [-75.607131, 6.167802], [-75.607549, 6.167497], [-75.609359, 6.166198], [-75.609439, 6.16614], [-75.610213, 6.165585], [-75.610714, 6.165228], [-75.611366, 6.164763], [-75.612599, 6.163888], [-75.61413, 6.162809], [-75.614253, 6.162753], [-75.614355, 6.16272], [-75.614467, 6.16271], [-75.614576, 6.162721], [-75.614701, 6.162767], [-75.614736, 6.162825], [-75.614775, 6.162883], [-75.614832, 6.162953], [-75.614944, 6.163099], [-75.615442, 6.163749], [-75.615499, 6.163818], [-75.615528, 6.163853], [-75.615633, 6.163984], [-75.616855, 6.165513], [-75.616867, 6.165527], [-75.616932, 6.165617], [-75.617041, 6.165746], [-75.617521, 6.166317], [-75.617608, 6.166425], [-75.618405, 6.167406], [-75.618487, 6.167506], [-75.61866, 6.167735], [-75.618688, 6.167787], [-75.618776, 6.167945], [-75.618821, 6.168089], [-75.618805, 6.16813], [-75.618792, 6.168246], [-75.618815, 6.168306], [-75.61887, 6.16841], [-75.618966, 6.168475], [-75.619079, 6.168509], [-75.619184, 6.168478], [-75.619259, 6.168426], [-75.61933, 6.168333], [-75.619539, 6.168167], [-75.619595, 6.168133], [-75.619699, 6.168071], [-75.619908, 6.16796], [-75.6201, 6.167859], [-75.620229, 6.167796], [-75.620383, 6.167747], [-75.620523, 6.167731], [-75.620726, 6.167757], [-75.620861, 6.167809], [-75.620976, 6.167874], [-75.621231, 6.168124], [-75.621361, 6.168236], [-75.621538, 6.16833], [-75.621659, 6.168366], [-75.621827, 6.168419], [-75.62192, 6.168453], [-75.62199, 6.168476], [-75.622132, 6.168523], [-75.622308, 6.168571], [-75.622475, 6.168608], [-75.622629, 6.168625], [-75.622778, 6.168646], [-75.622838, 6.168653], [-75.62293, 6.168666], [-75.623093, 6.168715], [-75.623185, 6.168754], [-75.623525, 6.168907], [-75.623602, 6.168938], [-75.62394, 6.169074], [-75.624119, 6.16915], [-75.624542, 6.169281], [-75.625115, 6.169464], [-75.625338, 6.169529], [-75.62572, 6.169634], [-75.625857, 6.169694], [-75.625968, 6.169772], [-75.6261, 6.169892], [-75.626334, 6.17015], [-75.626662, 6.170467], [-75.626816, 6.17061], [-75.627028, 6.170788], [-75.627137, 6.170874], [-75.627264, 6.170959], [-75.627363, 6.171008], [-75.627449, 6.171048], [-75.627542, 6.171081], [-75.627715, 6.171161], [-75.627749, 6.171229], [-75.627795, 6.17129], [-75.627841, 6.17134], [-75.6279, 6.17139], [-75.627928, 6.171396], [-75.627964, 6.171399], [-75.628014, 6.17158], [-75.628228, 6.171905], [-75.628287, 6.17198], [-75.62837, 6.172037], [-75.628433, 6.172068], [-75.628468, 6.172085], [-75.628712, 6.172156], [-75.628961, 6.172229], [-75.629247, 6.172316], [-75.629483, 6.172386], [-75.629522, 6.172395], [-75.629691, 6.172438], [-75.629824, 6.172469], [-75.630322, 6.172587], [-75.63063, 6.17266], [-75.630745, 6.172688], [-75.630799, 6.172709], [-75.630838, 6.172723], [-75.630928, 6.172771], [-75.631029, 6.172852], [-75.631075, 6.1729], [-75.631212, 6.173051], [-75.631365, 6.17323], [-75.631523, 6.173388], [-75.631765, 6.173532], [-75.63183, 6.173571], [-75.631875, 6.173595], [-75.63205, 6.173688], [-75.632205, 6.173768], [-75.632404, 6.173858], [-75.632529, 6.173906], [-75.63279, 6.173972], [-75.63298, 6.174024], [-75.633181, 6.17405], [-75.633377, 6.174071], [-75.633459, 6.174087], [-75.633514, 6.174098], [-75.633602, 6.174119], [-75.633688, 6.174152], [-75.633845, 6.174221], [-75.633987, 6.174294], [-75.634314, 6.174454], [-75.634444, 6.174553], [-75.634537, 6.17463], [-75.634608, 6.174695], [-75.634743, 6.174786], [-75.634912, 6.174876], [-75.635011, 6.17491], [-75.635088, 6.17492], [-75.635185, 6.174904], [-75.635296, 6.17487], [-75.635345, 6.174858], [-75.635387, 6.174855], [-75.635475, 6.174892], [-75.635505, 6.174927], [-75.635522, 6.174971], [-75.635537, 6.175052], [-75.635545, 6.17511], [-75.635566, 6.175182], [-75.635554, 6.175204], [-75.635499, 6.175302], [-75.635455, 6.175411], [-75.635443, 6.175531], [-75.635481, 6.175656], [-75.635575, 6.175797], [-75.635666, 6.175901], [-75.635728, 6.17597], [-75.635774, 6.176013], [-75.635848, 6.176061], [-75.635897, 6.176084], [-75.635937, 6.176101], [-75.636012, 6.176117], [-75.6361, 6.176117], [-75.636185, 6.176097], [-75.636344, 6.176009], [-75.636428, 6.175977], [-75.63652, 6.175962], [-75.636624, 6.175948], [-75.636758, 6.17594], [-75.636791, 6.175938], [-75.636866, 6.175993], [-75.636955, 6.176067], [-75.637012, 6.17613], [-75.63706, 6.176189], [-75.637174, 6.176327], [-75.637303, 6.176508], [-75.637375, 6.176597], [-75.637424, 6.176749], [-75.637437, 6.176787], [-75.63747, 6.176872], [-75.637499, 6.176935], [-75.637572, 6.177122], [-75.63762, 6.177263], [-75.637633, 6.177307], [-75.637663, 6.177407], [-75.637685, 6.177476], [-75.637804, 6.177777], [-75.637866, 6.177913], [-75.63789, 6.177965], [-75.637987, 6.178138], [-75.638019, 6.178206], [-75.63807, 6.178315], [-75.638085, 6.178396], [-75.63809, 6.178478], [-75.638058, 6.178578], [-75.638013, 6.178714], [-75.638014, 6.178818], [-75.638033, 6.178919], [-75.638056, 6.179066], [-75.638069, 6.179235], [-75.638076, 6.179414], [-75.638114, 6.179496], [-75.638309, 6.179654], [-75.638499, 6.179818], [-75.63872, 6.179962], [-75.638944, 6.180048], [-75.639167, 6.180107], [-75.63948, 6.180172], [-75.639658, 6.180217], [-75.639813, 6.180267], [-75.639954, 6.180335], [-75.639982, 6.180392], [-75.639993, 6.180457], [-75.639993, 6.180494], [-75.639994, 6.180644], [-75.639918, 6.180961], [-75.63984, 6.181316], [-75.639844, 6.181497], [-75.639875, 6.181569], [-75.640003, 6.181663], [-75.640116, 6.181697], [-75.640333, 6.181702], [-75.641061, 6.181553], [-75.641307, 6.181529], [-75.641487, 6.181529], [-75.641579, 6.181589], [-75.641633, 6.181666], [-75.64167, 6.181759], [-75.641709, 6.181967], [-75.641792, 6.182422], [-75.6418, 6.182457], [-75.641838, 6.182597], [-75.641871, 6.18277], [-75.641877, 6.182812], [-75.641873, 6.182916], [-75.641824, 6.183012], [-75.641726, 6.183143], [-75.641685, 6.183204], [-75.641639, 6.183283], [-75.641654, 6.1834], [-75.641689, 6.183469], [-75.641768, 6.183542], [-75.641859, 6.183605], [-75.642022, 6.183737], [-75.642094, 6.183787], [-75.642202, 6.18387], [-75.642381, 6.183998], [-75.642526, 6.184095], [-75.642677, 6.184191], [-75.642785, 6.18425], [-75.64296, 6.184315], [-75.643554, 6.184431], [-75.643857, 6.184518], [-75.644046, 6.184607], [-75.644319, 6.184953], [-75.644394, 6.185042], [-75.644593, 6.185242], [-75.644668, 6.185288], [-75.644866, 6.185362], [-75.645117, 6.185363], [-75.645217, 6.185358], [-75.64569, 6.18528], [-75.645882, 6.18523], [-75.646076, 6.185201], [-75.646186, 6.185219], [-75.646262, 6.185301], [-75.646297, 6.185377], [-75.646304, 6.185459], [-75.646285, 6.185521], [-75.646197, 6.185631], [-75.646142, 6.185687], [-75.646064, 6.185749], [-75.645978, 6.185841], [-75.645871, 6.185961], [-75.645807, 6.186059], [-75.645787, 6.186128], [-75.64579, 6.186246], [-75.645804, 6.186292], [-75.645829, 6.186342], [-75.645863, 6.186387], [-75.645913, 6.186432], [-75.646044, 6.186526], [-75.646084, 6.186558], [-75.646104, 6.186574], [-75.646264, 6.186698], [-75.646395, 6.186793], [-75.64649, 6.186838], [-75.646585, 6.186859], [-75.64666, 6.186852], [-75.646726, 6.18683], [-75.646787, 6.186785], [-75.64686, 6.186713], [-75.646912, 6.186609], [-75.647026, 6.186305], [-75.647117, 6.186031], [-75.647155, 6.185953], [-75.647186, 6.185912], [-75.647371, 6.185767], [-75.647504, 6.185681], [-75.647586, 6.185628], [-75.647767, 6.185533], [-75.647979, 6.185473], [-75.648202, 6.18542], [-75.648178, 6.18529], [-75.648184, 6.185178], [-75.648239, 6.185088], [-75.648295, 6.185036], [-75.648399, 6.185085], [-75.64852, 6.185088], [-75.648862, 6.185034], [-75.649303, 6.184997], [-75.64999, 6.184931], [-75.650203, 6.184958], [-75.650447, 6.184989], [-75.650993, 6.184985], [-75.65117, 6.185003], [-75.651464, 6.18505], [-75.651529, 6.185088], [-75.651784, 6.185359], [-75.651965, 6.185637], [-75.652114, 6.185718], [-75.652301, 6.185757], [-75.652489, 6.185744], [-75.652703, 6.185786], [-75.653018, 6.185804], [-75.653461, 6.185786], [-75.653933, 6.185777], [-75.65418, 6.185788], [-75.654464, 6.1858], [-75.654516, 6.185796], [-75.654859, 6.185817], [-75.655206, 6.18581], [-75.65597, 6.185832], [-75.655954, 6.186191], [-75.655942, 6.186401], [-75.655935, 6.186495], [-75.655927, 6.186606], [-75.655914, 6.186784], [-75.65606, 6.186823], [-75.656324, 6.186891], [-75.656589, 6.186912], [-75.656706, 6.186938], [-75.656989, 6.187001], [-75.657075, 6.187012], [-75.657294, 6.18704], [-75.657306, 6.187045], [-75.657319, 6.187046], [-75.657532, 6.187023], [-75.657696, 6.18701], [-75.658077, 6.186942], [-75.658243, 6.186929], [-75.658305, 6.186941], [-75.658361, 6.186982], [-75.658388, 6.187009], [-75.6584, 6.187051], [-75.658411, 6.187154], [-75.658436, 6.187395], [-75.658463, 6.18755], [-75.658566, 6.187694], [-75.65869, 6.18775], [-75.65878, 6.187762], [-75.658988, 6.187738], [-75.659099, 6.187789], [-75.659164, 6.187848], [-75.659221, 6.187973], [-75.659273, 6.18817], [-75.659294, 6.188267], [-75.659351, 6.188423], [-75.659485, 6.188531], [-75.659572, 6.18857], [-75.659673, 6.188603], [-75.65984, 6.188667], [-75.659958, 6.18871], [-75.660084, 6.188717], [-75.660131, 6.188707], [-75.660179, 6.188685], [-75.6603, 6.188622], [-75.660386, 6.188577], [-75.66047, 6.188527], [-75.660597, 6.188458], [-75.66065, 6.188421], [-75.660705, 6.188372], [-75.660971, 6.188047], [-75.661016, 6.187991], [-75.661072, 6.187933], [-75.661097, 6.187912], [-75.661127, 6.187896], [-75.661166, 6.187879], [-75.661215, 6.18787], [-75.661269, 6.187861], [-75.661325, 6.187863], [-75.661401, 6.187882], [-75.661477, 6.18791], [-75.661643, 6.188019], [-75.661831, 6.188181], [-75.661923, 6.188259], [-75.661998, 6.188311], [-75.662043, 6.188329], [-75.662087, 6.188333], [-75.662144, 6.188331], [-75.662239, 6.188319], [-75.66231, 6.188309], [-75.662374, 6.188303], [-75.66241, 6.188308], [-75.662444, 6.188322], [-75.662492, 6.188367], [-75.66253, 6.18841], [-75.662592, 6.188499], [-75.662623, 6.188548], [-75.662641, 6.188582], [-75.66265, 6.188624], [-75.662653, 6.188666], [-75.662651, 6.188714], [-75.662637, 6.188751], [-75.662611, 6.188791], [-75.662524, 6.188915], [-75.662484, 6.189021], [-75.662464, 6.189098], [-75.662464, 6.189121], [-75.662476, 6.189143], [-75.662503, 6.189171], [-75.662551, 6.189201], [-75.662606, 6.189226], [-75.662715, 6.189249], [-75.662759, 6.189256], [-75.662836, 6.189265], [-75.663191, 6.189298], [-75.663419, 6.189323], [-75.663532, 6.189349], [-75.663601, 6.189383], [-75.663643, 6.189441], [-75.663679, 6.189493], [-75.663698, 6.189554], [-75.663724, 6.189627], [-75.663758, 6.189722], [-75.663788, 6.189799], [-75.663822, 6.189853], [-75.663882, 6.189909], [-75.663948, 6.189939], [-75.664012, 6.189949], [-75.664106, 6.189949], [-75.664191, 6.18994], [-75.664284, 6.189927], [-75.664361, 6.189909], [-75.664423, 6.189875], [-75.664468, 6.189838], [-75.664581, 6.189735], [-75.664724, 6.189631], [-75.664851, 6.18952], [-75.664956, 6.189457], [-75.665006, 6.189432], [-75.665122, 6.189395], [-75.665171, 6.189408], [-75.665246, 6.189445], [-75.665299, 6.189519], [-75.665314, 6.189629], [-75.665323, 6.189706], [-75.66535, 6.189765], [-75.66538, 6.189831], [-75.665445, 6.189867], [-75.665532, 6.189887], [-75.665703, 6.189901], [-75.665818, 6.189914], [-75.665879, 6.189924], [-75.665909, 6.189931], [-75.665937, 6.189943], [-75.665969, 6.189969], [-75.665987, 6.189999], [-75.666031, 6.19007], [-75.66605, 6.190099], [-75.666103, 6.190224], [-75.666158, 6.1903], [-75.666221, 6.190341], [-75.666292, 6.190352], [-75.66637, 6.190356], [-75.666567, 6.190342], [-75.666709, 6.190346], [-75.666849, 6.190363], [-75.666948, 6.190395], [-75.667006, 6.190446], [-75.667035, 6.190491], [-75.667035, 6.19054], [-75.666998, 6.19063], [-75.66694, 6.190695], [-75.666803, 6.190883], [-75.666781, 6.190937], [-75.666794, 6.191005], [-75.666837, 6.191106], [-75.666885, 6.19117], [-75.66692, 6.191257], [-75.666898, 6.191388], [-75.666839, 6.191537], [-75.666732, 6.191695], [-75.666645, 6.191798], [-75.666573, 6.19189], [-75.666457, 6.19199], [-75.666396, 6.192054], [-75.666378, 6.192115], [-75.666383, 6.192243], [-75.666418, 6.192315], [-75.666471, 6.192363], [-75.666562, 6.192401], [-75.666717, 6.192422], [-75.666832, 6.192406], [-75.667025, 6.192403], [-75.667188, 6.192412], [-75.667328, 6.192413], [-75.667425, 6.192394], [-75.667489, 6.192372], [-75.667559, 6.192307], [-75.667694, 6.192215], [-75.667881, 6.192114], [-75.668012, 6.192068], [-75.668135, 6.192037], [-75.66823, 6.192039], [-75.668316, 6.19204], [-75.668557, 6.192064], [-75.668637, 6.192087], [-75.668691, 6.192143], [-75.668714, 6.192218], [-75.668721, 6.192273], [-75.668711, 6.19234], [-75.668669, 6.192449], [-75.668624, 6.192624], [-75.668626, 6.192827], [-75.668688, 6.192942], [-75.668774, 6.193058], [-75.668874, 6.193136], [-75.66903, 6.193223], [-75.669155, 6.19324], [-75.669279, 6.193186], [-75.669425, 6.193093], [-75.669548, 6.193049], [-75.66967, 6.193049], [-75.669789, 6.193108], [-75.66994, 6.193132], [-75.670067, 6.193131], [-75.670275, 6.193139], [-75.670589, 6.19321], [-75.670837, 6.193239], [-75.670946, 6.193221], [-75.671038, 6.193179], [-75.671182, 6.193056], [-75.671348, 6.193064], [-75.671478, 6.193151], [-75.67159, 6.193287], [-75.671638, 6.193343], [-75.671721, 6.193398], [-75.671815, 6.193388], [-75.671885, 6.193361], [-75.671956, 6.193279], [-75.672034, 6.193143], [-75.672101, 6.193036], [-75.672187, 6.192948], [-75.67231, 6.192867], [-75.672492, 6.192806], [-75.672531, 6.192786], [-75.67264, 6.192785], [-75.672651, 6.192785], [-75.672711, 6.19278], [-75.672989, 6.192774], [-75.673328, 6.192773], [-75.673646, 6.192774], [-75.673731, 6.192774], [-75.673798, 6.192728], [-75.673828, 6.192671], [-75.673894, 6.19253], [-75.674, 6.192319], [-75.674126, 6.192194], [-75.674241, 6.192111], [-75.674391, 6.191986], [-75.674662, 6.191777], [-75.674756, 6.191702], [-75.674826, 6.19165], [-75.674922, 6.191646], [-75.674984, 6.19167], [-75.67509, 6.191713], [-75.675201, 6.191771], [-75.675291, 6.191777], [-75.675433, 6.191711], [-75.675533, 6.191597], [-75.675557, 6.191455], [-75.67548, 6.191038], [-75.675471, 6.190975], [-75.675562, 6.190848], [-75.675621, 6.190802], [-75.675679, 6.190759], [-75.675763, 6.190754], [-75.675865, 6.190799], [-75.675983, 6.190911], [-75.676139, 6.191172], [-75.676197, 6.191373], [-75.676248, 6.191501], [-75.676344, 6.191714], [-75.676355, 6.191832], [-75.6763, 6.191988], [-75.676209, 6.192122], [-75.676106, 6.192318], [-75.676065, 6.1924], [-75.676023, 6.19248], [-75.675997, 6.192569], [-75.675979, 6.19267], [-75.67595, 6.192828], [-75.675927, 6.193026], [-75.675947, 6.19315], [-75.675975, 6.193231], [-75.676039, 6.19327], [-75.676142, 6.193322], [-75.676249, 6.193384], [-75.676314, 6.193499], [-75.67625, 6.193662], [-75.676192, 6.193758], [-75.676126, 6.193882], [-75.676071, 6.193971], [-75.676144, 6.194074], [-75.676199, 6.194123], [-75.67628, 6.194166], [-75.676428, 6.194249], [-75.676583, 6.194274], [-75.676684, 6.194301], [-75.676768, 6.194366], [-75.676864, 6.194464], [-75.676945, 6.19463], [-75.676998, 6.19471], [-75.677038, 6.194779], [-75.677106, 6.19482], [-75.677178, 6.194849], [-75.677326, 6.194859], [-75.677484, 6.194854], [-75.677634, 6.194823], [-75.677693, 6.194811], [-75.67791, 6.194688], [-75.678073, 6.194426], [-75.678262, 6.194163], [-75.678431, 6.194022], [-75.678651, 6.193788], [-75.678771, 6.193669], [-75.679098, 6.193447], [-75.679355, 6.193285], [-75.679527, 6.193293], [-75.67963, 6.193344], [-75.679707, 6.193404], [-75.679716, 6.193523], [-75.67969, 6.193651], [-75.679587, 6.193754], [-75.679479, 6.193854], [-75.679422, 6.193919], [-75.679386, 6.193958], [-75.679355, 6.194042], [-75.679366, 6.194369], [-75.679352, 6.19455], [-75.679291, 6.194733], [-75.679299, 6.19486], [-75.679336, 6.194952], [-75.679458, 6.195], [-75.67963, 6.195051], [-75.679944, 6.19516], [-75.679995, 6.195187], [-75.680043, 6.19521], [-75.680126, 6.195257], [-75.680244, 6.195303], [-75.680347, 6.1953], [-75.680459, 6.195307], [-75.680548, 6.19532], [-75.680574, 6.195323], [-75.680602, 6.195326], [-75.680651, 6.195338], [-75.680698, 6.195346], [-75.680748, 6.19537], [-75.680812, 6.195509], [-75.680821, 6.195554], [-75.680818, 6.195613], [-75.680817, 6.195648], [-75.680815, 6.195681], [-75.680805, 6.195743], [-75.680794, 6.1958], [-75.680801, 6.195853], [-75.68078, 6.196026], [-75.680774, 6.196056], [-75.680753, 6.196082], [-75.680671, 6.196137], [-75.680594, 6.196265], [-75.6805, 6.196357], [-75.680387, 6.196423], [-75.680204, 6.196498], [-75.679981, 6.196538], [-75.679921, 6.196549], [-75.679886, 6.196564], [-75.67986, 6.19659], [-75.679837, 6.196615], [-75.679827, 6.196656], [-75.67981, 6.196728], [-75.679795, 6.19678], [-75.679791, 6.196802], [-75.679855, 6.196898], [-75.679917, 6.196977], [-75.67999, 6.197028], [-75.68007, 6.197078], [-75.680157, 6.197122], [-75.680227, 6.197179], [-75.680253, 6.197207], [-75.680268, 6.197246], [-75.680331, 6.197486], [-75.680355, 6.197538], [-75.680413, 6.197616], [-75.680464, 6.19765], [-75.680557, 6.197682], [-75.680609, 6.197698], [-75.680676, 6.197718], [-75.680801, 6.19776], [-75.681142, 6.197975], [-75.681309, 6.19808], [-75.681488, 6.198162], [-75.681565, 6.198199], [-75.681621, 6.198243], [-75.681641, 6.198278], [-75.681659, 6.198303], [-75.681688, 6.198346], [-75.681712, 6.198398], [-75.681754, 6.198502], [-75.681792, 6.198556], [-75.681844, 6.198598], [-75.681925, 6.198653], [-75.682054, 6.198665], [-75.682279, 6.198647], [-75.682358, 6.198637], [-75.682448, 6.198644], [-75.682558, 6.198676], [-75.682637, 6.198715], [-75.682677, 6.198768], [-75.682714, 6.198861], [-75.682761, 6.198925], [-75.682978, 6.199396], [-75.683011, 6.199447], [-75.683043, 6.199489], [-75.683081, 6.199513], [-75.68311, 6.199529], [-75.683145, 6.19954], [-75.683206, 6.199548], [-75.683264, 6.199542], [-75.683367, 6.199482], [-75.683473, 6.199423], [-75.683635, 6.199334], [-75.683775, 6.199329], [-75.683893, 6.199373], [-75.683965, 6.199421], [-75.684072, 6.199457], [-75.684174, 6.199467], [-75.684303, 6.199464], [-75.684432, 6.199466], [-75.684532, 6.199478], [-75.684593, 6.199482], [-75.684634, 6.199469], [-75.684686, 6.199455], [-75.684714, 6.199416], [-75.684731, 6.19938], [-75.684738, 6.199313], [-75.684748, 6.199231], [-75.684734, 6.199124], [-75.684698, 6.199014], [-75.684738, 6.198847], [-75.684798, 6.198796], [-75.684822, 6.198765], [-75.685001, 6.198668], [-75.685051, 6.198619], [-75.685133, 6.198472], [-75.685248, 6.198088], [-75.685283, 6.198028], [-75.68534, 6.197979], [-75.685405, 6.197958], [-75.685474, 6.197965], [-75.685561, 6.198024], [-75.685886, 6.198488], [-75.685919, 6.198606], [-75.685931, 6.198793], [-75.686033, 6.199106], [-75.68603, 6.199433], [-75.68614, 6.199805], [-75.686176, 6.200219], [-75.686198, 6.200282], [-75.686269, 6.200345], [-75.686337, 6.200366], [-75.686409, 6.200368], [-75.686692, 6.20032], [-75.686825, 6.200247], [-75.68699, 6.200014], [-75.687066, 6.199938], [-75.687326, 6.199779], [-75.687405, 6.199695], [-75.68748, 6.199562], [-75.687539, 6.199327], [-75.687571, 6.199236], [-75.687613, 6.199168], [-75.687694, 6.199085], [-75.687986, 6.198884], [-75.68809, 6.198837], [-75.68817, 6.19883], [-75.68828, 6.198861], [-75.688316, 6.198886], [-75.688401, 6.19899], [-75.688454, 6.199083], [-75.688685, 6.199547], [-75.688805, 6.199539], [-75.688994, 6.199437], [-75.689217, 6.199326], [-75.689406, 6.199172], [-75.689483, 6.199113], [-75.689732, 6.199061], [-75.689938, 6.199078], [-75.690084, 6.199147], [-75.690144, 6.199369], [-75.69023, 6.199454], [-75.690462, 6.199573], [-75.690753, 6.19977], [-75.690891, 6.199872], [-75.691011, 6.2], [-75.691071, 6.200026], [-75.69138, 6.200068], [-75.691586, 6.200145], [-75.691775, 6.200213], [-75.691921, 6.20023], [-75.692084, 6.200179], [-75.692161, 6.200145], [-75.692187, 6.199991], [-75.692213, 6.199744], [-75.692264, 6.199633], [-75.692221, 6.199326], [-75.692255, 6.199147], [-75.692264, 6.199087], [-75.692373, 6.198864], [-75.692511, 6.198593], [-75.692599, 6.198394], [-75.692776, 6.198106], [-75.692797, 6.19798], [-75.69277, 6.197851], [-75.6927, 6.197661], [-75.692666, 6.197591], [-75.692668, 6.197453], [-75.692694, 6.197206], [-75.692668, 6.197048], [-75.692556, 6.196891], [-75.692481, 6.196796], [-75.692431, 6.196619], [-75.69237, 6.196485], [-75.692328, 6.196393], [-75.692342, 6.196292], [-75.692402, 6.19622], [-75.692633, 6.196116], [-75.692707, 6.195976], [-75.69275, 6.195723], [-75.692881, 6.195368], [-75.693106, 6.195196], [-75.693316, 6.195156], [-75.693513, 6.195226], [-75.693848, 6.195493], [-75.694013, 6.195725], [-75.694075, 6.196022], [-75.694109, 6.196118], [-75.694181, 6.196208], [-75.694294, 6.196267], [-75.694432, 6.1963], [-75.694515, 6.196371], [-75.694601, 6.196615], [-75.694645, 6.196721], [-75.694796, 6.196856], [-75.694888, 6.196982], [-75.694924, 6.197104], [-75.694952, 6.197401], [-75.694998, 6.197565], [-75.695105, 6.197816], [-75.69534, 6.198381], [-75.695518, 6.198685], [-75.695585, 6.198771], [-75.695688, 6.198809], [-75.69577, 6.198807], [-75.695882, 6.198733], [-75.696019, 6.198623], [-75.696123, 6.198598], [-75.696228, 6.198611], [-75.696306, 6.198679], [-75.69641, 6.198876], [-75.696611, 6.198987], [-75.696697, 6.199068], [-75.696753, 6.199172], [-75.696781, 6.199505], [-75.696809, 6.199619], [-75.696918, 6.199729], [-75.697034, 6.199783], [-75.697185, 6.199803], [-75.697427, 6.199942], [-75.697747, 6.200056], [-75.697863, 6.200136], [-75.697939, 6.200258], [-75.698186, 6.200914], [-75.698264, 6.201034], [-75.698351, 6.201106], [-75.698725, 6.201309], [-75.698809, 6.201334], [-75.698894, 6.201334], [-75.699099, 6.201318], [-75.699225, 6.201301], [-75.699346, 6.201313], [-75.699455, 6.201349], [-75.699894, 6.201554], [-75.700173, 6.201819], [-75.70043, 6.202011], [-75.700548, 6.202032], [-75.700806, 6.201925], [-75.700907, 6.201864], [-75.701144, 6.201915], [-75.701487, 6.201765], [-75.701911, 6.201627], [-75.702034, 6.201419], [-75.70212, 6.201216], [-75.702126, 6.200933], [-75.702169, 6.2008], [-75.702313, 6.200731], [-75.702512, 6.200747], [-75.702689, 6.200773], [-75.703268, 6.200725], [-75.703595, 6.200443], [-75.703858, 6.200395], [-75.704228, 6.200704], [-75.704427, 6.200763], [-75.704829, 6.200608], [-75.705098, 6.200261], [-75.705151, 6.2], [-75.70498, 6.199099], [-75.705039, 6.198875], [-75.705151, 6.198619], [-75.705253, 6.19832], [-75.705221, 6.197952], [-75.705285, 6.197621], [-75.705237, 6.197365], [-75.70535, 6.197227], [-75.705521, 6.197168], [-75.705752, 6.197072], [-75.705881, 6.197067], [-75.706111, 6.197195], [-75.706192, 6.197141], [-75.706267, 6.196667], [-75.706267, 6.196096], [-75.706476, 6.195521], [-75.706401, 6.195212], [-75.70653, 6.194977], [-75.707142, 6.19454], [-75.707313, 6.193932], [-75.707571, 6.19375], [-75.707818, 6.193366], [-75.708386, 6.193153], [-75.708611, 6.192844], [-75.708601, 6.192342], [-75.708842, 6.192309], [-75.709406, 6.192515], [-75.710882, 6.192532], [-75.711049, 6.192676], [-75.711144, 6.193228], [-75.71075, 6.193907], [-75.710594, 6.194014], [-75.710164, 6.193895], [-75.709751, 6.193905], [-75.709581, 6.193982], [-75.709466, 6.194159], [-75.709245, 6.194754], [-75.709248, 6.194929], [-75.709313, 6.1951], [-75.709674, 6.1955], [-75.709902, 6.195827], [-75.709921, 6.196154], [-75.709649, 6.196596], [-75.70968, 6.196879], [-75.71004, 6.197293], [-75.71014, 6.197646], [-75.710415, 6.197779], [-75.710678, 6.197989], [-75.710785, 6.198226], [-75.710811, 6.198616], [-75.71093, 6.198773], [-75.711552, 6.198867], [-75.71192, 6.199015], [-75.712209, 6.199191], [-75.712303, 6.199321], [-75.712682, 6.200014], [-75.712892, 6.200099], [-75.713184, 6.200127], [-75.713428, 6.200216], [-75.713573, 6.200383], [-75.713531, 6.200568], [-75.713012, 6.201029], [-75.712991, 6.201662], [-75.712899, 6.20186], [-75.712582, 6.201977], [-75.711739, 6.20183], [-75.711344, 6.201874], [-75.710769, 6.202028], [-75.710012, 6.202025], [-75.709816, 6.20209], [-75.709689, 6.202281], [-75.709723, 6.202486], [-75.710986, 6.203717], [-75.711378, 6.203984], [-75.711421, 6.204102], [-75.711387, 6.204731], [-75.710929, 6.20565], [-75.710705, 6.205945], [-75.710297, 6.206109], [-75.710238, 6.206264], [-75.710311, 6.20655], [-75.710156, 6.206961], [-75.710272, 6.207299], [-75.710378, 6.207381], [-75.710442, 6.207431], [-75.710452, 6.207439], [-75.710599, 6.207405], [-75.710769, 6.207154], [-75.710929, 6.207067], [-75.711314, 6.207062], [-75.71181, 6.206738], [-75.712781, 6.206228], [-75.713233, 6.205851], [-75.713608, 6.205674], [-75.713849, 6.205643], [-75.714247, 6.205819], [-75.715096, 6.205798], [-75.715476, 6.205607], [-75.715651, 6.205599], [-75.716444, 6.205979], [-75.716733, 6.205998], [-75.717856, 6.205693], [-75.718009, 6.205717], [-75.718294, 6.205858], [-75.718445, 6.205843], [-75.718525, 6.205732], [-75.718539, 6.205569], [-75.718446, 6.205444], [-75.71821, 6.205352], [-75.718023, 6.2054], [-75.717511, 6.205587], [-75.717285, 6.205557], [-75.71714, 6.205579], [-75.71669, 6.205675], [-75.71621, 6.205501], [-75.715647, 6.205123], [-75.715424, 6.204888], [-75.715295, 6.204867], [-75.714976, 6.205027], [-75.714657, 6.205064], [-75.714297, 6.204984], [-75.713836, 6.204797], [-75.713452, 6.204755], [-75.713337, 6.204688], [-75.713323, 6.204664], [-75.713283, 6.204592], [-75.713235, 6.204509], [-75.713246, 6.204384], [-75.713411, 6.204225], [-75.713603, 6.204221], [-75.713892, 6.204221], [-75.714233, 6.204195], [-75.714426, 6.20408], [-75.714485, 6.203877], [-75.714574, 6.203565], [-75.714708, 6.203467], [-75.714775, 6.203315], [-75.714968, 6.203277], [-75.715596, 6.203221], [-75.715994, 6.203316], [-75.716271, 6.203432], [-75.716395, 6.203421], [-75.716473, 6.203341], [-75.716532, 6.203104], [-75.716518, 6.202829], [-75.716632, 6.202551], [-75.717079, 6.201932], [-75.717179, 6.201484], [-75.717062, 6.20107], [-75.716848, 6.200714], [-75.716872, 6.200471], [-75.717203, 6.200054], [-75.717272, 6.199654], [-75.71755, 6.199121], [-75.717564, 6.198864], [-75.71722, 6.198464], [-75.716907, 6.197934], [-75.716573, 6.197609], [-75.71658, 6.197489], [-75.716707, 6.1971], [-75.716611, 6.196805], [-75.716295, 6.196501], [-75.716246, 6.196364], [-75.716401, 6.1962], [-75.716769, 6.196084], [-75.717103, 6.196056], [-75.717344, 6.196121], [-75.717564, 6.196392], [-75.717818, 6.196569], [-75.718018, 6.196614], [-75.718142, 6.196412], [-75.71819, 6.196077], [-75.718417, 6.195714], [-75.718823, 6.195513], [-75.718957, 6.19553], [-75.719067, 6.195622], [-75.719246, 6.195985], [-75.719604, 6.196419], [-75.719944, 6.19674], [-75.720134, 6.196857], [-75.720364, 6.196867], [-75.72057, 6.196939], [-75.720729, 6.196925], [-75.720843, 6.196843], [-75.720926, 6.196693], [-75.721008, 6.19641], [-75.721205, 6.196127], [-75.721339, 6.195682], [-75.721585, 6.195281], [-75.721731, 6.195029], [-75.721915, 6.194726], [-75.722139, 6.194603], [-75.722222, 6.19447], [-75.722332, 6.194083], [-75.72248, 6.193964], [-75.722892, 6.193762], [-75.72304, 6.193543], [-75.723109, 6.192691], [-75.723075, 6.192384], [-75.723095, 6.192236], [-75.723216, 6.192137], [-75.723371, 6.192079], [-75.723518, 6.192042], [-75.723756, 6.191874], [-75.723917, 6.191847], [-75.724186, 6.191898], [-75.724289, 6.19185], [-75.724485, 6.191669], [-75.724691, 6.19159], [-75.724881, 6.19157], [-75.725125, 6.191611], [-75.725607, 6.19184], [-75.725765, 6.191871], [-75.725947, 6.191812], [-75.726178, 6.191659], [-75.726325, 6.191624], [-75.726494, 6.191662], [-75.726735, 6.191655], [-75.727007, 6.191375], [-75.727158, 6.191313], [-75.727333, 6.191299], [-75.727523, 6.191382], [-75.72767, 6.191395], [-75.7281, 6.191241], [-75.728269, 6.191224], [-75.728585, 6.191358], [-75.728733, 6.191378], [-75.728899, 6.191337], [-75.729019, 6.191204], [-75.729218, 6.190752], [-75.729318, 6.190653], [-75.729521, 6.190561], [-75.729748, 6.190376], [-75.729906, 6.190144], [-75.730013, 6.190082], [-75.730237, 6.190024], [-75.730475, 6.18996], [-75.730983, 6.190017], [-75.731156, 6.190072], [-75.731241, 6.190169], [-75.731319, 6.190455], [-75.731153, 6.190701], [-75.731292, 6.191185], [-75.731341, 6.191876], [-75.731518, 6.192297], [-75.731849, 6.192716], [-75.731881, 6.192844], [-75.73181, 6.192943], [-75.73154, 6.193161], [-75.731494, 6.193294], [-75.731515, 6.193458], [-75.732111, 6.193978], [-75.73232, 6.194012], [-75.733039, 6.194022], [-75.733328, 6.19407], [-75.733539, 6.194201], [-75.733571, 6.194336], [-75.733508, 6.194467], [-75.73341, 6.194539], [-75.733384, 6.194559], [-75.733177, 6.194622], [-75.733065, 6.194767], [-75.733048, 6.194967], [-75.733114, 6.195255], [-75.733082, 6.195973], [-75.732846, 6.196757], [-75.732795, 6.197538], [-75.732634, 6.197971], [-75.73253, 6.198048], [-75.732406, 6.198024], [-75.731844, 6.197553], [-75.731756, 6.197383], [-75.731667, 6.196743], [-75.731517, 6.196373], [-75.731349, 6.196249], [-75.731193, 6.196223], [-75.73103, 6.1963], [-75.730989, 6.196518], [-75.73111, 6.196713], [-75.731166, 6.196846], [-75.731096, 6.196975], [-75.730799, 6.197212], [-75.730726, 6.197376], [-75.730818, 6.197937], [-75.731159, 6.198261], [-75.731436, 6.198355], [-75.731568, 6.198667], [-75.731718, 6.198955], [-75.731726, 6.1994], [-75.731804, 6.199538], [-75.7321, 6.199664], [-75.732358, 6.199666], [-75.732801, 6.199562], [-75.733146, 6.19955], [-75.733411, 6.199603], [-75.734309, 6.200203], [-75.734389, 6.200438], [-75.734372, 6.200844], [-75.734625, 6.201399], [-75.73472, 6.201608], [-75.734752, 6.201862], [-75.734701, 6.202104], [-75.734474, 6.202698], [-75.734504, 6.202914], [-75.734842, 6.203504], [-75.734866, 6.203758], [-75.734954, 6.203893], [-75.735114, 6.203951], [-75.73537, 6.203899], [-75.735442, 6.204191], [-75.735455, 6.204671], [-75.735318, 6.20501], [-75.735259, 6.205115], [-75.735142, 6.205094], [-75.734012, 6.204833], [-75.733612, 6.204659], [-75.733316, 6.20457], [-75.732992, 6.204461], [-75.732887, 6.204478], [-75.732814, 6.20452], [-75.732723, 6.204621], [-75.732695, 6.204672], [-75.73268, 6.20479], [-75.733079, 6.205453], [-75.73331, 6.206195], [-75.733478, 6.206411], [-75.733652, 6.20667]]}","[{'lat': 6.250937, 'lon': -75.56733, 'type': 'depart', 'modifier': '', 'distance_m': 170.959, 'duration_s': 31.199, 'instruction': 'Conduzca hacia el noroeste por Carrera 50A.'}, {'lat': 6.252376, 'lon': -75.567613, 'type': 'turn', 'modifier': 'slight left', 'distance_m': 389.113, 'duration_s': 73.203, 'instruction': 'Siga por la izquierda en dirección a Calle 53.'}, {'lat': 6.253656, 'lon': -75.570855, 'type': 'turn', 'modifier': 'left', 'distance_m': 520.594, 'duration_s': 91.021, 'instruction': 'Gire a la izquierda hacia Carrera 55.'}, {'lat': 6.249515, 'lon': -75.57303, 'type': 'turn', 'modifier': 'right', 'distance_m': 252.517, 'duration_s': 45.117, 'instruction': 'Gire a la derecha hacia Calle 48.'}, {'lat': 6.250163, 'lon': -75.575214, 'type': 'turn', 'modifier': 'left', 'distance_m': 131.181, 'duration_s': 11.535, 'instruction': 'Gire a la izquierda hacia Avenida Carrera 57.'}, {'lat': 6.248985, 'lon': -75.575244, 'type': 'fork', 'modifier': 'slight left', 'distance_m': 1456.179, 'duration_s': 81.905, 'instruction': 'Manténgase a la izquierda para permanecer en Avenida Carrera 57.'}, {'lat': 6.236235, 'lon': -75.576959, 'type': 'turn', 'modifier': 'slight right', 'distance_m': 757.792, 'duration_s': 75.375, 'instruction': 'Siga por la derecha en dirección a 25.'}, {'lat': 6.232229, 'lon': -75.575913, 'type': 'fork', 'modifier': 'slight right', 'distance_m': 2813.176, 'duration_s': 172.372, 'instruction': 'Manténgase a la derecha para permanecer en 25/Autopista Sur.'}, {'lat': 6.207194, 'lon': -75.579325, 'type': 'fork', 'modifier': 'slight left', 'distance_m': 4339.564, 'duration_s': 319.26, 'instruction': 'Manténgase a la izquierda para permanecer en 25.'}, {'lat': 6.174668, 'lon': -75.59763, 'type': 'fork', 'modifier': 'slight left', 'distance_m': 2253.403, 'duration_s': 184.888, 'instruction': 'Manténgase a la izquierda para tomar 25/Avenida Carrera 42.'}, {'lat': 6.162809, 'lon': -75.61413, 'type': 'turn', 'modifier': 'right', 'distance_m': 815.384, 'duration_s': 94.046, 'instruction': 'Gire a la derecha hacia Calle 37B.'}, {'lat': 6.168089, 'lon': -75.618821, 'type': 'rotary', 'modifier': 'slight right', 'distance_m': 1151.931, 'duration_s': 110.223, 'instruction': 'Incorpórese a Glorieta Pilsen y tome la cuarta salida hacia Carrera 50A.'}, {'lat': 6.171161, 'lon': -75.627715, 'type': 'roundabout', 'modifier': 'slight right', 'distance_m': 986.545, 'duration_s': 114.667, 'instruction': 'Entre a la rotonda y tome la tercera\xa0salida hacia Calle 36.'}, {'lat': 6.174855, 'lon': -75.635387, 'type': 'new name', 'modifier': 'slight right', 'distance_m': 10.574, 'duration_s': 1.577, 'instruction': 'Siga por la derecha en dirección a Carrera 55.'}, {'lat': 6.174892, 'lon': -75.635475, 'type': 'new name', 'modifier': 'slight right', 'distance_m': 34.397, 'duration_s': 4.676, 'instruction': 'Siga por la derecha en dirección a Carrera 54F.'}, {'lat': 6.175182, 'lon': -75.635566, 'type': 'turn', 'modifier': 'slight right', 'distance_m': 226.808, 'duration_s': 26.587, 'instruction': 'Siga por la derecha en dirección a Calle 57 Sur.'}, {'lat': 6.175938, 'lon': -75.636791, 'type': 'turn', 'modifier': 'slight right', 'distance_m': 439.246, 'duration_s': 69.636, 'instruction': 'Siga por la derecha en dirección a Carrera 55.'}, {'lat': 6.179496, 'lon': -75.638114, 'type': 'turn', 'modifier': 'slight left', 'distance_m': 228.139, 'duration_s': 35.731, 'instruction': 'Siga por la izquierda en dirección a Calle 47 Sur.'}, {'lat': 6.180335, 'lon': -75.639954, 'type': 'turn', 'modifier': 'slight right', 'distance_m': 140.816, 'duration_s': 22.636, 'instruction': 'Siga por la derecha en dirección a Carrera 58.'}, {'lat': 6.181569, 'lon': -75.639875, 'type': 'turn', 'modifier': 'left', 'distance_m': 397.561, 'duration_s': 63.388, 'instruction': 'Gire a la izquierda hacia Calle 43 Sur.'}, {'lat': 6.183283, 'lon': -75.641639, 'type': 'turn', 'modifier': 'left', 'distance_m': 443.332, 'duration_s': 65.28, 'instruction': 'Gire a la izquierda hacia Diagonal 60E.'}, {'lat': 6.185362, 'lon': -75.644866, 'type': 'turn', 'modifier': 'slight left', 'distance_m': 169.656, 'duration_s': 22.93, 'instruction': 'Siga por la izquierda en dirección a Calle 40A Sur.'}, {'lat': 6.185377, 'lon': -75.646297, 'type': 'new name', 'modifier': 'right', 'distance_m': 117.76, 'duration_s': 15.961, 'instruction': 'Gire a la derecha hacia Carrera 65C.'}, {'lat': 6.186246, 'lon': -75.64579, 'type': 'turn', 'modifier': 'slight left', 'distance_m': 114.512, 'duration_s': 15.838, 'instruction': 'Siga por la izquierda en dirección a Calle 38A Sur.'}, {'lat': 6.186859, 'lon': -75.646585, 'type': 'turn', 'modifier': 'slight left', 'distance_m': 259.228, 'duration_s': 35.133, 'instruction': 'Siga por la izquierda en dirección a Carrera 66A.'}, {'lat': 6.18542, 'lon': -75.648202, 'type': 'turn', 'modifier': 'left', 'distance_m': 47.402, 'duration_s': 9.373, 'instruction': 'Gire a la izquierda hacia Carrera 67.'}, {'lat': 6.185036, 'lon': -75.648295, 'type': 'turn', 'modifier': 'right', 'distance_m': 887.203, 'duration_s': 173.996, 'instruction': 'Gire a la derecha hacia Calle 40A Sur.'}, {'lat': 6.185832, 'lon': -75.65597, 'type': 'end of road', 'modifier': 'right', 'distance_m': 106.166, 'duration_s': 18.514, 'instruction': 'Gire a la derecha hacia Carrera 79.'}, {'lat': 6.186784, 'lon': -75.655914, 'type': 'turn', 'modifier': 'left', 'distance_m': 1631.544, 'duration_s': 291.713, 'instruction': 'Gire a la izquierda hacia Calle 38 Sur.'}, {'lat': 6.190446, 'lon': -75.667006, 'type': 'end of road', 'modifier': 'right', 'distance_m': 233.366, 'duration_s': 40.698, 'instruction': 'Gire a la derecha hacia San Antonio de Prado - Heliconia.'}, {'lat': 6.192243, 'lon': -75.666383, 'type': 'end of road', 'modifier': 'left', 'distance_m': 1736.351, 'duration_s': 309.186, 'instruction': 'Gire a la izquierda para permanecer en San Antonio de Prado - Heliconia.'}, {'lat': 6.193499, 'lon': -75.676314, 'type': 'turn', 'modifier': 'right', 'distance_m': 59.19, 'duration_s': 11.547, 'instruction': 'Gire a la derecha.'}, {'lat': 6.193971, 'lon': -75.676071, 'type': 'turn', 'modifier': 'left', 'distance_m': 17602.865, 'duration_s': 3909.173, 'instruction': 'Gire a la izquierda.'}, {'lat': 6.203899, 'lon': -75.73537, 'type': 'turn', 'modifier': 'right', 'distance_m': 140.979, 'duration_s': 25.767, 'instruction': 'Gire a la derecha.'}, {'lat': 6.205115, 'lon': -75.735259, 'type': 'turn', 'modifier': 'right', 'distance_m': 304.609, 'duration_s': 44.186, 'instruction': 'Gire a la derecha.'}, {'lat': 6.204672, 'lon': -75.732695, 'type': 'turn', 'modifier': 'left', 'distance_m': 250.776, 'duration_s': 36.112, 'instruction': 'Gire a la izquierda.'}, {'lat': 6.20667, 'lon': -75.733652, 'type': 'arrive', 'modifier': '', 'distance_m': 0, 'duration_s': 0, 'instruction': 'Ha llegado a su destino.'}]","Medellín, Antioquia, Colombia","Heliconia, Antioquia, Colombia",6.250937,-75.56733,6.20667,-75.73365,41.620816,111,
KM9G,alamc,51980b91-e2de-4698-ad81-4d40cabe47b1,finalizada,2026-08-11 13:29:54.027806+00,,,,,,,,,,,
KSP3,alma,51980b91-e2de-4698-ad81-4d40cabe47b1,finalizada,2026-07-21 13:07:43.975915+00,,,,,,,,,,,
KW5M,cass,51980b91-e2de-4698-ad81-4d40cabe47b1,finalizada,2026-09-13 11:34:11.035862+00,,,,,,,,,,,
LD25GA,Rodada,ae17b979-507b-44fd-87d3-ee8d742adb13,finalizada,2026-07-17 12:56:09.884753+00,,,,,,,,,,,
LXEMBH,alma,51980b91-e2de-4698-ad81-4d40cabe47b1,finalizada,2026-07-18 13:30:23.867862+00,,,,,,,,,,,
MTANDP,Rodada Oriente Antioqueño,ae17b979-507b-44fd-87d3-ee8d742adb13,finalizada,2026-07-02 19:45:21.56727+00,,,,,,,,,,,
MVS7ZM,Rodada Oriente Antioqueño,51980b91-e2de-4698-ad81-4d40cabe47b1,finalizada,2026-07-04 18:31:08.960484+00,,,,,,,,,,,
N7DGC5,guarme,51980b91-e2de-4698-ad81-4d40cabe47b1,finalizada,2026-07-13 21:12:57.766694+00,,,,,,,,,,,
N7UL,casa,51980b91-e2de-4698-ad81-4d40cabe47b1,finalizada,2026-08-05 22:32:53.064912+00,,,,,,,,,,,
NBBA,casa,51980b91-e2de-4698-ad81-4d40cabe47b1,finalizada,2026-07-21 23:26:03.451638+00,,,,,,,,,,,
NJTHXR,Rodada Oriente Antioqueño,51980b91-e2de-4698-ad81-4d40cabe47b1,finalizada,2026-07-04 18:27:40.433051+00,,,,,,,,,,,
NZHM,ddf,51980b91-e2de-4698-ad81-4d40cabe47b1,finalizada,2026-08-14 20:57:16.166992+00,,,,,,,,,,,
P8ADZF,Rodada Oriente Antioqueño,b9a04a06-cf2c-4cd7-ab32-36e345087984,finalizada,2026-06-30 17:37:29.42328+00,,,,,,,,,,,
PMPATS,centro,ae17b979-507b-44fd-87d3-ee8d742adb13,finalizada,2026-07-16 13:04:57.958648+00,,,,,,,,,,,
PUHLG8,cc,51980b91-e2de-4698-ad81-4d40cabe47b1,finalizada,2026-07-15 19:48:08.990398+00,,,,,,,,,,,
PUHN,casa,51980b91-e2de-4698-ad81-4d40cabe47b1,finalizada,2026-07-21 23:19:06.225624+00,,,,,,,,,,,
R2L95T,alma,51980b91-e2de-4698-ad81-4d40cabe47b1,finalizada,2026-07-18 13:15:57.803539+00,,,,,,,,,,,
RUZRC2,hhh,51980b91-e2de-4698-ad81-4d40cabe47b1,finalizada,2026-07-20 18:33:22.640366+00,,,,,,,,,,,
S236,almancen,51980b91-e2de-4698-ad81-4d40cabe47b1,finalizada,2026-08-10 13:15:00.529836+00,,,,,,,,,,,
SJFR,arvi,51980b91-e2de-4698-ad81-4d40cabe47b1,finalizada,2026-07-22 17:10:26.331043+00,"{'type': 'LineString', 'coordinates': [[-75.573523, 6.244994], [-75.573516, 6.245392], [-75.573516, 6.245431], [-75.572849, 6.245198], [-75.572758, 6.245167], [-75.572706, 6.24515], [-75.572594, 6.24521], [-75.57183, 6.245021], [-75.571604, 6.244939], [-75.571522, 6.244909], [-75.571431, 6.244872], [-75.570912, 6.244661], [-75.570829, 6.244627], [-75.570758, 6.2446], [-75.570699, 6.244577], [-75.570671, 6.244566], [-75.570039, 6.244318], [-75.569896, 6.244262], [-75.56979, 6.244222], [-75.568827, 6.243903], [-75.568286, 6.243724], [-75.568203, 6.243631], [-75.56816, 6.243555], [-75.568134, 6.243489], [-75.568117, 6.243416], [-75.568105, 6.243335], [-75.568107, 6.243245], [-75.568135, 6.243184], [-75.568168, 6.243132], [-75.568221, 6.243085], [-75.568296, 6.243058], [-75.568368, 6.243057], [-75.568448, 6.243073], [-75.568511, 6.24311], [-75.568557, 6.24316], [-75.56859, 6.243217], [-75.568605, 6.243282], [-75.568607, 6.243355], [-75.568605, 6.243425], [-75.568435, 6.243751], [-75.568335, 6.243937], [-75.568277, 6.244047], [-75.568141, 6.244265], [-75.568117, 6.244305], [-75.567951, 6.244538], [-75.567805, 6.244735], [-75.567665, 6.244923], [-75.567315, 6.245405], [-75.567227, 6.245519], [-75.566859, 6.24599], [-75.566745, 6.246147], [-75.566672, 6.246237], [-75.566287, 6.246749], [-75.566233, 6.246817], [-75.565815, 6.247346], [-75.565753, 6.247429], [-75.565735, 6.247453], [-75.56573, 6.24746], [-75.565723, 6.24747], [-75.565706, 6.247492], [-75.565701, 6.247499], [-75.565688, 6.247517], [-75.565669, 6.247541], [-75.565627, 6.247598], [-75.565495, 6.247775], [-75.565229, 6.248154], [-75.565126, 6.248307], [-75.564941, 6.248598], [-75.564838, 6.248765], [-75.564748, 6.24892], [-75.564706, 6.248993], [-75.564676, 6.24904], [-75.564641, 6.249096], [-75.564593, 6.249173], [-75.564521, 6.2493], [-75.564165, 6.249956], [-75.563921, 6.250406], [-75.56385, 6.25053], [-75.563774, 6.250666], [-75.56349, 6.251154], [-75.563422, 6.251269], [-75.563363, 6.251365], [-75.563011, 6.251937], [-75.562716, 6.252421], [-75.562588, 6.252636], [-75.562265, 6.253214], [-75.562237, 6.253268], [-75.56221, 6.253325], [-75.562153, 6.253483], [-75.562129, 6.253566], [-75.562108, 6.253656], [-75.562094, 6.253761], [-75.562086, 6.253843], [-75.562086, 6.253906], [-75.562092, 6.254029], [-75.562106, 6.254129], [-75.562133, 6.254248], [-75.562155, 6.254331], [-75.562175, 6.254501], [-75.562178, 6.254568], [-75.562178, 6.25463], [-75.562174, 6.254678], [-75.562172, 6.254696], [-75.562167, 6.254755], [-75.562155, 6.254814], [-75.562147, 6.254837], [-75.562133, 6.254873], [-75.562025, 6.255071], [-75.561789, 6.255433], [-75.561759, 6.25548], [-75.561721, 6.255538], [-75.561309, 6.256164], [-75.561273, 6.256218], [-75.560871, 6.256825], [-75.560842, 6.256867], [-75.560411, 6.25752], [-75.56037, 6.257583], [-75.559875, 6.258331], [-75.559466, 6.258962], [-75.559437, 6.259006], [-75.559148, 6.259451], [-75.558579, 6.260327], [-75.558319, 6.260727], [-75.558238, 6.26086], [-75.558202, 6.260934], [-75.558094, 6.26131], [-75.558065, 6.261431], [-75.557961, 6.261879], [-75.557938, 6.261965], [-75.557914, 6.262005], [-75.557891, 6.262024], [-75.557859, 6.262036], [-75.557797, 6.262043], [-75.557475, 6.262007], [-75.557436, 6.261999], [-75.557397, 6.261986], [-75.557361, 6.261962], [-75.557035, 6.261624], [-75.556959, 6.261552], [-75.556913, 6.261515], [-75.556878, 6.261493], [-75.556829, 6.26148], [-75.556776, 6.261472], [-75.55652, 6.261441], [-75.556435, 6.261433], [-75.556366, 6.261432], [-75.556318, 6.261435], [-75.556135, 6.261271], [-75.555869, 6.26103], [-75.555809, 6.261007], [-75.555756, 6.261006], [-75.55569, 6.261025], [-75.555631, 6.261059], [-75.555574, 6.261115], [-75.555533, 6.261172], [-75.555507, 6.261231], [-75.555429, 6.261549], [-75.555362, 6.261679], [-75.555277, 6.261793], [-75.555069, 6.262013], [-75.554927, 6.262146], [-75.554828, 6.262256], [-75.554783, 6.262324], [-75.554517, 6.262723], [-75.554362, 6.262924], [-75.554352, 6.263016], [-75.554282, 6.263597], [-75.554214, 6.264159], [-75.554209, 6.264202], [-75.554203, 6.26425], [-75.554103, 6.265083], [-75.554036, 6.265643], [-75.553957, 6.266135], [-75.553949, 6.266219], [-75.553937, 6.266297], [-75.553875, 6.266887], [-75.553831, 6.267263], [-75.553784, 6.267263], [-75.553738, 6.267273], [-75.553555, 6.26732], [-75.553361, 6.267368], [-75.552985, 6.267466], [-75.552466, 6.2676], [-75.552005, 6.267723], [-75.551584, 6.267832], [-75.55155, 6.267842], [-75.551516, 6.267848], [-75.55145, 6.267858], [-75.551387, 6.267863], [-75.55122, 6.267879], [-75.551071, 6.267891], [-75.550663, 6.267925], [-75.550184, 6.267971], [-75.549937, 6.267993], [-75.549762, 6.268008], [-75.549701, 6.268014], [-75.549675, 6.268086], [-75.549631, 6.268148], [-75.549597, 6.26819], [-75.549544, 6.268234], [-75.549336, 6.26838], [-75.549287, 6.268419], [-75.549235, 6.268466], [-75.549206, 6.268491], [-75.549159, 6.268576], [-75.549145, 6.268597], [-75.549123, 6.268663], [-75.549118, 6.268724], [-75.549124, 6.26878], [-75.549156, 6.269124], [-75.549184, 6.269431], [-75.549177, 6.269534], [-75.549109, 6.269681], [-75.549092, 6.269727], [-75.549091, 6.269786], [-75.5491, 6.269823], [-75.549131, 6.26988], [-75.549186, 6.269921], [-75.549453, 6.270076], [-75.549506, 6.270111], [-75.549533, 6.27016], [-75.549547, 6.270243], [-75.549422, 6.27084], [-75.549301, 6.271057], [-75.549163, 6.271162], [-75.548849, 6.271354], [-75.548807, 6.27139], [-75.548751, 6.27144], [-75.548689, 6.27151], [-75.548658, 6.271586], [-75.548645, 6.271625], [-75.548645, 6.271668], [-75.548708, 6.271813], [-75.54885, 6.272041], [-75.548867, 6.272077], [-75.548881, 6.272128], [-75.548881, 6.272195], [-75.548865, 6.272291], [-75.54869, 6.272717], [-75.548542, 6.273004], [-75.548529, 6.273062], [-75.548518, 6.273139], [-75.548533, 6.273585], [-75.548517, 6.273638], [-75.548499, 6.273716], [-75.548472, 6.273815], [-75.548403, 6.274015], [-75.548311, 6.274185], [-75.547996, 6.274566], [-75.547834, 6.274721], [-75.547676, 6.274805], [-75.547577, 6.274901], [-75.547536, 6.274989], [-75.547487, 6.275144], [-75.547539, 6.275591], [-75.547636, 6.276096], [-75.547642, 6.276232], [-75.547503, 6.276854], [-75.547448, 6.27712], [-75.547471, 6.277266], [-75.547534, 6.277402], [-75.547621, 6.277555], [-75.547736, 6.277741], [-75.547803, 6.277849], [-75.547822, 6.277932], [-75.547819, 6.278046], [-75.547691, 6.278454], [-75.547635, 6.278645], [-75.547615, 6.279061], [-75.547613, 6.279105], [-75.547586, 6.279263], [-75.547525, 6.27941], [-75.547424, 6.279562], [-75.547316, 6.279641], [-75.54721, 6.279714], [-75.5471, 6.27976], [-75.54679, 6.279775], [-75.546695, 6.27978], [-75.546603, 6.279796], [-75.546588, 6.279802], [-75.546565, 6.279825], [-75.546065, 6.28048], [-75.546005, 6.280568], [-75.545985, 6.280607], [-75.545781, 6.281012], [-75.545774, 6.281053], [-75.545727, 6.28131], [-75.545698, 6.281493], [-75.54556, 6.281767], [-75.545402, 6.282106], [-75.545392, 6.282216], [-75.545402, 6.282344], [-75.545463, 6.28259], [-75.545481, 6.282679], [-75.545505, 6.282771], [-75.545531, 6.282838], [-75.54556, 6.282887], [-75.545686, 6.282999], [-75.545743, 6.28305], [-75.545769, 6.283078], [-75.54579, 6.283105], [-75.545802, 6.283132], [-75.545808, 6.283171], [-75.545811, 6.283219], [-75.545776, 6.283285], [-75.545726, 6.283405], [-75.545699, 6.28348], [-75.545685, 6.283611], [-75.545804, 6.283765], [-75.54588, 6.283891], [-75.545933, 6.283999], [-75.545944, 6.284074], [-75.545931, 6.284132], [-75.545906, 6.284178], [-75.545875, 6.284216], [-75.545826, 6.284242], [-75.54569, 6.284284], [-75.545335, 6.284336], [-75.54501, 6.284385], [-75.544862, 6.284432], [-75.544747, 6.284489], [-75.544677, 6.284543], [-75.544629, 6.2846], [-75.544555, 6.284751], [-75.544491, 6.284917], [-75.544473, 6.285054], [-75.544475, 6.285097], [-75.544512, 6.285366], [-75.54451, 6.285458], [-75.544491, 6.285528], [-75.54443, 6.285653], [-75.544308, 6.285778], [-75.544273, 6.285813], [-75.544241, 6.285855], [-75.544221, 6.2859], [-75.544215, 6.285944], [-75.544216, 6.285994], [-75.544218, 6.286072], [-75.544219, 6.286156], [-75.54422, 6.286179], [-75.544212, 6.286301], [-75.544209, 6.286335], [-75.544175, 6.28646], [-75.544162, 6.28651], [-75.54414, 6.286581], [-75.544127, 6.28665], [-75.544121, 6.28674], [-75.544126, 6.286828], [-75.544134, 6.28688], [-75.544155, 6.287027], [-75.544183, 6.287226], [-75.544202, 6.28736], [-75.544231, 6.287475], [-75.544245, 6.287523], [-75.544255, 6.287569], [-75.544396, 6.287996], [-75.544438, 6.288119], [-75.544521, 6.288328], [-75.544582, 6.288497], [-75.544594, 6.288571], [-75.544595, 6.288644], [-75.544578, 6.288713], [-75.544552, 6.288784], [-75.544512, 6.288854], [-75.544443, 6.288983], [-75.544378, 6.289082], [-75.544336, 6.289147], [-75.544301, 6.289217], [-75.544267, 6.289303], [-75.544251, 6.28935], [-75.544206, 6.289558], [-75.544166, 6.289626], [-75.544114, 6.289686], [-75.544059, 6.289736], [-75.543977, 6.289775], [-75.543883, 6.2898], [-75.543788, 6.289815], [-75.543644, 6.289811], [-75.543456, 6.289781], [-75.54332, 6.289732], [-75.543204, 6.289702], [-75.543141, 6.289701], [-75.543068, 6.289716], [-75.543007, 6.289747], [-75.542976, 6.28978], [-75.542952, 6.289822], [-75.542933, 6.289903], [-75.542928, 6.289986], [-75.542927, 6.290078], [-75.542935, 6.290331], [-75.542914, 6.290609], [-75.542905, 6.290781], [-75.542891, 6.290858], [-75.542867, 6.290898], [-75.54267, 6.291108], [-75.542643, 6.291151], [-75.54263, 6.291197], [-75.542611, 6.291277], [-75.54265, 6.291632], [-75.542645, 6.291846], [-75.542626, 6.291919], [-75.542597, 6.29199], [-75.54247, 6.292173], [-75.542385, 6.292277], [-75.542345, 6.292285], [-75.542241, 6.292345], [-75.542141, 6.292395], [-75.542042, 6.292432], [-75.541938, 6.292477], [-75.541866, 6.292514], [-75.54182, 6.292535], [-75.541779, 6.292557], [-75.541723, 6.292601], [-75.541687, 6.292635], [-75.541663, 6.292663], [-75.541636, 6.292693], [-75.54159, 6.292762], [-75.541564, 6.292826], [-75.541542, 6.292891], [-75.541506, 6.292991], [-75.541497, 6.293011], [-75.541472, 6.293146], [-75.541469, 6.293169], [-75.541455, 6.293268], [-75.541449, 6.29337], [-75.541452, 6.293455], [-75.541489, 6.293716], [-75.541505, 6.293916], [-75.541502, 6.294184], [-75.541476, 6.29432], [-75.541428, 6.294428], [-75.541395, 6.294515], [-75.54134, 6.294594], [-75.541289, 6.29467], [-75.54115, 6.294777], [-75.540914, 6.294936], [-75.540488, 6.295197], [-75.540268, 6.295334], [-75.540069, 6.295504], [-75.539974, 6.295637], [-75.539931, 6.295777], [-75.539931, 6.295906], [-75.539948, 6.296125], [-75.539943, 6.296242], [-75.539889, 6.296418], [-75.539843, 6.29646], [-75.539745, 6.296546], [-75.539601, 6.296621], [-75.539413, 6.296694], [-75.539266, 6.296732], [-75.539136, 6.296737], [-75.538969, 6.296734], [-75.538871, 6.296706], [-75.538837, 6.296699], [-75.538648, 6.296763], [-75.53855, 6.296842], [-75.538463, 6.296958], [-75.538416, 6.297124], [-75.538397, 6.297323], [-75.538342, 6.297437], [-75.538255, 6.297528], [-75.538145, 6.297566], [-75.538012, 6.297549], [-75.537908, 6.297504], [-75.537792, 6.297445], [-75.537674, 6.297425], [-75.537535, 6.297433], [-75.537361, 6.29745], [-75.537294, 6.297457], [-75.5372, 6.297472], [-75.537025, 6.297501], [-75.536912, 6.297509], [-75.536825, 6.297517], [-75.536438, 6.297555], [-75.536333, 6.297641], [-75.536265, 6.297703], [-75.536065, 6.297906], [-75.535889, 6.298187], [-75.535871, 6.298245], [-75.535855, 6.298294], [-75.535858, 6.29837], [-75.535903, 6.29848], [-75.53592, 6.29849], [-75.536086, 6.298583], [-75.536252, 6.298644], [-75.536366, 6.298703], [-75.53642, 6.298802], [-75.536428, 6.298907], [-75.536408, 6.298972], [-75.536374, 6.299084], [-75.536278, 6.299252], [-75.536105, 6.299527], [-75.535972, 6.299645], [-75.535838, 6.299713], [-75.535817, 6.299728], [-75.535741, 6.299784], [-75.535699, 6.299816], [-75.535695, 6.299859], [-75.535684, 6.299938], [-75.535709, 6.300018], [-75.535775, 6.300113], [-75.535843, 6.300142], [-75.535965, 6.300195], [-75.536054, 6.30026], [-75.536104, 6.300319], [-75.536127, 6.300382], [-75.536098, 6.300477], [-75.536056, 6.300581], [-75.536037, 6.300649], [-75.53603, 6.300697], [-75.536022, 6.300751], [-75.536041, 6.300833], [-75.536092, 6.300913], [-75.536217, 6.301064], [-75.536375, 6.301232], [-75.536447, 6.301305], [-75.536628, 6.301529], [-75.536834, 6.301726], [-75.536882, 6.301798], [-75.536895, 6.301862], [-75.53689, 6.301954], [-75.536856, 6.302103], [-75.536814, 6.302229], [-75.536767, 6.302419], [-75.536765, 6.302427], [-75.536707, 6.302598], [-75.536616, 6.302837], [-75.536547, 6.303036], [-75.536484, 6.303171], [-75.536442, 6.303247], [-75.536378, 6.303358], [-75.536313, 6.303443], [-75.536174, 6.303624], [-75.536022, 6.303806], [-75.535812, 6.304054], [-75.535741, 6.304195], [-75.535735, 6.304277], [-75.535748, 6.304475], [-75.535771, 6.304667], [-75.535788, 6.304852], [-75.535795, 6.304996], [-75.535782, 6.305195], [-75.535792, 6.305383], [-75.535813, 6.30551], [-75.535951, 6.305717], [-75.53616, 6.305871], [-75.536352, 6.306027], [-75.536404, 6.306082], [-75.536424, 6.306117], [-75.536448, 6.306184], [-75.536461, 6.306311], [-75.536437, 6.306386], [-75.536387, 6.306447], [-75.536351, 6.306465], [-75.536251, 6.306504], [-75.536095, 6.306544], [-75.535995, 6.306571], [-75.53579, 6.306601], [-75.535655, 6.306589], [-75.535552, 6.306571], [-75.535413, 6.306523], [-75.535261, 6.306401], [-75.535204, 6.306355], [-75.53511, 6.306284], [-75.534981, 6.306175], [-75.534889, 6.306143], [-75.534762, 6.306096], [-75.534729, 6.306083], [-75.534593, 6.306041], [-75.534508, 6.306038], [-75.534468, 6.306037], [-75.534393, 6.306058], [-75.534329, 6.306095], [-75.534227, 6.306205], [-75.534026, 6.30664], [-75.533943, 6.306757], [-75.533832, 6.306865], [-75.533737, 6.306949], [-75.533484, 6.307129], [-75.533411, 6.307143], [-75.533324, 6.307147], [-75.533138, 6.307026], [-75.532394, 6.306428], [-75.532157, 6.305973], [-75.532102, 6.30574], [-75.532043, 6.305634], [-75.531936, 6.305569], [-75.531886, 6.305564], [-75.531828, 6.305563], [-75.531701, 6.30562], [-75.53153, 6.305642], [-75.531398, 6.30562], [-75.531225, 6.305592], [-75.531065, 6.305629], [-75.530891, 6.305645], [-75.530644, 6.305671], [-75.530451, 6.305752], [-75.530296, 6.305909], [-75.530102, 6.30604], [-75.530008, 6.306061], [-75.529842, 6.306032], [-75.52959, 6.30597], [-75.529338, 6.305915], [-75.529121, 6.305856], [-75.529104, 6.305925], [-75.529029, 6.305982], [-75.528965, 6.306069], [-75.528911, 6.306222], [-75.528899, 6.306269], [-75.528846, 6.306482], [-75.528764, 6.30664], [-75.528697, 6.306714], [-75.528629, 6.306768], [-75.528523, 6.306787], [-75.528276, 6.306757], [-75.52797, 6.306683], [-75.527952, 6.306679], [-75.527846, 6.306664], [-75.527702, 6.306699], [-75.52765, 6.306737], [-75.527584, 6.306785], [-75.527521, 6.306863], [-75.527422, 6.306943], [-75.527339, 6.306971], [-75.527112, 6.307036], [-75.527063, 6.307066], [-75.527008, 6.30712], [-75.526945, 6.307263], [-75.526897, 6.307394], [-75.526786, 6.307452], [-75.526675, 6.307429], [-75.526603, 6.307372], [-75.526441, 6.307162], [-75.526318, 6.307042], [-75.526184, 6.306992], [-75.525738, 6.307008], [-75.525646, 6.306988], [-75.52559, 6.30698], [-75.525471, 6.30702], [-75.525356, 6.307088], [-75.525267, 6.307101], [-75.525165, 6.307094], [-75.525011, 6.306991], [-75.524941, 6.306956], [-75.52485, 6.306961], [-75.524777, 6.306988], [-75.524682, 6.307076], [-75.524587, 6.307254], [-75.524518, 6.307369], [-75.524433, 6.307422], [-75.52433, 6.30746], [-75.52417, 6.307519], [-75.524093, 6.307604], [-75.524085, 6.307692], [-75.524219, 6.307921], [-75.524316, 6.308027], [-75.524348, 6.308155], [-75.524327, 6.308241], [-75.524107, 6.308678], [-75.524002, 6.308762], [-75.523878, 6.308795], [-75.523655, 6.308827], [-75.523581, 6.308865], [-75.523484, 6.308982], [-75.523358, 6.309112], [-75.523291, 6.309131], [-75.523088, 6.309089], [-75.522828, 6.309028], [-75.522723, 6.309028], [-75.522578, 6.309079], [-75.52238, 6.309244], [-75.522284, 6.309416], [-75.522139, 6.309802], [-75.522145, 6.309945], [-75.522193, 6.310076], [-75.522243, 6.310189], [-75.522293, 6.310338], [-75.522376, 6.31064], [-75.522525, 6.310845], [-75.522723, 6.31098], [-75.523213, 6.311237], [-75.523336, 6.311309], [-75.523426, 6.311409], [-75.52343, 6.311554], [-75.523339, 6.311683], [-75.523213, 6.311728], [-75.523043, 6.311717], [-75.522868, 6.311678], [-75.522763, 6.311673], [-75.522568, 6.311681], [-75.521832, 6.311687], [-75.521549, 6.311833], [-75.521318, 6.311982], [-75.52106, 6.312238], [-75.520655, 6.312779], [-75.520647, 6.312977], [-75.52079, 6.313601], [-75.520816, 6.313707], [-75.520803, 6.313784], [-75.520653, 6.313983], [-75.520635, 6.314036], [-75.520649, 6.314098], [-75.520744, 6.314278], [-75.520858, 6.314644], [-75.520894, 6.314769], [-75.520891, 6.314905], [-75.520803, 6.314999], [-75.520694, 6.315021], [-75.520561, 6.315024], [-75.520344, 6.315008], [-75.520244, 6.315004], [-75.520021, 6.315045], [-75.519958, 6.315069], [-75.519869, 6.315112], [-75.519761, 6.315195], [-75.51967, 6.315301], [-75.519592, 6.315403], [-75.51955, 6.315453], [-75.519491, 6.315503], [-75.519375, 6.315571], [-75.51922, 6.315662], [-75.519015, 6.315811], [-75.518976, 6.31584], [-75.51892, 6.31586], [-75.518862, 6.315868], [-75.51881, 6.315864], [-75.518708, 6.315805], [-75.518571, 6.315698], [-75.518496, 6.315674], [-75.518414, 6.31568], [-75.518351, 6.31571], [-75.51831, 6.315753], [-75.518231, 6.315861], [-75.518095, 6.316017], [-75.517964, 6.316157], [-75.517855, 6.3163], [-75.517775, 6.316439], [-75.517741, 6.31652], [-75.517662, 6.316597], [-75.51758, 6.316629], [-75.517489, 6.316649], [-75.517429, 6.316652], [-75.517355, 6.31664], [-75.517287, 6.3166], [-75.517186, 6.316544], [-75.517083, 6.3165], [-75.517007, 6.316484], [-75.516942, 6.316488], [-75.51688, 6.316498], [-75.516686, 6.316537], [-75.516575, 6.316562], [-75.516464, 6.316593], [-75.51632, 6.31665], [-75.516042, 6.316816], [-75.515812, 6.316965], [-75.515732, 6.316999], [-75.515636, 6.317029], [-75.515519, 6.317029], [-75.515223, 6.316965], [-75.514996, 6.316947], [-75.514802, 6.316971], [-75.514673, 6.317001], [-75.514632, 6.31701], [-75.514566, 6.317036], [-75.514458, 6.317027], [-75.514365, 6.316999], [-75.514319, 6.316963], [-75.51427, 6.316932], [-75.5142, 6.316842], [-75.514111, 6.316743], [-75.514054, 6.316662], [-75.514008, 6.316562], [-75.513986, 6.316481], [-75.513998, 6.316377], [-75.513987, 6.316311], [-75.513991, 6.31623], [-75.513999, 6.316156], [-75.514014, 6.315985], [-75.514045, 6.315784], [-75.514049, 6.315613], [-75.514035, 6.315502], [-75.514005, 6.315423], [-75.513981, 6.315371], [-75.513935, 6.315319], [-75.513903, 6.315263], [-75.513757, 6.315081], [-75.513648, 6.314972], [-75.513575, 6.31491], [-75.51353, 6.314823], [-75.513521, 6.314743], [-75.513523, 6.314657], [-75.513525, 6.314603], [-75.513513, 6.314557], [-75.513474, 6.314508], [-75.513421, 6.314461], [-75.51329, 6.314384], [-75.513169, 6.314319], [-75.513093, 6.314262], [-75.513055, 6.314223], [-75.513029, 6.314173], [-75.513016, 6.314108], [-75.513009, 6.314049], [-75.51302, 6.313952], [-75.513038, 6.313878], [-75.513054, 6.313813], [-75.513053, 6.313769], [-75.513035, 6.313681], [-75.512985, 6.313541], [-75.512953, 6.313437], [-75.512873, 6.313234], [-75.51278, 6.312913], [-75.512709, 6.312733], [-75.512676, 6.312627], [-75.512667, 6.312547], [-75.512668, 6.312491], [-75.512696, 6.312426], [-75.512729, 6.312377], [-75.512769, 6.312327], [-75.512811, 6.312265], [-75.512887, 6.312182], [-75.512966, 6.312086], [-75.513061, 6.312003], [-75.513131, 6.311926], [-75.513191, 6.311864], [-75.513227, 6.311803], [-75.513248, 6.311737], [-75.513252, 6.311656], [-75.513242, 6.311623], [-75.513224, 6.311581], [-75.513173, 6.311452], [-75.513154, 6.311382], [-75.513128, 6.3113], [-75.513117, 6.311241], [-75.513106, 6.311158], [-75.513055, 6.310972], [-75.513003, 6.310849], [-75.512967, 6.310774], [-75.512941, 6.310671], [-75.512933, 6.310597], [-75.512941, 6.310503], [-75.512956, 6.310411], [-75.512959, 6.310315], [-75.51296, 6.310239], [-75.512955, 6.310167], [-75.512951, 6.310107], [-75.512929, 6.310036], [-75.512882, 6.309985], [-75.512823, 6.309933], [-75.512763, 6.309887], [-75.512668, 6.309785], [-75.512524, 6.309629], [-75.512391, 6.309501], [-75.512244, 6.30934], [-75.512184, 6.309263], [-75.512149, 6.309192], [-75.512126, 6.30914], [-75.512122, 6.309095], [-75.512092, 6.30889], [-75.512084, 6.308857], [-75.512071, 6.30882], [-75.51204, 6.308774], [-75.511996, 6.308724], [-75.51197, 6.308701], [-75.511943, 6.308674], [-75.511868, 6.30864], [-75.511753, 6.308608], [-75.511655, 6.30858], [-75.511597, 6.308554], [-75.511542, 6.30853], [-75.511482, 6.30849], [-75.511423, 6.308442], [-75.51138, 6.30841], [-75.511343, 6.308359], [-75.511288, 6.308282], [-75.511237, 6.308178], [-75.511197, 6.308107], [-75.511168, 6.308049], [-75.511132, 6.308002], [-75.511084, 6.307957], [-75.51104, 6.307929], [-75.510519, 6.307685], [-75.510277, 6.307575], [-75.510163, 6.307521], [-75.51007, 6.30748], [-75.510001, 6.307439], [-75.509944, 6.307393], [-75.509875, 6.307315], [-75.509821, 6.307236], [-75.509763, 6.307183], [-75.509699, 6.307137], [-75.509608, 6.307114], [-75.509488, 6.307077], [-75.509375, 6.307053], [-75.509264, 6.307006], [-75.509164, 6.306972], [-75.509099, 6.306945], [-75.509025, 6.306902], [-75.508961, 6.306849], [-75.508923, 6.306776], [-75.508894, 6.306632], [-75.508871, 6.306526], [-75.508811, 6.306437], [-75.508766, 6.306378], [-75.508719, 6.306335], [-75.508562, 6.306258], [-75.508202, 6.306165], [-75.508144, 6.306142], [-75.508084, 6.306101], [-75.507804, 6.305745], [-75.507767, 6.30571], [-75.507463, 6.305533], [-75.507367, 6.305427], [-75.50731, 6.305319], [-75.507259, 6.30522], [-75.507204, 6.305162], [-75.507124, 6.305131], [-75.506817, 6.305087], [-75.506769, 6.305064], [-75.506727, 6.305029], [-75.506685, 6.304975], [-75.506661, 6.30483], [-75.506673, 6.304672], [-75.50669, 6.304446], [-75.506684, 6.304367], [-75.506655, 6.304282], [-75.506574, 6.304178], [-75.506229, 6.303788], [-75.506191, 6.303742], [-75.506147, 6.303687], [-75.505801, 6.303484], [-75.505682, 6.303393], [-75.50544, 6.303161], [-75.505181, 6.302961], [-75.50491, 6.302835], [-75.504845, 6.302793], [-75.504777, 6.302737], [-75.504739, 6.302663], [-75.504726, 6.302559], [-75.504732, 6.302459], [-75.504729, 6.302393], [-75.504712, 6.302336], [-75.504493, 6.302062], [-75.504398, 6.301883], [-75.504365, 6.301724], [-75.504344, 6.301559], [-75.504278, 6.301412], [-75.504052, 6.301098], [-75.503934, 6.300705], [-75.503873, 6.300615], [-75.503685, 6.300454], [-75.503551, 6.300327], [-75.503459, 6.300259], [-75.503374, 6.300247], [-75.503301, 6.30028], [-75.503251, 6.30035], [-75.503251, 6.300417], [-75.503284, 6.300495], [-75.503393, 6.300609], [-75.503428, 6.300678], [-75.503504, 6.300909], [-75.503589, 6.301154], [-75.503603, 6.301259], [-75.503591, 6.301337], [-75.503551, 6.301383], [-75.503416, 6.301459], [-75.502965, 6.30164], [-75.502875, 6.30169], [-75.502807, 6.301757], [-75.502636, 6.302053], [-75.502556, 6.302158], [-75.502497, 6.302206], [-75.502413, 6.302218], [-75.502328, 6.302208], [-75.502212, 6.302142], [-75.502107, 6.302038], [-75.50199, 6.301922], [-75.501957, 6.301829], [-75.501957, 6.301576], [-75.501925, 6.301437], [-75.501859, 6.301338], [-75.501716, 6.301269], [-75.501557, 6.301267], [-75.501195, 6.301272], [-75.501056, 6.301251], [-75.500863, 6.301187], [-75.500626, 6.30106], [-75.500412, 6.300952], [-75.500371, 6.300938], [-75.500329, 6.300937], [-75.500293, 6.300943], [-75.500257, 6.300963], [-75.500128, 6.301001], [-75.500065, 6.301025], [-75.499995, 6.301021], [-75.499918, 6.301022], [-75.499849, 6.300992], [-75.499713, 6.300911], [-75.499548, 6.300717], [-75.499388, 6.300603], [-75.499287, 6.300573], [-75.499183, 6.300563], [-75.499071, 6.300581], [-75.498955, 6.300324], [-75.498949, 6.300281], [-75.498955, 6.300232], [-75.498992, 6.300174], [-75.499059, 6.300105], [-75.499093, 6.300083], [-75.499134, 6.300077], [-75.499297, 6.300137], [-75.499534, 6.300271], [-75.499733, 6.300394], [-75.4998, 6.300409], [-75.499859, 6.300403], [-75.500002, 6.300373], [-75.500186, 6.300326], [-75.500337, 6.300307], [-75.500573, 6.300291], [-75.500857, 6.300243], [-75.501147, 6.300173], [-75.501244, 6.300131], [-75.501254, 6.30012], [-75.501305, 6.300025], [-75.501293, 6.299934], [-75.501236, 6.299787], [-75.501073, 6.299617], [-75.501003, 6.299463], [-75.500962, 6.299313], [-75.500952, 6.299251], [-75.500963, 6.299212], [-75.500983, 6.299184], [-75.501019, 6.299137], [-75.501087, 6.299104], [-75.501161, 6.299073], [-75.501516, 6.29901], [-75.501611, 6.29895], [-75.501679, 6.298863], [-75.501742, 6.298779], [-75.501772, 6.298674], [-75.501759, 6.298544], [-75.501706, 6.298446], [-75.501582, 6.298313], [-75.501557, 6.298236], [-75.501546, 6.298025], [-75.501609, 6.297721], [-75.501684, 6.29756], [-75.501705, 6.297513], [-75.501753, 6.29738], [-75.501785, 6.297204], [-75.501796, 6.29714], [-75.501796, 6.297054], [-75.501753, 6.29672], [-75.501711, 6.296643], [-75.501651, 6.296602], [-75.501528, 6.29661], [-75.501408, 6.296621], [-75.501223, 6.296631], [-75.501002, 6.296584], [-75.500908, 6.296516], [-75.500855, 6.296431], [-75.500836, 6.296304], [-75.500863, 6.296082], [-75.500844, 6.295856], [-75.500772, 6.295712], [-75.500707, 6.295627], [-75.500613, 6.295547], [-75.500476, 6.295464], [-75.500165, 6.295349], [-75.500082, 6.295288], [-75.500034, 6.295045], [-75.500012, 6.29496], [-75.499932, 6.294896], [-75.49979, 6.294885], [-75.499688, 6.294944], [-75.49956, 6.295078], [-75.49948, 6.295189], [-75.499423, 6.295244], [-75.499347, 6.295253], [-75.499283, 6.295236], [-75.499239, 6.295192], [-75.499188, 6.295086], [-75.499148, 6.294996], [-75.499087, 6.294947], [-75.499016, 6.294927], [-75.498937, 6.294944], [-75.498767, 6.295009], [-75.498666, 6.295016], [-75.498563, 6.294975], [-75.498527, 6.294935], [-75.498499, 6.294808], [-75.498509, 6.294749], [-75.498544, 6.294708], [-75.498701, 6.294632], [-75.498916, 6.294539], [-75.499004, 6.294482], [-75.499066, 6.294406], [-75.499088, 6.294275], [-75.499058, 6.293971], [-75.499009, 6.293683], [-75.49894, 6.293408], [-75.498878, 6.29331], [-75.498658, 6.2932], [-75.498603, 6.293157], [-75.498585, 6.293101], [-75.498579, 6.29298], [-75.49859, 6.292871], [-75.498642, 6.29277], [-75.49873, 6.29269], [-75.498862, 6.292587], [-75.499029, 6.292524], [-75.4991, 6.292482], [-75.499141, 6.29243], [-75.499164, 6.292344], [-75.499152, 6.292235], [-75.499124, 6.292107], [-75.499113, 6.291963], [-75.499122, 6.291887], [-75.499147, 6.291841], [-75.49923, 6.291775], [-75.499357, 6.291758], [-75.499552, 6.291755], [-75.499636, 6.291735], [-75.499675, 6.291694], [-75.499727, 6.29152], [-75.499782, 6.29138], [-75.499888, 6.291254], [-75.500013, 6.291134], [-75.500169, 6.291003], [-75.500296, 6.290873], [-75.500352, 6.29079], [-75.500378, 6.290691], [-75.500402, 6.290424], [-75.500399, 6.290223], [-75.500361, 6.290071], [-75.500177, 6.28979], [-75.499957, 6.289508], [-75.499782, 6.289335], [-75.499455, 6.289113], [-75.499221, 6.289076], [-75.498915, 6.288996], [-75.498571, 6.288815], [-75.498371, 6.288629], [-75.498267, 6.288477], [-75.498249, 6.28828], [-75.498258, 6.288062], [-75.498341, 6.287927], [-75.498441, 6.287821], [-75.498607, 6.287677], [-75.498673, 6.28755], [-75.498712, 6.287417], [-75.498713, 6.287307], [-75.498685, 6.287171], [-75.498572, 6.287023], [-75.498506, 6.286958], [-75.498472, 6.286897], [-75.498413, 6.286752], [-75.498414, 6.286708], [-75.498436, 6.286665], [-75.498607, 6.286549], [-75.49878, 6.286462], [-75.499014, 6.286344], [-75.499085, 6.286271], [-75.499146, 6.286172], [-75.499225, 6.285982], [-75.499271, 6.285789], [-75.499297, 6.285669], [-75.499286, 6.285567], [-75.49919, 6.28537], [-75.499154, 6.285275], [-75.499156, 6.285185], [-75.499219, 6.284973], [-75.499238, 6.284831], [-75.499223, 6.284776], [-75.499172, 6.284687], [-75.499063, 6.284662], [-75.498724, 6.284699], [-75.498623, 6.284685], [-75.498505, 6.284623], [-75.498387, 6.284508], [-75.498199, 6.284288], [-75.498097, 6.284181], [-75.498032, 6.284081], [-75.497979, 6.283948], [-75.497932, 6.283724], [-75.497882, 6.283559], [-75.497819, 6.283462], [-75.497738, 6.283378], [-75.497528, 6.28296], [-75.497414, 6.282871], [-75.49735, 6.28284], [-75.497249, 6.282835], [-75.497126, 6.282881], [-75.49702, 6.282889], [-75.496909, 6.282873], [-75.496805, 6.282838], [-75.496634, 6.282748], [-75.496563, 6.282708], [-75.496504, 6.282661], [-75.496441, 6.28261], [-75.496395, 6.282537], [-75.496327, 6.282331], [-75.496256, 6.282222], [-75.496119, 6.282118], [-75.495958, 6.28203], [-75.495851, 6.281963], [-75.495802, 6.281902], [-75.495779, 6.281837], [-75.495772, 6.281759], [-75.495809, 6.281633], [-75.49591, 6.2815], [-75.496061, 6.281418], [-75.496142, 6.281352], [-75.496212, 6.281269], [-75.496254, 6.281168], [-75.496253, 6.281053], [-75.496213, 6.280792], [-75.496167, 6.28063], [-75.496105, 6.280478], [-75.496064, 6.28028], [-75.496055, 6.279991], [-75.496103, 6.279688], [-75.496141, 6.27962], [-75.496243, 6.279508], [-75.496391, 6.279386], [-75.496547, 6.279315], [-75.496656, 6.279295], [-75.497, 6.279329], [-75.497249, 6.279352], [-75.4975, 6.279325], [-75.497719, 6.279236], [-75.497917, 6.279111], [-75.49802, 6.278985], [-75.498051, 6.27887], [-75.498066, 6.278763], [-75.498033, 6.278646], [-75.497899, 6.2785], [-75.497745, 6.278327], [-75.497714, 6.278263], [-75.497701, 6.278187], [-75.497694, 6.278097], [-75.497693, 6.278023], [-75.497879, 6.278016], [-75.497968, 6.27802], [-75.498472, 6.278222], [-75.498589, 6.278274], [-75.498703, 6.278346], [-75.498778, 6.278386], [-75.498888, 6.278422], [-75.499086, 6.278458], [-75.499169, 6.278473], [-75.499223, 6.278489], [-75.499301, 6.278521], [-75.499379, 6.278586], [-75.49948, 6.278708], [-75.499551, 6.278793], [-75.499646, 6.278867], [-75.499766, 6.278948], [-75.499937, 6.279057], [-75.500116, 6.279168], [-75.500525, 6.279477], [-75.5007, 6.279576], [-75.500882, 6.279643], [-75.501002, 6.279671], [-75.501132, 6.279695], [-75.501483, 6.279748], [-75.501744, 6.279787], [-75.501902, 6.279839], [-75.502045, 6.279919], [-75.502073, 6.27994], [-75.502128, 6.279993], [-75.502209, 6.280065], [-75.502312, 6.280158], [-75.502498, 6.280298], [-75.502553, 6.280341], [-75.502667, 6.280439], [-75.502518, 6.280584], [-75.502479, 6.280631], [-75.502443, 6.280697], [-75.502425, 6.280761], [-75.502414, 6.280842], [-75.502414, 6.280892], [-75.502423, 6.280953], [-75.502442, 6.281018], [-75.502473, 6.281088], [-75.502522, 6.281157], [-75.502568, 6.2812], [-75.502625, 6.281239], [-75.502798, 6.281319]]}","[{'lat': 6.244994, 'lon': -75.573523, 'type': 'depart', 'modifier': 'straight', 'distance_m': 48.3, 'duration_s': 16, 'instruction': ''}, {'lat': 6.245431, 'lon': -75.573516, 'type': 'turn', 'modifier': 'right', 'distance_m': 613.8, 'duration_s': 92.6, 'instruction': 'Calle 44'}, {'lat': 6.243724, 'lon': -75.568286, 'type': 'turn', 'modifier': 'slight right', 'distance_m': 152.6, 'duration_s': 18.5, 'instruction': ''}, {'lat': 6.243425, 'lon': -75.568605, 'type': 'turn', 'modifier': 'straight', 'distance_m': 1042.2, 'duration_s': 86.1, 'instruction': 'Carrera 46'}, {'lat': 6.251269, 'lon': -75.563422, 'type': 'new name', 'modifier': 'straight', 'distance_m': 378, 'duration_s': 30.3, 'instruction': 'Avenida Carrera 46'}, {'lat': 6.254331, 'lon': -75.562155, 'type': 'fork', 'modifier': 'slight right', 'distance_m': 982.8, 'duration_s': 72, 'instruction': 'Carrera 47'}, {'lat': 6.262005, 'lon': -75.557914, 'type': 'new name', 'modifier': 'straight', 'distance_m': 200.7, 'duration_s': 15.3, 'instruction': 'Calle 65G'}, {'lat': 6.261435, 'lon': -75.556318, 'type': 'turn', 'modifier': 'slight right', 'distance_m': 79.9, 'duration_s': 5.4, 'instruction': 'Calle 66'}, {'lat': 6.261006, 'lon': -75.555756, 'type': 'turn', 'modifier': 'slight left', 'distance_m': 178.4, 'duration_s': 11.8, 'instruction': 'Carrera 44'}, {'lat': 6.262256, 'lon': -75.554828, 'type': 'fork', 'modifier': 'slight left', 'distance_m': 573.6, 'duration_s': 54.4, 'instruction': 'Carrera 44'}, {'lat': 6.267263, 'lon': -75.553831, 'type': 'turn', 'modifier': 'right', 'distance_m': 466.1, 'duration_s': 44.1, 'instruction': 'Calle 72'}, {'lat': 6.268014, 'lon': -75.549701, 'type': 'turn', 'modifier': 'left', 'distance_m': 1548.2, 'duration_s': 101.8, 'instruction': 'Carrera 39'}, {'lat': 6.279796, 'lon': -75.546603, 'type': 'turn', 'modifier': 'left', 'distance_m': 863.5, 'duration_s': 57, 'instruction': 'Carrera 36'}, {'lat': 6.285944, 'lon': -75.544215, 'type': 'turn', 'modifier': 'left', 'distance_m': 512.6, 'duration_s': 33.8, 'instruction': 'Carrera 34'}, {'lat': 6.289781, 'lon': -75.543456, 'type': 'fork', 'modifier': 'slight right', 'distance_m': 354, 'duration_s': 23.2, 'instruction': 'Carrera 34'}, {'lat': 6.292277, 'lon': -75.542385, 'type': 'turn', 'modifier': 'right', 'distance_m': 324.5, 'duration_s': 29.9, 'instruction': 'Carrera 31A'}, {'lat': 6.29467, 'lon': -75.541289, 'type': 'fork', 'modifier': 'slight right', 'distance_m': 748.2, 'duration_s': 112.2, 'instruction': 'Carrera 28'}, {'lat': 6.297703, 'lon': -75.536265, 'type': 'new name', 'modifier': 'straight', 'distance_m': 1161.7, 'duration_s': 157, 'instruction': 'Calle 107'}, {'lat': 6.306311, 'lon': -75.536461, 'type': 'fork', 'modifier': 'slight right', 'distance_m': 1006.2, 'duration_s': 94.9, 'instruction': ''}, {'lat': 6.305856, 'lon': -75.529121, 'type': 'end of road', 'modifier': 'left', 'distance_m': 6108.2, 'duration_s': 550.5, 'instruction': ''}, {'lat': 6.300581, 'lon': -75.499071, 'type': 'turn', 'modifier': 'right', 'distance_m': 773.5, 'duration_s': 69.7, 'instruction': ''}, {'lat': 6.29672, 'lon': -75.501753, 'type': 'new name', 'modifier': 'slight left', 'distance_m': 3208.1, 'duration_s': 291.1, 'instruction': 'Carrera 42 Este'}, {'lat': 6.278023, 'lon': -75.497693, 'type': 'turn', 'modifier': 'right', 'distance_m': 628.5, 'duration_s': 73.2, 'instruction': 'Calle 86'}, {'lat': 6.280439, 'lon': -75.502667, 'type': 'turn', 'modifier': 'right', 'distance_m': 127.8, 'duration_s': 30.6, 'instruction': ''}, {'lat': 6.281319, 'lon': -75.502798, 'type': 'arrive', 'modifier': 'straight', 'distance_m': 0, 'duration_s': 0, 'instruction': ''}]","Perímetro Urbano Medellín, Medellín, Valle de Aburrá, Antioquia, RAP del Agua y la Montaña, Colombia","Arví, Calle 86, Piedras Blancas - Matasano, Santa Elena, Medellín, Valle de Aburrá, Antioquia, RAP del Agua y la Montaña, 050007, Colombia",6.2443382,-75.573553,6.2812607,-75.5030617,22.0814,35,
SUM98Z,guarne,ae17b979-507b-44fd-87d3-ee8d742adb13,finalizada,2026-07-30 17:51:12.231392+00,,,,,,,,,,,
TAADHL,tgf,ae17b979-507b-44fd-87d3-ee8d742adb13,finalizada,2026-07-18 14:19:26.713886+00,,,,,,,,,,,
TPZ8YH,san Rafael,7066afa4-2186-4829-be5a-c3a3b68bf4c1,finalizada,2026-07-20 23:08:14.817842+00,,,,,,,,,,,
UELX,ddd,51980b91-e2de-4698-ad81-4d40cabe47b1,finalizada,2026-07-21 01:38:53.713514+00,,,,,,,,,,,
UFCA,ddd,51980b91-e2de-4698-ad81-4d40cabe47b1,finalizada,2026-08-14 20:52:07.267627+00,,,,,,,,,,,
UL69,san carlos,51980b91-e2de-4698-ad81-4d40cabe47b1,finalizada,2026-08-16 14:31:43.02162+00,,,,,,,,,,,
US7YQT,hogar,51980b91-e2de-4698-ad81-4d40cabe47b1,finalizada,2026-07-20 18:23:05.384867+00,,,,,,,,,,,
UYYC,fff,51980b91-e2de-4698-ad81-4d40cabe47b1,finalizada,2026-07-21 02:28:15.615377+00,,,,,,,,,,,
V3AG,casa,51980b91-e2de-4698-ad81-4d40cabe47b1,finalizada,2026-08-11 15:38:58.602987+00,,,,,,,,,,,
VABT,alamcen,51980b91-e2de-4698-ad81-4d40cabe47b1,finalizada,2026-08-05 13:23:16.901832+00,,,,,,,,,,,
VNP2,xss,51980b91-e2de-4698-ad81-4d40cabe47b1,finalizada,2026-08-14 23:25:38.41946+00,,,,,,,,,,,
VPTK,palmas,17a81c13-9895-454b-8e88-772583d93bc6,finalizada,2026-08-11 22:58:18.632701+00,,,,,,,,,,,
W24CZQ,heliconia,51980b91-e2de-4698-ad81-4d40cabe47b1,finalizada,2026-07-19 17:40:27.840606+00,,,,,,,,,,,
WB7P,medell,51980b91-e2de-4698-ad81-4d40cabe47b1,finalizada,2026-07-21 20:44:16.975674+00,,,,,,,,,,,
WBKBB5,papa,51980b91-e2de-4698-ad81-4d40cabe47b1,finalizada,2026-07-20 13:31:10.661949+00,,,,,,,,,,,
WX3H6G,riqueza,ae17b979-507b-44fd-87d3-ee8d742adb13,finalizada,2026-07-18 23:52:20.799773+00,,,,,,,,,,,
XDE3,casa,51980b91-e2de-4698-ad81-4d40cabe47b1,finalizada,2026-07-23 14:17:56.571642+00,,,,,,,,,,,
XEWB,papa,17a81c13-9895-454b-8e88-772583d93bc6,finalizada,2026-08-05 23:00:22.180206+00,,,,,,,,,,,
XNNR2C,cadcada,51980b91-e2de-4698-ad81-4d40cabe47b1,finalizada,2026-07-15 19:03:29.271775+00,,,,,,,,,,,
XUEZ,casa,51980b91-e2de-4698-ad81-4d40cabe47b1,finalizada,2026-07-22 00:24:13.625457+00,,,,,,,,,,,
YDB59Z,casa,ae17b979-507b-44fd-87d3-ee8d742adb13,finalizada,2026-07-15 00:18:14.814905+00,,,,,,,,,,,
YG92,alamce,51980b91-e2de-4698-ad81-4d40cabe47b1,finalizada,2026-09-16 13:17:44.925597+00,,,,,,,,,,,
YUUU,canae,51980b91-e2de-4698-ad81-4d40cabe47b1,finalizada,2026-09-12 21:57:01.674408+00,"{'type': 'LineString', 'coordinates': [[-75.576896, 6.249751], [-75.577343, 6.249906], [-75.577428, 6.249941], [-75.577493, 6.24997], [-75.577966, 6.250204], [-75.578384, 6.250447], [-75.578449, 6.250484], [-75.578473, 6.250498], [-75.578186, 6.251022], [-75.577961, 6.251431], [-75.577693, 6.25192], [-75.577493, 6.252277], [-75.577308, 6.252919], [-75.576934, 6.25362], [-75.57654, 6.254362], [-75.576442, 6.254547], [-75.576383, 6.254651], [-75.576312, 6.254777], [-75.576147, 6.255069], [-75.575865, 6.255559], [-75.575297, 6.256564], [-75.575038, 6.257017], [-75.57479, 6.257453], [-75.574354, 6.258158], [-75.573776, 6.259102], [-75.573607, 6.259378], [-75.57354, 6.259496], [-75.573425, 6.259726], [-75.573246, 6.260141], [-75.573195, 6.260679], [-75.572872, 6.261483], [-75.57267, 6.262017], [-75.572537, 6.262389], [-75.572198, 6.263364], [-75.572074, 6.263751], [-75.571987, 6.264037], [-75.571794, 6.26472], [-75.571539, 6.265786], [-75.571289, 6.266836], [-75.571107, 6.267695], [-75.570658, 6.269578], [-75.570274, 6.271245], [-75.570033, 6.272289], [-75.569571, 6.274296], [-75.569486, 6.274671], [-75.56933, 6.27536], [-75.569011, 6.276709], [-75.568955, 6.276986], [-75.568705, 6.278088], [-75.568624, 6.278436], [-75.568371, 6.279524], [-75.568272, 6.279951], [-75.568193, 6.2803], [-75.568137, 6.280547], [-75.568131, 6.280573], [-75.568069, 6.280862], [-75.568056, 6.280934], [-75.56805, 6.280988], [-75.568044, 6.281039], [-75.568041, 6.281138], [-75.568041, 6.281218], [-75.568052, 6.281598], [-75.568052, 6.281645], [-75.568052, 6.281684], [-75.568035, 6.282492], [-75.568034, 6.282676], [-75.56803, 6.282822], [-75.568021, 6.282989], [-75.567993, 6.283158], [-75.567944, 6.283358], [-75.567892, 6.283546], [-75.567771, 6.283949], [-75.567684, 6.284259], [-75.567605, 6.284515], [-75.567418, 6.285067], [-75.567353, 6.285231], [-75.567289, 6.285376], [-75.567096, 6.285768], [-75.566922, 6.286117], [-75.566874, 6.286205], [-75.56663, 6.286653], [-75.566526, 6.286825], [-75.566444, 6.286954], [-75.56637, 6.287083], [-75.566325, 6.287197], [-75.566291, 6.287302], [-75.566257, 6.287419], [-75.566232, 6.287518], [-75.566205, 6.287615], [-75.566126, 6.288222], [-75.566043, 6.28879], [-75.566017, 6.288905], [-75.56599, 6.288987], [-75.565951, 6.289088], [-75.565905, 6.28919], [-75.56586, 6.28927], [-75.565799, 6.28936], [-75.565725, 6.28946], [-75.565098, 6.290224], [-75.564328, 6.291172], [-75.564205, 6.291343], [-75.564108, 6.291494], [-75.564039, 6.291643], [-75.563989, 6.291771], [-75.563595, 6.293474], [-75.563541, 6.293701], [-75.563499, 6.293838], [-75.563468, 6.293916], [-75.563409, 6.294026], [-75.563364, 6.294098], [-75.56331, 6.29418], [-75.563249, 6.294255], [-75.56316, 6.294351], [-75.562337, 6.295222], [-75.562168, 6.295407], [-75.562001, 6.29559], [-75.561925, 6.295673], [-75.561901, 6.295699], [-75.561242, 6.296421], [-75.561036, 6.296646], [-75.560859, 6.296858], [-75.560715, 6.297039], [-75.560371, 6.297475], [-75.560138, 6.297766], [-75.559972, 6.297992], [-75.559885, 6.298126], [-75.559812, 6.298262], [-75.55973, 6.298421], [-75.55966, 6.298567], [-75.559527, 6.298898], [-75.559404, 6.29919], [-75.559026, 6.300089], [-75.558851, 6.300514], [-75.558768, 6.300729], [-75.558695, 6.300933], [-75.558609, 6.301183], [-75.558546, 6.30138], [-75.558454, 6.301668], [-75.558392, 6.301875], [-75.558341, 6.302042], [-75.558164, 6.302696], [-75.558138, 6.302791], [-75.55804, 6.303171], [-75.558022, 6.303236], [-75.557935, 6.303575], [-75.557905, 6.303734], [-75.557882, 6.303874], [-75.557868, 6.303972], [-75.557858, 6.304091], [-75.557858, 6.304184], [-75.557857, 6.304249], [-75.557862, 6.304312], [-75.55788, 6.304515], [-75.557939, 6.305193], [-75.557968, 6.305482], [-75.557988, 6.305647], [-75.558011, 6.30582], [-75.558148, 6.306697], [-75.55816, 6.306773], [-75.558212, 6.30711], [-75.558358, 6.307961], [-75.558374, 6.308066], [-75.558376, 6.308077], [-75.558384, 6.308191], [-75.558395, 6.30839], [-75.558409, 6.308524], [-75.558414, 6.308593], [-75.558414, 6.308653], [-75.558404, 6.308762], [-75.55838, 6.308879], [-75.558314, 6.309103], [-75.558204, 6.30945], [-75.558183, 6.309523], [-75.558161, 6.30961], [-75.558154, 6.309687], [-75.558155, 6.309732], [-75.558161, 6.309782], [-75.558173, 6.309842], [-75.55819, 6.309901], [-75.55822, 6.309965], [-75.558271, 6.310056], [-75.558331, 6.310149], [-75.558383, 6.310241], [-75.558404, 6.310314], [-75.558412, 6.310373], [-75.558412, 6.310448], [-75.558403, 6.310511], [-75.558388, 6.310563], [-75.558363, 6.310615], [-75.558315, 6.310684], [-75.558265, 6.310738], [-75.55822, 6.310777], [-75.558155, 6.310807], [-75.558086, 6.310828], [-75.558011, 6.310837], [-75.557937, 6.310836], [-75.557854, 6.310822], [-75.557815, 6.310811], [-75.557762, 6.310793], [-75.557606, 6.310685], [-75.556559, 6.309964], [-75.556524, 6.309938], [-75.556475, 6.309846], [-75.556447, 6.30979], [-75.556426, 6.309741], [-75.556415, 6.309682], [-75.556426, 6.309626], [-75.55644, 6.309574], [-75.556479, 6.309529], [-75.556522, 6.309495], [-75.556585, 6.309459], [-75.556652, 6.309445], [-75.556724, 6.309443], [-75.556805, 6.309476], [-75.556873, 6.309517], [-75.556917, 6.309554], [-75.556971, 6.309623], [-75.556988, 6.309672], [-75.557005, 6.309798], [-75.556944, 6.309961], [-75.556875, 6.310088], [-75.556813, 6.3102], [-75.556756, 6.310291], [-75.556713, 6.310347], [-75.556305, 6.310866], [-75.556031, 6.31122], [-75.555835, 6.311491], [-75.555523, 6.311928], [-75.555325, 6.312201], [-75.555071, 6.312575], [-75.555002, 6.312603], [-75.554936, 6.312623], [-75.55483, 6.312622], [-75.5547, 6.312582], [-75.554412, 6.312502], [-75.554276, 6.31246], [-75.55426, 6.312454], [-75.554178, 6.312413], [-75.554043, 6.312354], [-75.554025, 6.312336], [-75.554002, 6.312323], [-75.553976, 6.312318], [-75.55395, 6.31232], [-75.553924, 6.312331], [-75.553903, 6.312349], [-75.553889, 6.312373], [-75.553882, 6.3124], [-75.553885, 6.312428], [-75.553866, 6.312508], [-75.553843, 6.312562], [-75.553788, 6.312682], [-75.553581, 6.312968], [-75.553456, 6.31314], [-75.553246, 6.313477], [-75.553129, 6.313728], [-75.553036, 6.313939], [-75.552993, 6.314052], [-75.552976, 6.31418], [-75.552971, 6.314255], [-75.552991, 6.31434], [-75.553017, 6.314409], [-75.553085, 6.31452], [-75.553194, 6.314648], [-75.553269, 6.314711], [-75.55328, 6.314725], [-75.553375, 6.314843], [-75.553396, 6.314879], [-75.55341, 6.314903], [-75.553433, 6.314964], [-75.553456, 6.315062], [-75.553461, 6.315162], [-75.553459, 6.315262], [-75.55344, 6.315537], [-75.553431, 6.315636], [-75.55342, 6.315829], [-75.553437, 6.316133], [-75.553512, 6.316521], [-75.553566, 6.316794], [-75.553582, 6.317001], [-75.553586, 6.317103], [-75.553591, 6.317207], [-75.553587, 6.317302], [-75.553559, 6.317521], [-75.553507, 6.317993], [-75.553482, 6.318298], [-75.553437, 6.318669], [-75.553418, 6.318804], [-75.553404, 6.318872], [-75.553333, 6.318972], [-75.553194, 6.319158], [-75.552883, 6.319584], [-75.552759, 6.319755], [-75.552541, 6.320041], [-75.552214, 6.320467], [-75.552061, 6.320671], [-75.551959, 6.320806], [-75.551781, 6.321074], [-75.551568, 6.320951], [-75.551007, 6.320678], [-75.550618, 6.320496], [-75.550348, 6.320363]]}","[{'lat': 6.249751, 'lon': -75.576896, 'type': 'depart', 'modifier': '', 'distance_m': 193.6, 'duration_s': 29.8, 'instruction': 'Calle 46'}, {'lat': 6.250498, 'lon': -75.578473, 'type': 'end of road', 'modifier': 'right', 'distance_m': 224.6, 'duration_s': 20.2, 'instruction': 'Carrera 61'}, {'lat': 6.252277, 'lon': -75.577493, 'type': 'on ramp', 'modifier': 'straight', 'distance_m': 73.9, 'duration_s': 6.7, 'instruction': ''}, {'lat': 6.252919, 'lon': -75.577308, 'type': 'merge', 'modifier': 'slight left', 'distance_m': 917, 'duration_s': 67.9, 'instruction': 'Avenida Carrera 62'}, {'lat': 6.260141, 'lon': -75.573246, 'type': 'off ramp', 'modifier': 'slight left', 'distance_m': 59.8, 'duration_s': 5.4, 'instruction': ''}, {'lat': 6.260679, 'lon': -75.573195, 'type': 'merge', 'modifier': 'slight left', 'distance_m': 2650.8, 'duration_s': 171.7, 'instruction': 'Avenida Carrera 62'}, {'lat': 6.283949, 'lon': -75.567771, 'type': 'new name', 'modifier': 'straight', 'distance_m': 3013.7, 'duration_s': 225.5, 'instruction': 'Avenida Carrera 63'}, {'lat': 6.30839, 'lon': -75.558395, 'type': 'fork', 'modifier': 'slight left', 'distance_m': 223.2, 'duration_s': 33.4, 'instruction': 'Avenida Carrera 63'}, {'lat': 6.310314, 'lon': -75.558404, 'type': 'new name', 'modifier': 'straight', 'distance_m': 277.2, 'duration_s': 23.8, 'instruction': 'Avenida Calle 120'}, {'lat': 6.309938, 'lon': -75.556524, 'type': 'off ramp', 'modifier': 'slight right', 'distance_m': 133.8, 'duration_s': 12, 'instruction': ''}, {'lat': 6.309798, 'lon': -75.557005, 'type': 'turn', 'modifier': 'straight', 'distance_m': 375.3, 'duration_s': 24.5, 'instruction': 'Calle 123'}, {'lat': 6.312575, 'lon': -75.555071, 'type': 'turn', 'modifier': 'slight right', 'distance_m': 119.8, 'duration_s': 7.9, 'instruction': ''}, {'lat': 6.312354, 'lon': -75.554043, 'type': 'roundabout', 'modifier': 'slight right', 'distance_m': 27, 'duration_s': 1.8, 'instruction': 'Carrera 45'}, {'lat': 6.312428, 'lon': -75.553885, 'type': 'exit roundabout', 'modifier': 'slight right', 'distance_m': 1062.1, 'duration_s': 70.9, 'instruction': 'Carrera 45'}, {'lat': 6.321074, 'lon': -75.551781, 'type': 'turn', 'modifier': 'right', 'distance_m': 177.1, 'duration_s': 25.3, 'instruction': 'Calle 32B'}, {'lat': 6.320363, 'lon': -75.550348, 'type': 'arrive', 'modifier': '', 'distance_m': 0, 'duration_s': 0, 'instruction': 'Calle 32B'}]","Calle 46, Corazón de Jesús, Comuna 10 - La Candelaria, Perímetro Urbano Medellín, Medellín, Valle de Aburrá, Antioquia, RAP del Agua y la Montaña, 050015, Colombia","Calle 32B, La Gabriela, Bello, Valle de Aburrá, Antioquia, RAP del Agua y la Montaña, 051053, Colombia",6.2497508,-75.576896,6.3203626,-75.5503476,9.5289,12,
Z4NH,casacada,51980b91-e2de-4698-ad81-4d40cabe47b1,finalizada,2026-08-14 18:36:01.715291+00,,,,,,,,,,,
Z7KKGU,guart,ae17b979-507b-44fd-87d3-ee8d742adb13,finalizada,2026-07-30 17:56:48.425822+00,,,,,,,,,,,
ZAGX,sonson,51980b91-e2de-4698-ad81-4d40cabe47b1,finalizada,2026-09-09 02:12:35.182572+00,,,,,,,,,,,
ZCCD4P,san Rafael,7066afa4-2186-4829-be5a-c3a3b68bf4c1,finalizada,2026-07-20 23:05:47.3756+00,,,,,,,,,,,
ZD3S,csfa,17a81c13-9895-454b-8e88-772583d93bc6,finalizada,2026-08-11 18:16:22.230892+00,,,,,,,,,,,
ZFHRDH,Rodada,ae17b979-507b-44fd-87d3-ee8d742adb13,finalizada,2026-07-18 00:14:50.020058+00,,,,,,,,,,,
ZL9S,trabjao,51980b91-e2de-4698-ad81-4d40cabe47b1,finalizada,2026-08-10 10:29:36.732149+00,,,,,,,,,,,
ZT2M,Barbosa,51980b91-e2de-4698-ad81-4d40cabe47b1,finalizada,2026-08-09 00:09:34.859161+00,,,,,,,,,,,
