id,nombre,subregion,altitud_msnm,temperatura_c,distancia_medellin_km,tiempo_medellin,coordenadas,como_llegar,historia,atractivos,gastronomia,festividades,tipo_via,dificultad_moto,tips_moto,poblacion,notas_adicionales,updated_at,nombre_norm
abejorral,Abejorral,Oriente,2250,16,100,2h,"{'lat': 5.7927, 'lng': -75.4285}",Desde Medellín por La Ceja-La Unión-Abejorral. Carretera departamental.,Fundado en 1808. Cuna del fundador de la UPB y de múltiples personalidades antioqueñas. Conserva una plaza colonial declarada Patrimonio Arquitectónico. Municipio de profunda tradición cafetera y ganadera.,"['Plaza colonial (Patrimonio Nacional)', 'Iglesia de Abejorral', 'Museo Municipal', 'Haciendas cafeteras', 'Cascada La Chorrera', 'Páramo de Sonsón (compartido)']","['Frijoles', 'Sancocho', 'Mazamorra con panela', 'Chicharrón', 'Aguardiente artesanal', 'Cuajada']","['Fiestas patronales de la Virgen de Chiquinquirá (septiembre)', 'Festival del Campesino', 'Fiesta del Café']","Carretera departamental pavimentada, muchas curvas, buen estado.",media,Ruta de 2 horas desde Medellín con excelentes paisajes cafeteros. Combinar con Sonsón para ruta completa del sur del Oriente. Fresco constante.,17000,,2026-07-14 12:03:11.391593+00,abejorral
abriaqui,Abriaquí,Occidente,1750,19,130,3h,"{'lat': 6.6333, 'lng': -76.0833}",Desde Frontino o desde Cañasgordas.,Fundado en 1858. Municipio pequeño del Occidente antioqueño. Zona cafetera y de montaña. Acceso a la reserva natural Las Ánimas.,"['Reserva Natural Las Ánimas', 'Parque principal', 'Cultivos de café', 'Ríos de montaña']","['Café', 'Frijoles', 'Sancocho', 'Mazamorra']",['Fiestas patronales'],"Carretera departamental, muchas curvas.",dificil,Municipio muy pequeño. Llevar gasolina y comida.,4000,,2026-07-14 12:04:26.281938+00,abriaqui
amaga,Amagá,Suroeste,1200,21,45,50min,"{'lat': 6.0376, 'lng': -75.6994}",Autopista Sur desde Medellín. Vía bien pavimentada.,Fundado en 1788. Zona hullera histórica. Las minas de carbón de Amagá fueron las primeras de Antioquia. Hoy el municipio combina industria con agropecuaria. Puerta de entrada al Suroeste desde Medellín.,"['Parque principal', 'Minas de carbón (históricas)', 'Río Amagá', 'Cascadas', 'Mirador El Rosario', 'Museo del Carbón']","['Chicharrón', 'Frijoles', 'Arepa de chócolo', 'Sancocho', 'Aguardiente']","['Fiestas del Carbón (julio)', 'Fiestas patronales del Sagrado Corazón', 'Festival Cultural']",Autopista bien pavimentada.,facil,Amagá a 50min de Medellín. Primera parada del Suroeste. Los restaurantes de la vía son buenos. Ideal para desayuno de bandeja paisa antes de seguir.,30000,Primera ciudad del Suroeste desde Medellín. Histórica por su industria carbonera.,2026-07-14 12:07:16.77151+00,amaga
amalfi,Amalfi,Nordeste,1600,19,120,2h30min,"{'lat': 6.9119, 'lng': -75.0762}","Desde Medellín por la Autopista Norte hasta Barbosa, luego por Don Matías o Gómez Plata hacia el Nordeste.",Fundado en 1876. Ciudad del Nordeste antioqueño. Centro de servicios de la subregión. Zona minera y cafetera. Parque principal bien conservado con arquitectura republicana. Acceso al cañón del río Nus. Municipio de gran tradición cultural.,"['Parque principal', 'Catedral de Amalfi', 'Cañón del río Nus', 'Cascadas naturales', 'Quebradas', 'Minas artesanales', 'Cerros circundantes']","['Frijoles', 'Mazamorra', 'Sancocho', 'Trucha', 'Chicharrón', 'Café del Nordeste']","['Fiestas patronales Santa Gertrudis (noviembre)', 'Festival Cultural del Nordeste', 'Festival de la Trova Amalfitana']","Carretera departamental bien pavimentada, curvas pronunciadas.",media,Amalfi es el hub del Nordeste. Buena gasolina y talleres. La vía desde Gómez Plata por el cañón del Nus es espectacular. Llevar ropa de abrigo en las noches.,30000,Centro de servicios del Nordeste antioqueño.,2026-07-14 12:08:51.077731+00,amalfi
andes,Andes,Suroeste,1550,20,130,2h30min,"{'lat': 5.6585, 'lng': -75.873}",Desde Medellín por Amagá-La Pintada y luego vía hacia el sur del Suroeste. O por Jardín.,"Fundado en 1851. Centro urbano más importante del sur del Suroeste antioqueño. Ciudad de servicios para la región cafetera. Zona productora de café, banano y plátano. Montañas verdes y clima templado.","['Parque principal', 'Catedral de Andes', 'Cerro Plateado', 'Cascada La Playa', 'Mirador El Porvenir', 'Zona cafetera', 'Río San Juan']","['Café', 'Sancocho de gallina', 'Frijoles', 'Bandeja paisa', 'Empanadas', 'Chicharrón']","['Fiestas patronales San José (marzo)', 'Feria Agropecuaria', 'Festival del Café']",Carretera departamental bien pavimentada.,media,"Andes es el hub del Suroeste sur. Buenos servicios: gasolina, talleres, restaurantes. Punto base para visitar Jardín, Hispania y Betania.",55000,,2026-07-14 12:07:16.77151+00,andes
angelopolis,Angelópolis,Suroeste,1650,19,45,1h,"{'lat': 6.1204, 'lng': -75.7153}","Desde Medellín por Amagá, desvío corto.","Fundado en 1888. Municipio agrícola del inicio del Suroeste. Zona de montaña verde a pocos kilómetros de Medellín. Cultivos de café, aguacate y hortalizas. Paisajes de ladera espectaculares.","['Parque principal', 'Cultivos de aguacate', 'Miradores naturales', 'Quebradas', 'Finca El Cañón']","['Aguacate fresco', 'Frijoles', 'Café', 'Chicharrón', 'Sancocho']","['Fiestas patronales San Arcángel Rafael (octubre)', 'Feria del Aguacate']",Carretera departamental en buen estado.,facil,Solo a 1h de Medellín. Ideal para ruta de medio día. El aguacate es el producto estrella.,15000,,2026-07-14 12:07:16.77151+00,angelopolis
angostura,Angostura,Norte,1900,17,85,1h50min,"{'lat': 6.8849, 'lng': -75.3403}","Desde Medellín por Santa Rosa de Osos, continuando al norte.",Fundado en 1824. Municipio minero histórico del Norte antioqueño. Producción de oro artesanal. Zona de montañas con ríos auríferos. Paisaje de montaña verde con clima templado.,"['Minas de oro artesanales', 'Parque principal', 'Ríos auríferos', 'Cascadas', 'Miradores de montaña']","['Frijoles', 'Mazamorra', 'Chicharrón', 'Sancocho', 'Café del Norte']","['Fiestas patronales', 'Festival del Minero']",Vía departamental sinuosa.,media,Zona minera del Norte. Paisajes bonitos pero vías con barro en invierno.,15000,,2026-07-14 12:05:42.236136+00,angostura
anori,Anorí,Nordeste,850,25,160,3h30min,"{'lat': 6.9667, 'lng': -75.15}","Desde Amalfi hacia el norte, carretera departamental.",Fundado en 1830. Municipio minero del norte del Nordeste antioqueño. Zona aurífera activa. Clima cálido por su baja altitud. Históricamente afectado por el conflicto. Biodiversidad alta en sus bosques.,"['Parque principal', 'Minas de oro activas', 'Río Anorí', 'Bosques tropicales', 'Cascadas']","['Sancocho de gallina', 'Plátano', 'Yuca', 'Frutas tropicales', 'Guarapo de caña']","['Fiestas patronales', 'Festival del Minero']",Carretera departamental sinuosa con algunos tramos difíciles.,dificil,Zona minera activa. Llevar gasolina extra. Zona de transición entre clima templado y cálido.,20000,,2026-07-14 12:08:51.077731+00,anori
anza,Anzá,Occidente,600,27,85,2h,"{'lat': 6.3046, 'lng': -75.909}",Desde Medellín por la vía a Amagá y luego vía departamental al Occidente.,"Fundado en 1786. Municipio de clima cálido del Occidente antioqueño. A orillas del río Cauca en zona de paisaje tropical. Producción de caña de azúcar, plátano y frutas.","['Río Cauca', 'Cultivos tropicales', 'Parque principal', 'Miradores del Cauca']","['Guarapo de caña', 'Sancocho', 'Plátano', 'Frutas tropicales']","['Fiestas patronales', 'Festival Campesino']",Carretera departamental con curvas y descenso.,media,Zona cálida. Temperatura de 27-32°C. Llevar ropa ligera.,15000,,2026-07-14 12:04:26.281938+00,anza
apartado,Apartadó,Urabá,30,28,370,6h,"{'lat': 7.8763, 'lng': -76.6273}",Desde Medellín por la Autopista al Mar (Túnel de Occidente) o por la vía de Dabeiba. También por avión.,Fundado en 1967. Ciudad más importante de Urabá. Centro bananero de Colombia: el municipio más grande productor de banano del país. Ciudad moderna con buenos servicios. Zona de clima cálido y selva tropical. Urabá es el único acceso de Antioquia al mar Caribe.,"['Parque principal', 'Golfo de Urabá (cerca)', 'Plataneras industriales', 'Centro Comercial', 'Zona de servicios del Urabá']","['Banano', 'Plátano asado', 'Sancocho de mariscos', 'Pescado caribeño', 'Cocadas', 'Guarapo', 'Frutas tropicales']","['Fiestas del Banano (agosto)', 'Feria de Apartadó', 'Festival de Músicas del Caribe', 'Fiestas patronales']",Autopista Medellín-Turbo. Doble calzada en construcción. Buen estado general.,media,"Apartadó: hub del Urabá. Gasolina, talleres y todo disponible. La autopista al Mar es ruta clásica de moto. Llevar ropa ligera: 28-32°C todo el año.",200000,Capital de Urabá. Centro bananero de Colombia.,2026-07-14 12:09:50.678603+00,apartado
arboletes,Arboletes,Urabá,10,28,430,7h30min,"{'lat': 8.5777, 'lng': -76.4215}",Desde Necoclí hacia el norte por carretera costera. Zona límite con Córdoba.,Fundado en 1960. Municipio costero del Caribe. Famoso por el único volcán de lodo de Colombia accesible por tierra: el Volcán de Lodo de Arboletes. Playas caribeñas y pesca artesanal. Frontera con Córdoba.,"['Volcán de Lodo (único en Colombia)', 'Playas caribeñas', 'Pesca artesanal', 'Muelle pesquero', 'Playa El Ermitaño', 'Parque principal']","['Mariscos caribeños', 'Langosta', 'Mojarra', 'Patacón', 'Arroz con coco', 'Cocadas', 'Frutas tropicales']","['Festival del Mar y el Volcán', 'Fiestas patronales de San Roque (agosto)']",Carretera costera con algunos tramos en regular estado.,media,"El Volcán de Lodo es único en Colombia. Puedes bañarte en el lodo y luego en el mar. Temporada seca (dic-feb, jul-ago) es la mejor época. Llevar ropa que puedas manchar.",25000,Sede del único volcán de lodo de Colombia accesible por tierra.,2026-07-14 12:09:50.678603+00,arboletes
argelia,Argelia,Oriente,1750,19,130,3h,"{'lat': 5.7365, 'lng': -75.1613}",Desde Medellín por Sonsón o por Nariño. Vía departamental.,"Fundado en 1904. Municipio montañoso en el límite con el departamento del Tolima. Zona de montañas altas, ríos cristalinos y producción cafetera. Poco turismo masivo, ideal para el viajero aventurero. Acceso por vías sinuosas espectaculares.","['Ríos cristalinos', 'Cascadas naturales', 'Cultivos de café', 'Miradores sobre la Cordillera', 'Flora y fauna endémica']","['Frijoles', 'Café de la región', 'Trucha de río', 'Tamales', 'Sancocho montañero']","['Fiestas del Campesino', 'Fiestas patronales']",Carretera departamental con tramos destapados. Exige moto con buenas condiciones.,dificil,Ruta para moteros experimentados. Vías destapadas en temporada de lluvia. Llevar herramientas básicas y gasolina extra. Espectacular paisaje pero exigente.,10000,"Zona de difícil acceso, frontera con Tolima.",2026-07-14 12:03:11.391593+00,argelia
armenia-ant,Armenia (Antioquia),Occidente,1700,19,90,2h,"{'lat': 6.1559, 'lng': -75.7529}","Desde Medellín por la vía al Occidente, continuando más allá de Heliconia.","Fundado en 1850. No confundir con la Armenia del Quindío. Municipio agropecuario del Occidente antioqueño, productor de café y ganado. Paisajes montañosos con quebradas y ríos. Poco turismo masivo.","['Parque principal', 'Quebradas', 'Fincas agropecuarias', 'Cultivos de café']","['Café', 'Frijoles', 'Sancocho', 'Chicharrón', 'Cuajada']","['Fiestas patronales', 'Feria del Campesino']",Carretera departamental sinuosa.,media,"No confundir con Armenia, Quindío. Municipio agropecuario poco conocido turísticamente.",13000,,2026-07-14 12:04:26.281938+00,armenia (antioquia)
barbosa,Barbosa,Valle de Aburrá,1300,23,40,45 min,"{'lat': 6.4379, 'lng': -75.3297}","Autopista Norte, fin del Valle de Aburrá. Punto de partida hacia el Norte antioqueño.","Fundado en 1795. Puerta de entrada al norte de Antioquia y al Nordeste. Su posición geográfica lo convirtió en nodo comercial histórico. Por aquí pasa la vía que conecta a Santa Rosa de Osos, Yarumal y la Costa Atlántica.","['Parque principal', 'Río Medellín', 'Cañón del río Medellín', 'Embalse Malpaso', 'Cerros verdes', 'Estación del ferrocarril (histórica)']","['Sancocho de gallina', 'Chicharrón', 'Morcilla', 'Arepa de chócolo', 'Masato']","['Fiestas patronales', 'Festival Gastronómico']","Autopista Norte, fin del pavimento perfecto. Desde aquí las vías se vuelven más sinuosas.",facil,Última gasolinera grande antes del norte. Punto de decisión: ¿Norte? ¿Nordeste? ¿Magdalena Medio? Llena el tanque aquí.,60000,Último municipio del Valle de Aburrá hacia el norte.,2026-07-14 12:00:58.273533+00,barbosa
bello,Bello,Valle de Aburrá,1425,22,10,15 min,"{'lat': 6.3358, 'lng': -75.557}",Por la Autopista Norte desde Medellín. Salida hacia el Norte del Valle de Aburrá.,"Fundado en 1676. Cuna del poeta Marco Fidel Suárez, único presidente nacido en Antioquia. Municipio industrial, segundo más poblado de Antioquia. Sede de grandes empresas textileras que forjaron la identidad obrera antioqueña.","['Parque La Madre', 'Casa Museo Marco Fidel Suárez', 'Quebrada La García', 'Parque Hacienda', 'Estadio Tulio Ospina', 'Cerro El Padre Amaya', 'Tranvía de Bello']","['Bandeja paisa', 'Arepas', 'Chicharrón', 'Mondongo antioqueño']","['Festival del Bambuco', 'Fiestas de la Virgen del Carmen (julio)', 'Festival Marco Fidel Suárez']","Autopista Norte en excelente estado, múltiples carriles.",facil,Tráfico pesado en horas pico por ser municipio dormitorio. Evitar Autopista Norte 7-9am y 5-7pm. Muchas opciones de parqueo en el centro.,500000,,2026-07-14 12:00:58.273533+00,bello
belmira,Belmira,Norte,2550,13,70,1h25min,"{'lat': 6.6054, 'lng': -75.6655}","Autopista Norte hasta Barbosa o San Pedro, luego vía departamental.","Fundado en 1778. Municipio de clima muy frío con páramos impresionantes. El Páramo de Belmira es uno de los más importantes de Antioquia, fuente de agua para millones de personas. Zona de ecoturismo y avistamiento de fauna de páramo.","['Páramo de Belmira (Reserva Natural)', 'Embalse Riogrande II', 'Quebradas de páramo', 'Frailejones', 'Fauna de páramo', 'Miradores naturales', 'Camping de montaña']","['Trucha de páramo', 'Cuajada', 'Quesito', 'Mazamorra', 'Caldo de costilla', 'Chocolate caliente']","['Fiestas de la Candelaria (febrero)', 'Festival Ecológico del Páramo', 'Festival Cultural']",Vía departamental sinuosa con tramos de afirmado.,media,El Páramo de Belmira es joya ecológica. Temperatura puede bajar a 5°C en la noche. Llevar ropa impermeable y térmica. Los frailejones son espectaculares.,12000,Páramo de Belmira: ecosistema estratégico hídrico de Antioquia.,2026-07-14 12:05:42.236136+00,belmira
betania,Betania,Suroeste,1800,17,140,3h,"{'lat': 5.754, 'lng': -75.9745}",Desde Medellín por Andes.,"Fundado en 1880. Municipio del Suroeste sur, zona cafetera de ladera. Paisajes de montaña verde con cafetales y plátanos. Poco turismo masivo.","['Parque principal', 'Cultivos de café', 'Miradores naturales', 'Ríos de montaña']","['Café', 'Frijoles', 'Sancocho', 'Mazamorra']",['Fiestas patronales'],Carretera departamental.,media,Municipio tranquilo del Suroeste sur.,10000,,2026-07-14 12:07:16.77151+00,betania
betulia,Betulia,Suroeste,1600,19,90,1h50min,"{'lat': 6.1062, 'lng': -75.985}",Desde Medellín por Concordia o por Salgar.,Fundado en 1876. Municipio cafetero del Suroeste central. Zona de montaña con producción de café y plátano. Paisajes de ladera verde.,"['Parque principal', 'Cultivos de café', 'Miradores', 'Ríos']","['Café', 'Frijoles', 'Sancocho', 'Mazamorra']","['Fiestas patronales', 'Feria Cafetera']",Carretera departamental sinuosa.,media,Municipio tranquilo del Suroeste. Café de excelente calidad.,12000,,2026-07-14 12:07:16.77151+00,betulia
briceño,Briceño,Norte,1300,21,210,4h30min,"{'lat': 7.278, 'lng': -75.5381}",Desde Medellín por Yarumal e Ituango o por Valdivia.,"Fundado en 1894. Municipio del Norte profundo de Antioquia, en la frontera con Córdoba. Zona histórica de conflicto. En proceso de normalización. Paisajes de montaña tropical.","['Parque principal', 'Ríos', 'Zonas naturales']","['Sancocho', 'Plátano', 'Yuca', 'Frutas tropicales']",['Fiestas patronales'],"Carretera con tramos difíciles, algunos destapados.",muy_dificil,Zona remota. Solo para moteros con experiencia y preparación. Consultar seguridad.,13000,,2026-07-14 12:05:42.236136+00,briceno
buritica,Buriticá,Occidente,1800,18,85,2h,"{'lat': 6.7249, 'lng': -75.8793}",Desde Santa Fe de Antioquia o desde el norte del Occidente.,Fundado en 1558. Uno de los municipios más antiguos de Antioquia. Zona aurífera históricamente explotada desde la época precolombina. El Cerro Buriticá fue un importante centro minero indígena. Hoy en día hay minería artesanal activa.,"['Minas de oro (activas)', 'Parque principal histórico', 'Cerro Buriticá (precolombino)', 'Iglesia colonial', 'Quebradas auríferas', 'Museo del Oro']","['Frijoles', 'Mazamorra', 'Aguardiente', 'Chicharrón']","['Fiestas del Minero', 'Fiestas patronales']",Carretera departamental sinuosa.,media,Zona minera histórica desde tiempos precolombinos. El municipio más antiguo del Occidente.,10000,"Uno de los municipios más antiguos de Antioquia, zona aurífera desde tiempos precolombinos.",2026-07-14 12:04:26.281938+00,buritica
caceres,Cáceres,Bajo Cauca,50,33,245,5h,"{'lat': 7.582, 'lng': -75.3413}",Desde Medellín por Caucasia.,Fundado en 1576. Uno de los más antiguos de Antioquia. Zona ganadera y minera. A orillas del río Cauca. Historia colonial de minería aurífera.,"['Río Cauca', 'Parque principal histórico', 'Minas históricas', 'Haciendas ganaderas', 'Ciénagas']","['Pescado frito', 'Sancocho de bagre', 'Plátano', 'Yuca', 'Carne asada']","['Fiestas patronales', 'Feria Ganadera']",Carretera nacional e interdepartamental.,dificil,Zona caliente y ganadera. Historia colonial rica.,28000,,2026-07-14 12:08:51.077731+00,caceres
caicedo,Caicedo,Occidente,1800,18,90,2h,"{'lat': 6.411, 'lng': -75.9711}","Desde Medellín por la vía a Santa Fe de Antioquia, luego carretera hacia Caicedo.",Fundado en 1867. Municipio minero histórico. Zona de montañas con explotación de oro artesanal. Produce café y banano. Paisajes de montaña con vista sobre el río Cauca.,"['Parque principal', 'Minas artesanales', 'Miradores sobre el Cauca', 'Cultivos de café', 'Ríos y quebradas']","['Frijoles', 'Café', 'Sancocho de pollo', 'Chicharrón', 'Aguardiente']","['Fiestas patronales', 'Festival del Minero']","Carretera departamental, algunos tramos difíciles.",dificil,Zona minera histórica. Vías pueden estar en mal estado en invierno. Llevar herramientas.,10000,,2026-07-14 12:04:26.281938+00,caicedo
caldas,Caldas,Valle de Aburrá,1750,18,22,30 min,"{'lat': 6.0924, 'lng': -75.6381}","Autopista Sur desde Medellín, continuación hacia el sur del Valle.",Fundado en 1814. Municipio limítrofe entre el Valle de Aburrá y el Suroeste antioqueño. Puerta de entrada al Suroeste. Conserva un bonito parque central y arquitectura republicana. Por aquí se accede al Páramo de Las Palomas y al municipio de Amagá.,"['Parque principal', 'Iglesia San José', 'Quebrada La García', 'Vía al Páramo de Las Palomas', 'Embalse La Fe (parte)', 'Hacienda El Ranchero']","['Chicharrón', 'Frijoles antioqueños', 'Arepa de chócolo', 'Maíz peto', 'Aguardiente']","['Fiestas de San Isidro Labrador (mayo)', 'Festival del Retorno', 'Fiestas patronales San José']","Autopista Sur perfecta, último tramo del Valle de Aburrá.",facil,Desde Caldas se puede iniciar la ruta hacia el Suroeste por la vía a Amagá o continuar a La Pintada. Buen punto de inicio para rutas de un día.,80000,Puerta de entrada al Suroeste Antioqueño.,2026-07-14 12:00:58.273533+00,caldas
campamento,Campamento,Norte,1600,19,120,2h30min,"{'lat': 6.9786, 'lng': -75.2844}",Desde Medellín por Yarumal o desde Amalfi (Nordeste).,Fundado en 1914. Municipio entre el Norte y el Nordeste antioqueño. Zona minera y cafetera. Paisajes de montaña verde con ríos cristalinos.,"['Parque principal', 'Minas artesanales', 'Cultivos de café', 'Ríos de montaña']","['Café', 'Frijoles', 'Mazamorra', 'Sancocho', 'Chicharrón']","['Fiestas patronales', 'Festival Campesino']",Carretera departamental con curvas.,media,Buen punto de inicio para rutas hacia el Nordeste desde el Norte.,12000,,2026-07-14 12:05:42.236136+00,campamento
canasgordas,Cañasgordas,Occidente,1900,17,110,2h30min,"{'lat': 6.749, 'lng': -76.0305}",Desde Medellín por la Autopista al Mar y vía departamental hacia el sur occidente.,"Fundado en 1830. Municipio de montaña del Occidente antioqueño. Zona cafetera y de páramo. Paso hacia la serranía de Abibe. Producción de café, plátano y ganado.","['Parque principal', 'Cultivos de café', 'Serranía de Abibe', 'Quebradas y ríos', 'Bosques nativos']","['Café', 'Frijoles', 'Sancocho de gallina', 'Mazamorra']","['Fiestas patronales', 'Feria Cafetera']",Carretera departamental sinuosa.,media,Paso hacia la zona de Urabá por la serranía de Abibe.,18000,,2026-07-14 12:04:26.281938+00,canasgordas
caracoli,Caracolí,Magdalena Medio,300,30,160,3h,"{'lat': 6.4337, 'lng': -74.5696}",Desde Puerto Berrío o desde la vía a Puerto Nare.,Fundado en 1894. Municipio del Magdalena Medio. Zona de ganadería y agricultura tropical. A orillas del río Magdalena.,"['Río Magdalena', 'Parque principal', 'Cultivos tropicales', 'Ciénagas']","['Pescado frito', 'Plátano', 'Yuca', 'Sancocho', 'Guarapo']","['Fiestas patronales', 'Festival Campesino']",Carretera regional.,media,Zona caliente del Magdalena Medio.,12000,,2026-07-14 12:08:51.077731+00,caracoli
caramanta,Caramanta,Suroeste,2050,15,95,2h,"{'lat': 5.572, 'lng': -75.6546}",Desde Medellín por La Pintada-Valparaíso o por Támesis.,"Fundado en 1814. Municipio limítrofe con Caldas. Zona de alta montaña cafetera. Clima frío y paisaje de montaña verde. Producción de café, papa y hortalizas.","['Parque principal', 'Cultivos de café y papa', 'Páramos', 'Ríos de montaña', 'Miradores hacia Caldas']","['Café', 'Papa chorreada', 'Frijoles', 'Mazamorra', 'Chicharrón']","['Fiestas patronales', 'Feria Agropecuaria']",Carretera departamental con curvas pronunciadas.,media,Municipio fronterizo con Caldas. Rutas de montaña con vistas al Eje Cafetero.,8000,,2026-07-14 12:07:16.77151+00,caramanta
carepa,Carepa,Urabá,30,28,360,6h,"{'lat': 7.7614, 'lng': -76.657}","Desde Medellín por la Autopista al Mar, antes de Apartadó.",Fundado en 1983. Municipio bananero del Urabá. Zona de fincas bananeras extensas. Clima cálido y húmedo. Municipio de reciente creación con economía bananera.,"['Fincas bananeras', 'Parque principal', 'Zona de palma africana', 'Ríos']","['Banano', 'Plátano', 'Sancocho de gallina', 'Mariscos (en restaurantes)', 'Frutas tropicales']","['Fiestas patronales', 'Festival del Banano']",Autopista al Mar en buen estado.,facil,Carepa: municipio bananero. Los cultivos de banano son impresionantes en extensión. Buena parada antes de Apartadó.,55000,,2026-07-14 12:09:50.678603+00,carepa
carmen-de-viboral,El Carmen de Viboral,Oriente,2150,16,60,1h20min,"{'lat': 6.0885, 'lng': -75.3362}","Autopista Medellín-Bogotá, desvío en La Ceja o en Rionegro.","Fundado en 1778. ""La Capital de la Cerámica Antioqueña"". Sus alfarerías producen la famosa loza pintada a mano con flores y pájaros, Patrimonio Cultural de Colombia. Los talleres artesanales se pueden visitar y comprar directamente.","['Alfarerías y talleres de cerámica', 'Parque principal', 'Iglesia colonial', 'Balneario La Mosquitera', 'Quebrada El Palmar', 'Cascada Las Nubes', 'Vereda El Yerbal (naturaleza)']","['Trucha del río', 'Frijoles antioqueños', 'Sancocho de gallina', 'Pan de maíz', 'Cuajada con melao']","['Feria Artesanal de la Cerámica (junio)', 'Fiestas patronales del Carmen', 'Festival de la Trova']","Carretera regional bien mantenida, curvas amables.",facil,El Carmen es famoso por sus cerámicas. Puedes comprar directamente en los talleres. Ruta ideal para un día desde Medellín combinando con Rionegro y Marinilla.,50000,Capital artesanal de la cerámica de Antioquia.,2026-07-14 12:03:11.391593+00,el carmen de viboral
carolina,Carolina del Príncipe,Norte,1700,18,90,2h,"{'lat': 6.7558, 'lng': -75.3271}",Desde Santa Rosa de Osos por vía departamental.,Fundado en 1788. Municipio minero histórico. Zona aurífera del Norte antioqueño. Su paisaje de montaña y arquitectura tradicional lo hacen atractivo. Produce café y oro artesanal.,"['Minas artesanales', 'Parque principal colonial', 'Cascada El Mico', 'Río Guadalupe', 'Miradores']","['Café', 'Frijoles', 'Mazamorra', 'Aguardiente', 'Sancocho']","['Fiestas patronales', 'Festival Minero y Cultural']","Vía departamental, curvas pronunciadas.",media,Municipio bonito con historia minera colonial. Vías estrechas pero bien pavimentadas.,8000,,2026-07-14 12:05:42.236136+00,carolina del principe
caucasia,Caucasia,Bajo Cauca,50,34,280,5h,"{'lat': 7.989, 'lng': -75.1977}",Desde Medellín por Yarumal-Valdivia o por la vía al Norte. Carretera nacional.,Fundado en 1945. Capital del Bajo Cauca antioqueño. Centro urbano más importante de la subregión. Zona ganadera y minera. Puerto fluvial sobre el río Cauca. Clima tropical muy cálido.,"['Río Cauca', 'Puerto fluvial de Caucasia', 'Parque principal', 'Mercado de ganado', 'Haciendas ganaderas', 'Isla del Río Cauca']","['Sancocho de bagre', 'Mojarra frita', 'Plátano', 'Yuca', 'Carne asada', 'Guarapo de caña', 'Cerveza fría']","['Fiestas del Río Cauca (julio)', 'Feria Ganadera y Agroindustrial', 'Festival de la Música Tropical']","Carretera nacional, buen estado.",media,"Caucasia: 34-38°C. Zona muy caliente. Hidratación obligatoria. Capital del Bajo Cauca, buen servicio de gasolina y mecánicos. Mejor salir temprano en la mañana.",100000,Capital del Bajo Cauca antioqueño.,2026-07-14 12:08:51.077731+00,caucasia
chigorodo,Chigorodó,Urabá,30,28,340,5h45min,"{'lat': 7.6699, 'lng': -76.6843}",Desde Medellín por la Autopista al Mar.,Fundado en 1960. Municipio del Urabá central. Zona bananera y de palma africana. Centro de servicios para los trabajadores de las fincas. Clima cálido y húmedo.,"['Parque principal', 'Fincas bananeras', 'Río León', 'Zonas de palma']","['Banano', 'Plátano', 'Sancocho', 'Mariscos', 'Frutas tropicales']","['Fiestas patronales', 'Festival Cultural del Urabá']","Autopista al Mar, buen estado.",facil,Municipio de paso en la ruta al mar. Gasolina disponible.,65000,,2026-07-14 12:09:50.678603+00,chigorodo
cisneros,Cisneros,Nordeste,950,24,100,2h,"{'lat': 6.5333, 'lng': -74.9833}","Desde Medellín por la Autopista Medellín-Bogotá hasta El Santuario, luego vía departamental hacia el norte.",Fundado en 1910. Municipio del Nordeste antioqueño. Zona de paso entre el Oriente y el Nordeste. El Ferrocarril de Antioquia tuvo aquí uno de sus nodos históricos. Clima templado-cálido. Zona cafetera.,"['Parque principal', 'Estación del ferrocarril (histórica)', 'Río Nus', 'Cultivos de café', 'Cascadas El Salto']","['Café', 'Sancocho', 'Frijoles', 'Chicharrón', 'Aguardiente']","['Fiestas patronales', 'Feria del Ferrocarril (histórica)']","Carretera departamental, buen estado.",media,Cisneros: historia del ferrocarril antioqueño. El río Nus ofrece buenas zonas de baño.,22000,Nodo histórico del Ferrocarril de Antioquia.,2026-07-14 12:08:51.077731+00,cisneros
ciudad-bolivar,Ciudad Bolívar,Suroeste,1870,17,120,2h30min,"{'lat': 5.8516, 'lng': -75.9152}",Desde Medellín por Andes o por Urrao.,"Fundado en 1814 como Bolívar, renombrado para distinguirlo del Bolívar costeño. Municipio del Suroeste profundo. Zona cafetera de ladera con producción de café especial. Acceso a la serranía de Las Baldías.","['Parque principal', 'Catedral de Ciudad Bolívar', 'Cultivos de café especial', 'Serranía Las Baldías', 'Ríos de montaña', 'Balnearios']","['Café especial', 'Frijoles', 'Sancocho', 'Mazamorra', 'Chicharrón']","['Fiestas del Patrono San José (marzo)', 'Festival del Café Especial']",Carretera departamental bien pavimentada.,media,Excelente café especial. La serranía Las Baldías ofrece ecoturismo.,40000,,2026-07-14 12:07:16.77151+00,ciudad bolivar
cocorna,Cocorná,Oriente,1050,24,90,2h,"{'lat': 6.0623, 'lng': -75.1849}","Desde Medellín por la Autopista Medellín-Bogotá, desvío en El Santuario o San Luis.","Fundado en 1854. ""El Mónaco de Antioquia"" por sus montañas verdes escarpadas. Zona de selva húmeda, ríos, cascadas y un ecosistema único en Antioquia. El río Cocorná y sus afluentes forman un paraíso para el ecoturismo.","['Río Cocorná', 'Cascada La Piñalito', 'Cascada Salto del Buey', 'Cascada El Encanto', 'Tubing en el río', 'Senderos ecológicos', 'Vereda La Esperanza']","['Sancocho de gallina', 'Frijoles', 'Trucha', 'Guanábana', 'Frutas tropicales', 'Bandeja paisa']","['Fiestas del río Cocorná (junio)', 'Semana Turística', 'Fiestas patronales San José']",Carretera bien pavimentada con muchas curvas sinuosas. Descenso pronunciado.,media,El descenso hacia Cocorná es espectacular: pasas de 2100 m a 1050 m en pocos kilómetros. Temperatura cambia notablemente. Llevar ropa para clima cálido. Los ríos y cascadas son la joya.,22000,Zona de ecoturismo y ríos cristalinos.,2026-07-14 12:03:11.391593+00,cocorna
concepcion-oriente,Concepción,Oriente,2000,17,50,1h10min,"{'lat': 6.3879, 'lng': -75.2655}",Desde Medellín por Guarne-San Vicente Ferrer hacia el norte del Oriente.,"Fundado en 1789. Municipio montañoso del norte del Oriente antioqueño. Zona de transición entre el Oriente y el Norte antioqueño. Paisajes de montaña verde, producción agropecuaria y minería histórica. Poco turismo masivo.","['Parque principal', 'Iglesia colonial', 'Veredas montañosas', 'Quebradas', 'Minas artesanales históricas']","['Frijoles', 'Mazamorra', 'Chicharrón', 'Cuajada', 'Café']","['Fiestas patronales de La Concepción (diciembre)', 'Feria Agroindustrial']",Carretera departamental sinuosa.,media,"Municipio poco visitado, ideal para el motero que busca rutas sin turismo. Conecta Norte y Oriente antioqueño.",13000,,2026-07-14 12:03:11.391593+00,concepcion
concordia,Concordia,Suroeste,1800,18,100,2h,"{'lat': 6.0441, 'lng': -75.902}",Desde Medellín por Titiribí o por Salgar.,Fundado en 1878. Municipio cafetero del Suroeste. Zona de ladera con producción de café especial. Parque principal con arquitectura republicana. Vista panorámica sobre el Valle del Cauca.,"['Parque principal', 'Vista al Valle del Cauca', 'Cultivos de café especial', 'Miradores', 'Ríos y quebradas']","['Café especial', 'Frijoles', 'Chicharrón', 'Sancocho', 'Mazamorra']","['Fiestas patronales del Sagrado Corazón', 'Feria Cafetera']",Carretera departamental bien pavimentada.,media,Concordia tiene café especial de muy alta calidad. Las vistas al Valle del Cauca son espectaculares.,22000,,2026-07-14 12:07:16.77151+00,concordia
copacabana,Copacabana,Valle de Aburrá,1450,21,20,25 min,"{'lat': 6.3503, 'lng': -75.5095}","Autopista Norte desde Medellín, continúa hacia el norte del Valle.","Fundado en 1826. Su nombre evoca a la Virgen de Copacabana, patrona de los navegantes. Municipio de vocación industrial y residencial, con importante actividad metalúrgica. Ubicado sobre el río Medellín entre colinas verdes.","['Parque principal', 'Iglesia Nuestra Señora de Copacabana', 'Quebrada La Brizuela', 'Zona industrial', 'Cerros circundantes']","['Frijoles antioqueños', 'Chicharrón', 'Caldo de costilla', 'Arepa de maíz']","['Fiestas patronales Virgen de Copacabana (agosto)', 'Festival de la Trova']","Autopista Norte perfecta, múltiples carriles.",facil,"Municipio de paso hacia el Norte. Si vas a descansar, el parque central es tranquilo. Gasolina disponible en la autopista.",80000,,2026-07-14 12:00:58.273533+00,copacabana
dabeiba,Dabeiba,Occidente,1000,24,180,4h,"{'lat': 7.0038, 'lng': -76.2678}","Desde Medellín por la Autopista al Mar hasta Bolombolo, luego vía departamental hacia el norte.","Fundado en 1810. Municipio del Occidente profundo, zona de transición hacia el Urabá. Área histórica de conflicto armado, hoy en proceso de normalización. Zona de selva, ríos y cultivos tropicales.","['Parque principal', 'Río León', 'Cascadas naturales', 'Zonas verdes', 'Selva tropical']","['Plátano', 'Sancocho de pescado', 'Yuca', 'Frutas tropicales']","['Fiestas patronales', 'Festival Cultural']","Carretera departamental, tramos con dificultes en invierno.",dificil,Zona en proceso de normalización posconflicto. Consultar condiciones de seguridad antes de viajar.,25000,,2026-07-14 12:04:26.281938+00,dabeiba
don-matias,Don Matías,Norte,2400,15,60,1h15min,"{'lat': 6.5099, 'lng': -75.3989}","Autopista Norte hasta Barbosa, desvío antes de Santa Rosa.",Fundado en 1875. Municipio ganadero y lechero. Principal productor de leche del Norte antioqueño. La cooperativa de lecheros es importante en la región. Zona de frío permanente con paisajes de páramo.,"['Parque principal', 'Cooperativa Lechera', 'Fincas ganaderas', 'Miradores naturales', 'Quebradas de páramo']","['Leche fresca', 'Cuajada', 'Quesito', 'Mazamorra con panela', 'Sancocho', 'Chicharrón']","['Fiestas patronales de Matías Apóstol (septiembre)', 'Feria Agropecuaria y Lechera', 'Festival Campesino']",Vía departamental bien pavimentada.,facil,"Don Matías tiene los mejores productos lácteos del Norte. Compra cuajada y quesito fresco antes de regresar. Frío constante, lleva chaqueta.",40000,Principal productor de leche del Norte antioqueño.,2026-07-14 12:05:42.236136+00,don matias
ebejico,Ebéjico,Occidente,1850,18,65,1h20min,"{'lat': 6.3236, 'lng': -75.7601}","Desde Medellín por la vía al Occidente, desvío antes de San Jerónimo.",Fundado en 1830. Municipio montañoso del Occidente antioqueño. Zona de bosques y quebradas. Producción agropecuaria. Clima fresco por su altitud. Paisajes de montaña verde.,"['Parque principal', 'Quebradas y ríos', 'Bosques naturales', 'Mirador Cerro Plateado', 'Cultivos de café y plátano']","['Frijoles', 'Mazamorra', 'Chicharrón', 'Cuajada', 'Café']","['Fiestas patronales', 'Feria Agropecuaria']","Carretera departamental sinuosa, en buen estado.",media,"Municipio tranquilo, paso hacia el Occidente interior. Buenos paisajes de montaña.",12000,,2026-07-14 12:04:26.281938+00,ebejico
el-bagre,El Bagre,Bajo Cauca,40,33,250,5h,"{'lat': 7.5934, 'lng': -74.8095}",Desde Medellín por Caucasia o por Zaragoza.,Fundado en 1934. Municipio minero del Bajo Cauca. Zona de extracción de oro y platino. A orillas del río Nechí. Clima tropical muy cálido. Zona de biodiversidad en ecosistema de selva y ciénagas.,"['Río Nechí', 'Minas de oro y platino', 'Ciénagas naturales', 'Parque principal', 'Pesca deportiva']","['Pescado frito', 'Mojarra', 'Bagre', 'Plátano', 'Sancocho de pescado']","['Fiestas patronales San Juan (junio)', 'Festival del Pescador']",Carretera con tramos difíciles.,dificil,Zona aurífera y platinera. Calor extremo. Zona históricamente de conflicto.,60000,,2026-07-14 12:08:51.077731+00,el bagre
el-penol,El Peñol,Oriente,1930,17,75,1h35min,"{'lat': 6.2157, 'lng': -75.238}",Mismo camino que a Guatapé. Están a 8 km el uno del otro.,"Fundado en 1774. El viejo Peñol fue inundado en 1978 para crear el embalse. El nuevo Peñol fue construido en las colinas. Su principal icono es la Piedra del Peñol (El Peñón), un monolito de 200 metros de altura con 649 escalones que ofrece una vista de 360° del embalse.","['La Piedra del Peñol (649 escalones)', 'Embalse Peñol-Guatapé', 'Cruz en la cima de la Piedra', 'Paseos en lancha', 'El Viejo Peñol (bajo el agua)', 'Miradores naturales']","['Bandeja paisa', 'Trucha', 'Sancocho', 'Empanadas', 'Arepas', 'Buñuelos']","['Fiestas patronales de La Candelaria (febrero)', 'Festival del Embalse (con Guatapé)', 'Semana Santa']","Misma vía que Guatapé, excelente estado.",facil,La Piedra del Peñol: 649 escalones para una vista que te deja sin habla. Costo de entrada ~$16.000. Madruga: después de las 10am hay filas largas. Puedes hacer Peñol+Guatapé en el mismo día.,17000,La Piedra del Peñol es el símbolo turístico del Oriente Antioqueño.,2026-07-14 12:03:11.391593+00,el penol
el-retiro,El Retiro,Oriente,2300,16,55,1h10min,"{'lat': 6.0533, 'lng': -75.5024}",Desde Medellín por La Ceja o por la vía Autopista Sur-El Retiro.,"Fundado en 1789. ""El Retiro de los Emperadores"" por su exclusividad. Sede de fincas y clubes campestres de la élite antioqueña. Parque principal colonial bien conservado. Importante actividad ecoturística y de naturaleza.","['Parque principal colonial', 'Iglesia de El Retiro', 'Embalse La Fe (acceso)', 'Fincas turísticas', 'La Cruz (mirador)', 'Quebrada La Ayurá', 'Zona de clubes y hosterías']","['Trucha', 'Frijoles negros', 'Sancocho de gallina', 'Pan artesanal', 'Mantequilla de campo']","['Fiestas de San José (marzo)', 'Festival Artesanal', 'Feria equina']","Carretera pavimentada bien mantenida, curvas moderadas a pronunciadas.",facil,Zona de fincas y descanso exclusivo. La vía El Retiro-La Ceja es muy bonita. Muchos restaurantes de calidad en las fincas.,23000,,2026-07-14 12:03:11.391593+00,el retiro
el-santuario,El Santuario,Oriente,2150,17,65,1h25min,"{'lat': 6.1368, 'lng': -75.2724}","Autopista Medellín-Bogotá, desvío después de Marinilla.",Fundado en 1765. Municipio de fuerte tradición religiosa y artesanal. Importante centro comercial del Oriente con mercado campesino activo. Su parque principal conserva arquitectura republicana. Buena conexión con otros municipios del Oriente.,"['Parque principal', 'Catedral San Luis Gonzaga', 'Mercado Campesino', 'Quebrada El Popalito', 'Haciendas cercanas', 'Mirador Cerro Bravo']","['Trucha', 'Frijoles de carga', 'Mazamorra', 'Pan de maíz', 'Natilla y buñuelos', 'Chicharrón']","['Fiestas de San Luis Gonzaga (junio)', 'Feria Artesanal y Comercial', 'Festival de la Trova']","Autopista hasta desvío, luego vía en buen estado.",facil,El Santuario tiene buen servicio de gasolina y talleres. Punto de paso hacia Cocorná y San Luis. Mercado campesino los sábados.,32000,,2026-07-14 12:03:11.391593+00,el santuario
entrerrios,Entrerríos,Norte,2450,14,60,1h15min,"{'lat': 6.5626, 'lng': -75.5892}",Desde Medellín por San Pedro de los Milagros.,Fundado en 1830. Municipio ganadero entre Santa Rosa y San Pedro. Paisaje típico del altiplano norte con pastizales verdes y fincas lecheras. El río Grande y sus afluentes son su riqueza hídrica.,"['Embalse Riogrande II (parte)', 'Parque principal', 'Fincas lecheras', 'Quebrada Grande', 'Miradores del Norte']","['Leche', 'Cuajada', 'Frijoles', 'Mazamorra', 'Chicharrón']","['Fiestas patronales', 'Feria Agropecuaria']",Vía departamental en buen estado.,facil,Municipio tranquilo del altiplano. Buena para ruta combinada Santa Rosa-Entrerríos-Don Matías.,15000,,2026-07-14 12:05:42.236136+00,entrerrios
envigado,Envigado,Valle de Aburrá,1575,22,10,20 min,"{'lat': 6.1681, 'lng': -75.5913}","Avenida El Poblado hacia el sur, continuación natural de Medellín.","Fundado en 1775. Municipio de alta calidad de vida, considerado uno de los mejores para vivir en Colombia. Cuna de muchos deportistas destacados. Conserva un bello parque central de arquitectura republicana. Barrio El Dorado famoso por sus restaurantes.","['Parque principal', 'Iglesia La Inmaculada', 'Barrio El Dorado', 'Quebrada La Ayurá', 'Estadio Juan Antonio Campillo', 'Parque El Salado', 'Hacienda La Mina']","['Bandeja paisa', 'Pescado frito', 'Cotelé', 'Empanadas de pipián', 'Helados artesanales']","['Fiestas de la Inmaculada Concepción (diciembre)', 'Festival de la Trova Envigado', 'Maratón de Envigado']","Vías urbanas excelentes, avenidas bien mantenidas.",facil,Envigado tiene muchos restaurantes de calidad en la zona de El Dorado y El Poblado Sur. Parqueaderos disponibles en el parque central. Zona segura.,250000,,2026-07-14 12:00:58.273533+00,envigado
fredonia,Fredonia,Suroeste,1750,18,60,1h15min,"{'lat': 5.926, 'lng': -75.6773}",Desde Medellín por Autopista Sur-Caldas-Amagá. Carretera en buen estado.,"Fundado en 1828. Municipio cafetero del Suroeste antioqueño. Zona de ladera con haciendas cafeteras históricas. Parque principal bien conservado. Cerca de Medellín, ideal para rutas de un día.","['Parque principal', 'Haciendas cafeteras', 'Mirador El Cerro', 'Quebradas y cascadas', 'Cultivos de café']","['Café', 'Frijoles antioqueños', 'Chicharrón', 'Mazamorra', 'Sancocho', 'Aguardiente']","['Fiestas patronales de La Candelaria (febrero)', 'Feria Cafetera', 'Festival del Retorno']",Carretera bien pavimentada.,facil,Primera parada del Suroeste desde Medellín. A solo 1h. Buen café y comida típica. Combinar con Jericó y Jardín para ruta completa.,28000,,2026-07-14 12:07:16.77151+00,fredonia
frontino,Frontino,Occidente,1800,18,140,3h,"{'lat': 6.7752, 'lng': -76.131}",Desde Medellín por Cañasgordas o por Dabeiba. Carretera departamental.,"Fundado en 1825. Municipio del Occidente profundo, frontera con Chocó y Urabá. Zona de selva húmeda, biodiversidad y ríos. Acceso a las reservas naturales de la serranía de Abibe. Municipio muy verde y lluvioso.","['Parque principal', 'Reservas naturales', 'Ríos cristalinos', 'Selva húmeda', 'Serranía de Abibe', 'Cascadas naturales']","['Sancocho', 'Frijoles', 'Pescado', 'Plátano', 'Frutas tropicales']","['Fiestas patronales de San Juan Bautista (junio)', 'Festival Cultural']",Carretera departamental con tramos sinuosos. Estado variable.,dificil,"Zona lluviosa, vías pueden estar en mal estado. Municipio para moteros aventureros. Llevar poncho.",20000,"Zona de alta biodiversidad, frontera con Chocó.",2026-07-14 12:04:26.281938+00,frontino
giraldo,Giraldo,Occidente,1700,19,80,1h50min,"{'lat': 6.5742, 'lng': -75.9421}",Desde Santa Fe de Antioquia o desde Olaya.,Fundado en 1886. Municipio del Occidente. Zona agropecuaria. Paisajes de montaña verde con cultivos de café y frutales.,"['Parque principal', 'Cultivos de café', 'Quebradas', 'Miradores']","['Café', 'Frijoles', 'Chicharrón']",['Fiestas patronales'],Carretera departamental sinuosa.,media,Municipio tranquilo del Occidente.,8000,,2026-07-14 12:04:26.281938+00,giraldo
girardota,Girardota,Valle de Aburrá,1350,23,30,35 min,"{'lat': 6.377, 'lng': -75.4483}","Autopista Norte desde Medellín, desvío antes de Barbosa.","Fundado en 1620. Conocido como ""El Municipio del Señor Caído"", por la famosa imagen del Señor Caído del Espinal que atrae a miles de peregrinos. Municipio de gran fervor religioso y tradición agrícola. Limita con el río Medellín.","['Santuario del Señor Caído del Espinal', 'Parque principal', 'Río Medellín', 'Cerros protectores', 'Haciendas históricas']","['Frijoles con chicharrón', 'Lechona', 'Arepa de maíz', 'Aguardiente antioqueño']","['Festividades del Señor Caído (tercer fin de semana de enero)', 'Fiestas patronales de San Lorenzo (agosto)']",Autopista Norte en excelente estado.,facil,Ideal parada para quienes van al norte de Antioquia. El santuario del Señor Caído es visita obligada. Muchos restaurantes típicos sobre la vía.,60000,,2026-07-14 12:00:58.273533+00,girardota
gomez-plata,Gómez Plata,Norte,1550,19,80,1h45min,"{'lat': 6.7246, 'lng': -75.206}",Desde Santa Rosa o desde Amalfi (Nordeste).,Fundado en 1793. Municipio que conecta el Norte con el Nordeste antioqueño. Zona minera y cafetera. Paso importante para la ruta hacia el Nordeste.,"['Parque principal', 'Río Guadalupe', 'Cultivos de café', 'Miradores de montaña']","['Café', 'Frijoles', 'Sancocho', 'Mazamorra', 'Chicharrón']","['Fiestas patronales', 'Feria Agropecuaria']","Vía departamental, algunas curvas pronunciadas.",media,Punto de conexión Norte-Nordeste. Buenos talleres de moto en el pueblo.,15000,,2026-07-14 12:05:42.236136+00,gomez plata
granada,Granada,Oriente,900,26,110,2h30min,"{'lat': 6.1541, 'lng': -74.9489}",Desde Medellín por San Carlos o por la Autopista Medellín-Bogotá hasta San Luis.,Fundado en 1908. Uno de los municipios más golpeados por el conflicto armado en los 90. Hoy es ejemplo de reconciliación y resiliencia. El Salón del Nunca Más es un referente nacional de memoria histórica. Zona de ríos y naturaleza exuberante.,"['Salón del Nunca Más (memoria histórica)', 'Río Calderas', 'Cascadas naturales', 'Sendero ecológico', 'Cultivos de cacao y plátano', 'Museo de la Memoria']","['Sancocho de gallina', 'Plátano frito', 'Yuca', 'Trucha', 'Guanábana', 'Frutas tropicales']","['Fiestas del Río (agosto)', 'Festival de la Reconciliación', 'Semana de la Memoria']","Carretera regional, algunos tramos destapados. Zona caliente.",media,Zona de temperatura alta (26-30°C). Llevar hidratación. El Salón del Nunca Más es visita obligada para entender la historia reciente de Antioquia. Comunidad muy cálida.,10000,Símbolo de resiliencia postconflicto en Colombia.,2026-07-14 12:03:11.391593+00,granada
guadalupe-norte,Guadalupe,Norte,1600,19,95,2h,"{'lat': 6.8696, 'lng': -75.2745}",Desde Santa Rosa o desde Carolina del Príncipe.,Fundado en 1813. Municipio productor de café en el Norte antioqueño. Zona de montañas verdes y ríos cristalinos. Pequeña pero bonita cabecera municipal.,"['Parque principal', 'Cultivos de café', 'Ríos y cascadas', 'Miradores']","['Café del Norte', 'Frijoles', 'Sancocho', 'Mazamorra']",['Fiestas patronales'],Vía departamental sinuosa.,media,"Municipio pequeño, productor de café de buena calidad.",8000,,2026-07-14 12:05:42.236136+00,guadalupe
guarne,Guarne,Oriente,2150,16,30,40min,"{'lat': 6.2767, 'lng': -75.4438}",Salida por la vía Las Palmas o por el desvío de la Autopista Medellín-Bogotá antes del aeropuerto.,Fundado en 1757. Municipio de rápido crecimiento por su cercanía a Medellín y al aeropuerto. Zona industrial y de bodegas logísticas. Sin embargo conserva veredas naturales y un parque central tradicional antioqueño.,"['Parque principal', 'Iglesia San Bartolomé', 'Veredas naturales', 'Zona Industrial La Mosca', 'Quebrada La García', 'Parque El Porvenir']","['Frijoles antioqueños', 'Chicharrón', 'Trucha', 'Arepa de chócolo', 'Mazamorra']","['Fiestas de San Bartolomé (agosto)', 'Festival Cultural', 'Feria Artesanal']","Autopista hasta desvío, vía urbana buena.",facil,"Guarne es paso obligado hacia el aeropuerto. Si aterrizas o sales de viaje, hay hoteles y restaurantes cerca. La zona industrial tiene buenos talleres de moto.",65000,,2026-07-14 12:03:11.391593+00,guarne
guatape,Guatapé,Oriente,1885,18,80,1h45min,"{'lat': 6.2335, 'lng': -75.1577}","Desde Medellín por la Autopista Medellín-Bogotá hasta El Santuario, luego desvío a Guatapé.","Fundado en 1811. Famoso mundialmente por sus ""zócalos"" (murales en relieve en las fachadas de las casas), el embalse Peñol-Guatapé y la Piedra del Peñol. Su pueblo de colores es uno de los más fotografiados de Colombia. Pueblo turístico por excelencia.","['Embalse Peñol-Guatapé', 'Zócalos coloridos', 'Parque Principal de los Zócalos', 'Iglesia Nuestra Señora del Carmen', 'Paseos en lancha', 'Deportes acuáticos', 'Malecón', 'Mirador El Peñol (a 8km)']","['Trucha del embalse', 'Bandeja paisa', 'Sancocho de gallina', 'Refajo antioqueño', 'Chicharrón', 'Empanadas', 'Mazamorra']","['Fiestas del Embalse (junio)', 'Festival de Zócalos', 'Semana Santa turística', 'Año Nuevo en el embalse']","Carretera bien pavimentada hasta Guatapé, con curvas panorámicas junto al embalse.",facil,Guatapé es visita obligada de todo motero. Las vías junto al embalse son espectaculares. Fines de semana muy lleno: mejor ir entre semana. Parqueo motos cerca de la iglesia.,16000,Uno de los destinos turísticos más visitados de Colombia.,2026-07-14 12:03:11.391593+00,guatape
heliconia,Heliconia,Occidente,1800,18,55,1h10min,"{'lat': 6.2152, 'lng': -75.7427}",Desde Medellín por la vía al Occidente.,"Fundado en 1814. Municipio de montaña, zona de transición entre el Valle de Aburrá y el Occidente. Paisajes verdes con cultivos de café y frutales. Clima templado agradable.","['Parque principal', 'Iglesia colonial', 'Miradores naturales', 'Cultivos de café', 'Quebradas']","['Café', 'Frijoles', 'Aguacate', 'Mango', 'Chicharrón']","['Fiestas patronales de San Pablo (junio)', 'Feria Agropecuaria']",Carretera departamental con curvas moderadas.,facil,Municipio tranquilo. Buena parada entre Medellín y el Occidente profundo.,13000,,2026-07-14 12:04:26.281938+00,heliconia
hispania,Hispania,Suroeste,1800,17,145,3h,"{'lat': 5.8077, 'lng': -75.9256}",Desde Medellín por Andes.,Fundado en 1914. Municipio cafetero del sur del Suroeste. Pequeña cabecera con parque colonial. Zona de montaña verde y clima fresco.,"['Parque principal', 'Cultivos de café', 'Miradores', 'Ríos']","['Café', 'Frijoles', 'Sancocho', 'Mazamorra']",['Fiestas patronales'],Carretera departamental.,media,Municipio pequeño del Suroeste. Excelente café de la zona.,8000,,2026-07-14 12:07:16.77151+00,hispania
itagui,Itagüí,Valle de Aburrá,1500,22,8,15 min,"{'lat': 6.1846, 'lng': -75.5996}",Autopista Sur o Avenida El Poblado hacia el sur de Medellín.,"Fundado en 1743. ""La Capital Industrial de Antioquia"". Concentra el mayor número de industrias por km² del país, especialmente textiles, confecciones y calzado. Municipio símbolo del empuje obrero antioqueño. Sede del Parque Ditaires.","['Centro Comercial Mayorca', 'Parque Ditaires', 'Parque de las Aguas', 'Quebrada Doña María', 'Zona Industrial']","['Bandeja paisa', 'Arepa', 'Chicharrón', 'Empanadas antioqueñas']","['Fiestas del Municipio (noviembre)', 'Festival de la Industria', 'Feria de las Flores local']",Autopistas urbanas en perfecto estado.,facil,"Municipio industrial, tráfico pesado en zonas industriales. Evitar camiones en horas pico. Parque Ditaires ideal para descanso.",370000,,2026-07-14 12:00:58.273533+00,itagui
ituango,Ituango,Norte,1550,20,195,4h,"{'lat': 7.1745, 'lng': -75.7584}",Desde Medellín por Yarumal y luego vía departamental. O por Valdivia.,"Fundado en 1832. Municipio del Norte profundo. Famoso actualmente por la Hidroeléctrica Ituango (Hidroituango), la más grande de Colombia. Zona histórica de conflicto armado, en proceso de normalización. El río Cauca cruza su territorio en cañones espectaculares.","['Hidroituango (Represa)', 'Cañón del Cauca', 'Parque principal', 'Serranía de San Jerónimo', 'Ríos y cascadas']","['Sancocho de gallina', 'Frijoles', 'Plátano', 'Yuca', 'Trucha']","['Fiestas patronales', 'Festival del Campesino']",Carretera nacional e interdepartamental con tramos sinuosos y difíciles.,dificil,Zona en normalización. Consultar condiciones de seguridad. Hidroituango es una maravilla de ingeniería. La vía de Valdivia puede estar en obras.,45000,"Sede de Hidroituango, la hidroeléctrica más grande de Colombia.",2026-07-14 12:05:42.236136+00,ituango
jardin,Jardín,Suroeste,1750,18,135,2h30min,"{'lat': 5.5978, 'lng': -75.8183}",Desde Medellín por Autopista Sur-Caldas-Amagá-Fredonia-Jericó-Jardín. O por Andes. Carretera departamental.,"Fundado en 1863. Considerado el pueblo más bonito de Antioquia y uno de los más bellos de Colombia. Declarado Patrimonio Histórico. Su parque colonial de colores vivos, arquitectura republicana y entorno natural de montaña verde lo hacen único. La Basílica Menor es imponente. Pequeño pero perfecto.","['Parque principal colonial (Patrimonio Nacional)', 'Basílica Menor Nuestra Señora de Las Mercedes', 'Teleférico y Cuerda floja', 'Galería Artesanal', 'Chorros de Naranjal', 'Cueva El Esplendor', 'Mirador La Garrucha (Guadual)', 'Haciendas cafeteras', 'Cascada de Farallones', 'Río San Juan']","['Café Jardín (excelente calidad)', 'Trucha al ajillo', 'Bandeja paisa', 'Mazamorra con bocadillo', 'Buñuelos', 'Natilla', 'Helados artesanales', 'Tamal antioqueño', 'Aguardiente artesanal']","['Fiestas de la Virgen de Las Mercedes (septiembre)', 'Festival del Folklore', 'Semana del Arte y la Cultura', 'Festival Gastronómico del Café']","Carretera pavimentada bien mantenida, curvas agradables de Suroeste.",media,Jardín es el destino motero más popular del Suroeste. Las curvas del Suroeste son legendarias. Llega entre semana: fines de semana es lleno. Parqueo motos en el parque. No te pierdas el teleférico ni la Cueva El Esplendor.,20000,Patrimonio Histórico Nacional. Uno de los pueblos más bellos de Colombia.,2026-07-14 12:07:16.77151+00,jardin
jerico,Jericó,Suroeste,1750,18,120,2h15min,"{'lat': 5.7855, 'lng': -75.7823}",Desde Medellín por Autopista Sur-Caldas-Amagá-Fredonia-Jericó. Carretera pavimentada.,"Fundado en 1850. Cuna de la Beata Laura Montoya, primera colombiana beatificada. Municipio de gran fervor religioso y arquitectura colonial conservada. Su parque principal y la Catedral son joyas del Suroeste. Zona cafetera de ladera.","['Parque principal (Patrimonio)', 'Catedral de Jericó', 'Museo Laura Montoya', 'Mirador El Morro del Toldado', 'Cerro San Daniel', 'Vereda La Sinfonía', 'Haciendas cafeteras', 'Cascadas naturales']","['Café de ladera', 'Sancocho antioqueño', 'Frijoles', 'Mazamorra', 'Chicharrón', 'Trucha', 'Arequipe artesanal']","['Fiestas de Nuestra Señora de Las Mercedes (septiembre)', 'Festival Cultural y Artístico', 'Semana de Laura Montoya', 'Feria Cafetera']","Carretera en buen estado, curvas pronunciadas del Suroeste.",media,Jericó y Jardín en el mismo día es la ruta clásica del Suroeste. El Morro del Toldado tiene vista de 360°. Llevar chaqueta: mañanas frescas.,14000,"Cuna de Laura Montoya, primera beata de Colombia.",2026-07-14 12:07:16.77151+00,jerico
la-ceja,La Ceja,Oriente,2200,16,50,1h,"{'lat': 6.0295, 'lng': -75.435}","Autopista Medellín-Bogotá, desvío en La Ceja. O vía La Estrella-Caldas.","Fundada en 1789. ""La Ciudad de las Flores"". Clima fresco y paisaje de montaña verde. Principal productor de flores de exportación en el Oriente antioqueño. Su parque principal es uno de los más bonitos del departamento.","['Parque principal (Patrimonio)', 'Iglesia Santa Rosa de Lima', 'Finca La Rochela', 'Cultivos de flores', 'Quebrada La Cimarrona', 'Mirador El Cerro', 'Jardines florales']","['Trucha', 'Frijoles', 'Arepas de chócolo', 'Chicharrón', 'Mazamorra con panela', 'Agua panela con queso']","['Feria Agropecuaria y Agroindustrial', 'Fiestas de Santa Rosa de Lima (agosto)', 'Festival de las Flores']",Carretera pavimentada en buen estado con curvas moderadas.,facil,La Ceja tiene uno de los parques más lindos del Oriente. Ideal para descanso y café. Las flores son el atractivo visual del camino.,55000,Principal productor de flores de exportación en Oriente.,2026-07-14 12:03:11.391593+00,la ceja
la-estrella,La Estrella,Valle de Aburrá,1750,18,16,25 min,"{'lat': 6.1568, 'lng': -75.6409}","Autopista Sur, desvío después de Sabaneta.","Fundado en 1833. Municipio que conserva un centro histórico republicano bien preservado. Su mayor atractivo es el Embalse La Fe, principal fuente de agua para el sur del Área Metropolitana. Zona de clima fresco por su mayor altitud.","['Embalse La Fe', 'Parque principal (Patrimonio Arquitectónico)', 'Catedral de Nuestra Señora de Chiquinquirá', 'Ciénaga La Estrella', 'Haciendas históricas', 'Parque de La Quebrada']","['Trucha fresca', 'Frijoles', 'Sancocho de gallina', 'Tamales antioqueños', 'Aguardiente']","['Fiestas patronales Virgen de Chiquinquirá (septiembre)', 'Festival del Agua y la Montaña']","Autopista Sur hasta desvío, luego vías locales sinuosas.",facil,"El Embalse La Fe no tiene acceso público para motos, pero los miradores son espectaculares. Llevar ropa de abrigo, fresca en las noches.",70000,,2026-07-14 12:00:58.273533+00,la estrella
la-paz-oriente,La Paz,Oriente,1800,19,90,2h,"{'lat': 6.0012, 'lng': -75.0893}",Desde Medellín por El Carmen de Viboral o por San Luis.,Municipio joven del Oriente antioqueño. Zona de montañas y ríos. Área agropecuaria y de pequeña minería. Paisajes naturales conservados.,"['Ríos', 'Cascadas naturales', 'Veredas de montaña', 'Cultivos de plátano y café']","['Sancocho', 'Frijoles', 'Plátano', 'Frutas de la región']","['Fiestas patronales de La Paz', 'Festival Campesino']",Carretera departamental.,media,"Municipio tranquilo, bueno para quien busca descanso en naturaleza sin turismo masivo.",9000,,2026-07-14 12:03:11.391593+00,la paz
la-pintada,La Pintada,Suroeste,550,28,70,1h15min,"{'lat': 5.7543, 'lng': -75.6133}","Desde Medellín por Autopista Sur-Caldas. Punto de cruce entre Antioquia, Caldas y Risaralda.",Fundada en 1918. Municipio de clima cálido ubicado en la confluencia de los ríos Cauca y Poblanco. Centro de servicios para la zona de La Pintada. Importante nodo vial entre Antioquia y el Eje Cafetero. Zona turística de balnearios en el río Cauca.,"['Río Cauca (balnearios)', 'Parque de La Pintada', 'Zona comercial de cambio departamental', 'Miradores del Cauca', 'Balnearios privados']","['Sancocho de pescado', 'Mojarra frita', 'Plátano', 'Guarapo de caña', 'Frutas tropicales', 'Cerveza fría']","['Fiestas del Río (agosto)', 'Fiestas patronales']",Autopista en perfecto estado. Punto de cruce de vías nacionales.,facil,La Pintada: la gasolinera más conocida del Suroeste. Parada obligada de moto. Excelente mojarra frita en los restaurantes del río. Calor intenso: hidratación.,15000,"Nodo vial entre Antioquia, Caldas y Risaralda. Gasolinera estratégica del Suroeste.",2026-07-14 12:07:16.77151+00,la pintada
la-union,La Unión,Oriente,2500,14,65,1h30min,"{'lat': 5.978, 'lng': -75.3574}",Desde La Ceja o El Carmen de Viboral hacia el sur por carretera departamental.,Fundada en 1860. La más alta de las cabeceras municipales del Oriente antioqueño. Clima muy frío. Importante producción de papa y hortalizas. Su posición en las montañas ofrece vistas espectaculares del Oriente.,"['Parque principal', 'Iglesia de La Unión', 'Cultivos de papa y hortalizas', 'Miradores naturales', 'Páramos', 'Quebradas cristalinas']","['Sancocho de papa', 'Frijoles', 'Trucha', 'Fritada antioqueña', 'Aguapanela con queso']","['Fiestas patronales', 'Festival del Campesino']","Carretera departamental, curvas pronunciadas, bien pavimentada.",media,"Ropa de abrigo obligatoria: puede hacer 8-12°C. Niebla frecuente en las mañanas. Zona alta de páramo, precaución con el piso mojado.",18000,,2026-07-14 12:03:11.391593+00,la union
liborina,Liborina,Occidente,1000,23,95,2h,"{'lat': 6.6895, 'lng': -75.8624}",Desde Santa Fe de Antioquia o desde Olaya por carretera departamental.,"Fundado en 1786. Municipio del norte del Occidente antioqueño. Zona agrícola con producción de café, cacao y plátano. Clima templado. Paisajes verdes de montaña.","['Parque principal', 'Ríos y quebradas', 'Cultivos de café y cacao', 'Miradores']","['Café', 'Cacao artesanal', 'Frijoles', 'Sancocho']","['Fiestas patronales', 'Festival del Cacao']","Carretera departamental, sinuosa.",media,Municipio tranquilo del norte del Occidente.,15000,,2026-07-14 12:04:26.281938+00,liborina
maceo,Maceo,Magdalena Medio,600,26,140,2h45min,"{'lat': 6.5417, 'lng': -74.7741}",Desde Medellín por San Roque o desde Puerto Berrío.,Fundado en 1854. Municipio de transición entre el Nordeste y el Magdalena Medio. Zona minera y agropecuaria. Clima cálido-templado. Paisajes de montaña baja.,"['Parque principal', 'Río Nus', 'Minas', 'Cultivos de cacao']","['Cacao artesanal', 'Sancocho', 'Plátano', 'Frijoles', 'Frutas']",['Fiestas patronales'],Carretera departamental.,media,Municipio de transición. Buen cacao de la zona.,10000,,2026-07-14 12:08:51.077731+00,maceo
marinilla,Marinilla,Oriente,2120,17,55,1h15min,"{'lat': 6.1748, 'lng': -75.3379}","Autopista Medellín-Bogotá, desvío en El Santuario o en Rionegro hacia el oriente.","Fundada en 1690. Conocida como la ""Ciudad de los Escribanos"" por su histórica tradición educativa. Centro religioso importante de Antioquia, con su famosa basílica colonial. Sede del Santuario de Nuestra Señora del Carmen.","['Basílica Menor de Nuestra Señora del Carmen', 'Parque principal', 'Casa de la Cultura', 'Quebrada El Topacio', 'Embalse Piedras Blancas', 'Vereda El Cascajal', 'Templo colonial']","['Trucha', 'Sancocho de gallina', 'Frijoles de carga', 'Pan de yuca', 'Aguapanela con queso']","['Fiestas del Carmen (julio)', 'Festival Nacional de la Trova', 'Semana Cultural']","Autopista hasta Rionegro, luego vía regional buena.",facil,Combinar visita a Marinilla con El Santuario y El Carmen de Viboral para ruta completa del Oriente. Zona azucarera con muchos trapiches.,50000,,2026-07-14 12:03:11.391593+00,marinilla
medellin,Medellín,Valle de Aburrá,1495,22,0,0 min,"{'lat': 6.2442, 'lng': -75.5812}",Centro del Departamento de Antioquia. Acceso por todas las autopistas del Área Metropolitana.,Fundada en 1616 como San Lorenzo de Aburrá. Capital de Antioquia desde 1826. Pasó de ser la ciudad más violenta del mundo en los 90 a modelo internacional de urbanismo e innovación. Ciudad de la Eterna Primavera por su clima templado.,"['Museo de Antioquia', 'Parque Explora', 'Jardín Botánico', 'El Poblado', 'Laureles', 'Metrocable', 'Plaza Botero', 'Pueblito Paisa', 'Parque Arví', 'El Centro histórico', 'Estadio Atanasio Girardot', 'Barrio Colombia']","['Bandeja paisa', 'Sancocho antioqueño', 'Arepa de chócolo', 'Chicharrón', 'Mazamorra', 'Aguardiente antioqueño', 'Chorizo santarrosano', 'Mondongo']","['Feria de las Flores (agosto)', 'Alumbrados navideños (diciembre)', 'Festival Internacional de Jazz', 'Antioquia en el Corazón', 'Medellín Fashion Week']","Autopistas urbanas, excelente estado.",facil,Medellín tiene ciclovías y zonas peatonales. Cuidado con el tráfico del Centro. Mejor moverse temprano o tarde.Parqueo fácil en El Poblado y Laureles.,2700000,,2026-07-14 12:00:58.273533+00,medellin
montebello,Montebello,Suroeste,2050,15,90,1h50min,"{'lat': 5.9507, 'lng': -75.5249}",Desde Medellín por Caldas-La Estrella-Santa Bárbara.,Fundado en 1909. Municipio cafetero del Suroeste central. Zona de alta montaña con clima frío. Vistas espectaculares sobre los valles del Suroeste.,"['Parque principal', 'Miradores de montaña', 'Cultivos de café', 'Páramos', 'Ríos']","['Café', 'Frijoles', 'Chicharrón', 'Mazamorra', 'Papa chorreada']","['Fiestas patronales', 'Festival del Campesino']",Carretera departamental sinuosa.,media,Municipio frío del Suroeste. Llevar chaqueta.,10000,,2026-07-14 12:07:16.77151+00,montebello
murindo,Murindó,Urabá,30,28,450,10h,"{'lat': 6.9795, 'lng': -76.754}",Desde Medellín por Dabeiba y luego por ríos o pistas. Zona de muy difícil acceso terrestre.,"Fundado en 1994. Municipio del Urabá chocoano. Zona de selva amazónica antioqueña, muy difícil acceso. Territorio de comunidades afrodescendientes e indígenas Emberá. Zona de altísima biodiversidad.","['Selva tropical', 'Ríos del Atrato', 'Comunidades Emberá', 'Biodiversidad excepcional', 'Avistamiento de aves']","['Plátano', 'Yuca', 'Pescado de río', 'Frutas de selva']",['Fiestas comunitarias'],Vía fluvial principalmente. No hay carretera convencional.,muy_dificil,Acceso principalmente por río o avioneta. No apto para motos convencionales. Zona de selva amazónica pura.,7000,Acceso principalmente fluvial o aéreo. Selva amazónica antioqueña.,2026-07-14 12:09:50.678603+00,murindo
mutatá,Mutatá,Urabá,100,28,300,5h,"{'lat': 7.2421, 'lng': -76.4348}","Desde Medellín por la Autopista al Mar, zona de montaña-selva de transición.","Fundado en 1978. Municipio de la serranía de Abibe en el Urabá. Zona de selva húmeda y biodiversidad. Transición entre el Occidente y el Urabá. Zona histórica de conflicto armado, en normalización.","['Serranía de Abibe', 'Ríos de selva', 'Bosques húmedos tropicales', 'Comunidades indígenas Emberá']","['Plátano', 'Yuca', 'Sancocho', 'Frutas tropicales']",['Fiestas patronales'],Autopista al Mar con tramos sinuosos en la serranía.,media,Zona de transición Occidente-Urabá. La serranía de Abibe tiene biodiversidad excepcional.,18000,Zona de transición con la serranía de Abibe. Alta biodiversidad.,2026-07-14 12:09:50.678603+00,mutata
narino-ant,Nariño,Oriente,1750,19,85,1h50min,"{'lat': 5.9669, 'lng': -75.1587}",Desde Medellín por La Ceja o Abejorral hacia el sur del Oriente.,"Fundado en 1880. Municipio agropecuario del sur del Oriente antioqueño. Producción de plátano, yuca y ganadería. Paisajes de ladera y clima templado. Poco conocido turísticamente, pero de gran belleza paisajística.","['Parque principal', 'Ríos y quebradas', 'Paisajes de ladera', 'Cultivos tropicales']","['Plátano frito', 'Sancocho de gallina', 'Yuca', 'Frijoles', 'Aguardiente']","['Fiestas patronales', 'Feria Agropecuaria']","Carretera departamental, algunos tramos sinuosos.",media,Municipio de paso entre el sur del Oriente y el Suroeste antioqueño. Buenos paisajes. Poca oferta turística formal.,8000,,2026-07-14 12:03:11.391593+00,narino
nechi,Nechí,Bajo Cauca,30,34,300,6h,"{'lat': 8.0965, 'lng': -74.7712}",Desde Caucasia hacia el noreste.,Fundado en 1850. Municipio del extremo norte del Bajo Cauca. A orillas del río Nechí y cerca del Cauca. Zona de ciénagas y selva tropical. Pesca artesanal.,"['Río Nechí', 'Ciénagas', 'Parque principal', 'Zonas de pesca', 'Selva tropical']","['Pescado frito', 'Bagre', 'Plátano', 'Yuca', 'Frutas tropicales']","['Fiestas patronales', 'Festival del Pescador']",Carretera con tramos destapados.,muy_dificil,Zona muy remota del norte de Antioquia. Para moteros aventureros con preparación.,28000,,2026-07-14 12:08:51.077731+00,nechi
necoclí,Necoclí,Urabá,2,28,420,7h30min,"{'lat': 8.4237, 'lng': -76.7851}",Desde Turbo por carretera costera hacia el norte. O por lancha desde Turbo.,"Fundado en 1900. Municipio costero del Urabá, con las mejores playas del Golfo. Las playas de Necoclí son las más largas del Golfo de Urabá. Destino turístico playero en crecimiento. Zona de mariscos y pesca.","['Playas del Golfo (las más largas)', 'Muelle de Necoclí', 'Zona de manglares', 'Centro histórico', 'Migraciones de aves', 'Playa El Caracol', 'Parque la Iguana']","['Mariscos', 'Langosta', 'Mojarra del mar', 'Arroz con coco', 'Patacón', 'Cocadas', 'Piña colada artesanal']","['Festival del Mar y la Playa', 'Fiestas patronales de la Virgen de las Mercedes (septiembre)']","Carretera costera, algunos tramos con baches.",media,"Necoclí tiene las mejores playas del Golfo. Aguas tranquilas del Caribe. Si llevas la moto hasta aquí, eres de los pocos. Recuerda que no puedes cruzar el Tapón del Darién en moto.",20000,Mejores playas del Golfo de Urabá.,2026-07-14 12:09:50.678603+00,necocli
olaya,Olaya,Occidente,800,25,85,1h45min,"{'lat': 6.5979, 'lng': -75.8249}","Desde Santa Fe de Antioquia hacia el norte, cruzando el Cauca.","Fundado en 1874. Municipio del Occidente entre Santa Fe de Antioquia y el Norte. Zona de clima cálido junto al río Cauca. Producción de cacao, plátano y frutas tropicales. Paisajes del cañón del Cauca.","['Río Cauca', 'Cultivos tropicales', 'Parque principal', 'Miradores del Cauca']","['Cacao', 'Plátano', 'Sancocho de gallina', 'Frutas tropicales']","['Fiestas patronales', 'Feria Agropecuaria']","Carretera regional, algunos tramos en regular estado.",media,Zona de clima cálido. Ruta poco transitada del norte del Occidente.,8000,,2026-07-14 12:04:26.281938+00,olaya
peque,Peque,Occidente,1500,20,120,2h45min,"{'lat': 7.0417, 'lng': -75.8833}","Desde Medellín por el norte del Occidente, vía Olaya o Liborina.",Fundado en 1843. Municipio del norte del Occidente antioqueño. Zona agrícola con producción de café y ganado. Paso hacia la zona norte.,"['Parque principal', 'Cultivos de café', 'Ríos', 'Miradores naturales']","['Café', 'Frijoles', 'Sancocho', 'Mazamorra']","['Fiestas patronales', 'Feria del Campesino']","Carretera departamental, algunos tramos en regular estado.",dificil,Zona de difícil acceso del norte del Occidente.,13000,,2026-07-14 12:04:26.281938+00,peque
pueblorrico,Pueblorrico,Suroeste,1900,16,145,3h,"{'lat': 5.7289, 'lng': -75.8878}",Desde Medellín por Andes-Ciudad Bolívar.,Fundado en 1887. Municipio cafetero del extremo sur del Suroeste antioqueño. Zona de alta montaña con clima frío. Producción de café especial y hortalizas.,"['Parque principal', 'Cultivos de café especial', 'Páramos', 'Ríos de montaña']","['Café especial', 'Frijoles', 'Sancocho', 'Mazamorra', 'Papa chorreada']","['Fiestas patronales', 'Festival del Café']",Carretera departamental con curvas.,media,Zona muy fría del Suroeste. Lleva chaqueta. El café de Pueblorrico es excelente.,8000,,2026-07-14 12:07:16.77151+00,pueblorrico
puerto-berrio,Puerto Berrío,Magdalena Medio,130,32,185,3h30min,"{'lat': 6.4882, 'lng': -74.4046}",Desde Medellín por la Autopista Medellín-Bogotá hasta Puerto Triunfo o por Yolombó-Remedios.,Fundado en 1875. Puerto fluvial histórico sobre el río Magdalena. Centro económico del Magdalena Medio antioqueño. Ciudad portuaria con tradición de navegación fluvial. Puerto ganadero y minero. Clima muy cálido por su baja altitud.,"['Río Magdalena', 'Puerto fluvial', 'Malecón sobre el Magdalena', 'Parque principal', 'Playa del Magdalena', 'Deportes náuticos', 'Piscinas naturales']","['Sancocho de bagre', 'Mojarra frita', 'Bocachico frito', 'Cabeza de bagre', 'Plátano', 'Yuca', 'Guarapo', 'Cerveza fría']","['Fiestas del Río Magdalena (agosto)', 'Festival Náutico', 'Fiestas patronales del Sagrado Corazón']",Carretera nacional en buen estado.,facil,Puerto Berrío: 32-36°C. Hidratación constante. El río Magdalena es imponente. Mejor visitar en la mañana temprano. Buena gasolina disponible.,50000,Puerto histórico sobre el río Magdalena. Centro del Magdalena Medio antioqueño.,2026-07-14 12:08:51.077731+00,puerto berrio
puerto-nare,Puerto Nare,Magdalena Medio,130,32,190,4h,"{'lat': 6.1974, 'lng': -74.5912}",Desde Puerto Triunfo por el Magdalena o desde la Autopista Medellín-Bogotá.,Fundado en 1888. Puerto fluvial sobre el Magdalena. Zona de cementera importante (Argos). Río Magdalena con pescado fresco. Clima muy cálido. Playa fluvial sobre el Magdalena.,"['Río Magdalena', 'Playa fluvial', 'Cemento Argos (infraestructura)', 'Ciénagas', 'Pesca deportiva']","['Mojarra frita', 'Bagre', 'Sancocho de pescado', 'Plátano', 'Guarapo']","['Fiestas del Río', 'Fiestas patronales']","Vía nacional hasta desvío, luego departamental.",media,Zona muy caliente. El río Magdalena tiene playas de arena blanca. Buena pesca.,20000,,2026-07-14 12:08:51.077731+00,puerto nare
puerto-triunfo,Puerto Triunfo,Magdalena Medio,130,32,165,3h,"{'lat': 5.8765, 'lng': -74.6331}",Por la Autopista Medellín-Bogotá. La más cercana del Magdalena Medio a Medellín.,"Fundado en 1960. Sede de Hacienda Nápoles, la famosa finca de Pablo Escobar, hoy convertida en parque temático. La autopista Medellín-Bogotá pasa por aquí. Puerto sobre el Magdalena. Zona de calor intenso y naturaleza tropical.","['Hacienda Nápoles (Parque Temático)', 'Zoológico Hacienda Nápoles', 'Río Magdalena', 'Playas fluviales', 'Hipopótamos del Magdalena (escapados de Nápoles)', 'Ruta de la Autopista']","['Sancocho de pescado', 'Mojarra', 'Plátano', 'Yuca', 'Frutas tropicales', 'Guarapo']","['Fiestas del Río (agosto)', 'Semana Turística', 'Fiestas patronales']",Autopista Medellín-Bogotá en perfecto estado.,facil,Hacienda Nápoles es visita obligada de cultura popular colombiana. Los hipopótamos en el Magdalena son únicos en el mundo. Clima 32-36°C: hidratación vital. Los restaurantes de la autopista tienen buen sancocho de pescado.,15000,Sede de la Hacienda Nápoles. Los hipopótamos de Escobar habitan el Magdalena.,2026-07-14 12:08:51.077731+00,puerto triunfo
remedios,Remedios,Nordeste,350,30,180,4h,"{'lat': 7.0228, 'lng': -74.6897}","Desde Medellín por la Autopista Norte hasta Yarumal, luego por Segovia hacia el oriente.",Fundado en 1560. Uno de los municipios más antiguos de Antioquia. Zona aurífera histórica explotada desde la colonia. Clima muy cálido por su baja altitud. El río Nechí y sus afluentes son ricos en oro. Zona históricamente difícil.,"['Parque principal', 'Minas de oro históricas', 'Río Nechí', 'Cultivos tropicales', 'Arquitectura colonial']","['Sancocho de pescado', 'Plátano', 'Yuca', 'Mojarra frita', 'Frutas tropicales']","['Fiestas patronales San Bartolomé (agosto)', 'Festival Minero']",Carretera departamental con tramos difíciles en invierno.,dificil,Zona muy caliente (30-35°C). Hidratación constante. Zona minera. Llevar gasolina extra.,30000,Uno de los municipios más antiguos de Antioquia. Zona aurífera histórica desde 1560.,2026-07-14 12:08:51.077731+00,remedios
rionegro,Rionegro,Oriente,2150,17,45,1h,"{'lat': 6.1553, 'lng': -75.373}",Autopista Medellín-Bogotá (vía Las Palmas o túnel de Oriente). Aeropuerto José María Córdova aquí.,"Fundada en 1653. Segunda ciudad más importante de Antioquia. En 1863 fue sede del Congreso que redactó la Constitución de Rionegro, que dio nombre a los Estados Unidos de Colombia. Ciudad de clima frío, sede del único aeropuerto internacional de Antioquia.","['Aeropuerto Internacional José María Córdova', 'Convento de las Carmelitas', 'Parque principal Simón Bolívar', 'La Casa de la Convención', 'Lago La Fe', 'Colegio La Salle (histórico)', 'Zona Rosa El Porvenir', 'Centro Comercial San Nicolás']","['Trucha al ajillo', 'Fritanga antioqueña', 'Pan de maíz', 'Aguapanela con queso', 'Frijoles negros', 'Chicharrón', 'Mazamorra con panela']","['Feria Comercial e Industrial', 'Festival de la Trova', 'Fiestas patronales Santiago Apóstol (julio)', 'Feria de Flores del Oriente']",Autopista perfecta en doble calzada hasta el aeropuerto. Túnel de Oriente (vía alterna con peaje).,facil,Vía Las Palmas: 45 min pero panorámica. Túnel de Oriente: 30 min pero tiene peaje moto ~$8.000. Las curvas de Las Palmas son el placer de los moteros. Lleva chaqueta: frío constante.,180000,Sede del Aeropuerto Internacional José María Córdova.,2026-07-14 12:03:11.391593+00,rionegro
sabanalarga,Sabanalarga,Occidente,1400,20,110,2h30min,"{'lat': 6.8817, 'lng': -75.8091}","Desde Liborina hacia el norte, o desde el norte por Ituango.",Fundado en 1890. Municipio entre el Occidente y el Norte de Antioquia. Zona de páramo y bosques. Produción agrícola. Zona de difícil acceso histórico.,"['Páramos', 'Bosques andinos', 'Quebradas', 'Parque principal']","['Frijoles', 'Sancocho', 'Mazamorra', 'Chicharrón']",['Fiestas patronales'],"Carretera departamental, algunos tramos complicados.",dificil,Zona de difícil acceso. Para moteros con experiencia en vías destapadas.,10000,,2026-07-14 12:04:26.281938+00,sabanalarga
sabaneta,Sabaneta,Valle de Aburrá,1575,21,12,20 min,"{'lat': 6.1514, 'lng': -75.6178}","Autopista Sur desde Medellín, antes de La Estrella.","Fundado en 1903. Municipio más pequeño de Antioquia y uno de los más densamente poblados de Colombia. Famous worldwide among devotees of ""El Niño Jesús de Praga"" whose sanctuary draws thousands weekly. Zona de comercio de artesanías y antigüedades.","['Santuario del Señor de las Misericordias', 'Parque principal', 'Antigüedades de Sabaneta (calle 75)', 'Parque Alcázares', 'Sector comercial']","['Bandeja paisa', 'Fritanga', 'Empanadas', 'Helado artesanal', 'Chicharrón de cerdo']","['Festejo del Niño Jesús de Praga (primer viernes de mes)', 'Fiestas patronales de San Juan Bautista (junio)', 'Festival de Antigüedades']","Autopista Sur, vías urbanas en buen estado.",facil,"Los primeros viernes de cada mes, miles de peregrinos van al santuario. Tráfico intenso ese día. La calle de antigüedades es ideal para encontrar piezas únicas.",60000,Municipio más pequeño de Antioquia en extensión.,2026-07-14 12:00:58.273533+00,sabaneta
salgar,Salgar,Suroeste,1750,18,115,2h15min,"{'lat': 5.9571, 'lng': -75.9776}",Desde Medellín por Concordia o desde Andes.,Fundado en 1878. Municipio cafetero del Suroeste. Zona de montaña con ríos cristalinos y bosques. Punto de conexión entre el Suroeste y el Bajo Cauca de cara al Pacífico.,"['Río Barroso', 'Parque principal', 'Cultivos de café', 'Cascadas naturales', 'Bosques']","['Café', 'Frijoles', 'Sancocho de gallina', 'Chicharrón', 'Mazamorra']","['Fiestas patronales', 'Festival del Café']",Carretera departamental sinuosa.,media,Zona cafetera poco masificada. Buenos paisajes de ladera del Suroeste sur.,22000,,2026-07-14 12:07:16.77151+00,salgar
san-andres-cuerquia,San Andrés de Cuerquia,Norte,1700,18,160,3h30min,"{'lat': 7.066, 'lng': -75.6127}","Desde Medellín por Yarumal e Ituango, o por vías del occidente norte.","Fundado en 1830. Municipio del Norte profundo. Zona agropecuaria con producción de café, panela y ganado. Paisajes de montaña poco explorados turísticamente.","['Parque principal', 'Cultivos de café', 'Trapiche panelero', 'Ríos', 'Miradores']","['Panela', 'Café', 'Frijoles', 'Sancocho', 'Aguardiente']","['Fiestas patronales', 'Festival del Panelero']",Carretera departamental con tramos difíciles.,dificil,Zona de difícil acceso. Para moteros que buscan rutas poco transitadas.,10000,,2026-07-14 12:05:42.236136+00,san andres de cuerquia
san-carlos,San Carlos,Oriente,1000,24,110,2h30min,"{'lat': 6.1922, 'lng': -74.9978}","Desde Medellín por Autopista Medellín-Bogotá hasta El Santuario, luego desvío por El Santuario o por Cocorná.","Fundado en 1787. Municipio símbolo de reconciliación y ecoturismo. Gravemente afectado por el conflicto armado, hoy es referente de paz y turismo de naturaleza. Sus ríos, cascadas y embalses son de los más hermosos de Antioquia. El río Samaná Norte y el San Carlos son joyas.","['Embalse San Carlos', 'Cascada El Salto del Ángel', 'Río Samaná Norte', 'Tubing y rafting', 'Cascada El Encanto', 'Senderos ecológicos', 'Museo de la Memoria San Carlos', 'Playas de río']","['Sancocho de gallina', 'Trucha', 'Plátano frito', 'Guanábana', 'Maracuyá', 'Frutas tropicales', 'Sancocho de bagre']","['Festival del Río (agosto)', 'Fiestas patronales San Carlos Borromeo', 'Semana Ecológica']",Carretera bien pavimentada con curvas pronunciadas. Descenso largo hacia clima cálido.,media,"San Carlos es el paraíso del ecoturismo en Antioquia. Sus cascadas y ríos no tienen igual. Llevar ropa para nadar. Temperatura agradable de 22-26°C. Mejor época: temporada seca (dic-feb, jul-ago).",17000,Premio Nacional de Paz. Destino ecoturístico destacado de Colombia.,2026-07-14 12:03:11.391593+00,san carlos
san-francisco,San Francisco,Oriente,1200,22,95,2h,"{'lat': 6.2956, 'lng': -75.1101}","Desde Medellín por la Autopista Medellín-Bogotá, desvío en Cocorná o en El Santuario.",Fundado en 1985 (uno de los más nuevos). Municipio de selva húmeda y ríos cristalinos. Zona de transición entre el clima frío del altiplano y el calor del Magdalena. El río Santo Domingo y sus afluentes forman un sistema hídrico espectacular.,"['Río Santo Domingo', 'Cañón del río Claro (zona)', 'Cascadas naturales', 'Tubing', 'Senderos de selva', 'Puente colgante La Danta']","['Sancocho de gallina', 'Plátano', 'Yuca', 'Trucha', 'Guanábana', 'Frutas tropicales']","['Fiestas patronales San Francisco de Asís (octubre)', 'Festival del Agua']",Carretera sinuosa con tramos en buen estado. Algunos tramos destapados.,media,"San Francisco tiene uno de los ecosistemas más ricos del Oriente. El río Santo Domingo es impresionante. Ruta combinable con Cocorná. Llevar hidratación, clima cálido.",12000,,2026-07-14 12:03:11.391593+00,san francisco
san-jeronimo,San Jerónimo,Occidente,1050,24,55,1h,"{'lat': 6.3683, 'lng': -75.712}","Salida de Medellín por la Autopista al Mar, antes del túnel de Occidente.","Fundado en 1787. Municipio de microclima agradable entre el frío del Valle y el calor del Cauca. Famoso por sus cultivos de uvas (vitivinicultura), mangos y aguacates. La Fiesta de las Uvas es uno de los eventos más peculiares de Antioquia.","['Cultivos de uva', 'Parque principal', 'Iglesia San Jerónimo', 'Haciendas frut ícolas', 'Río Aurra', 'Balnearios']","['Vino artesanal de uva', 'Uvas frescas', 'Mango', 'Aguacate', 'Sancocho', 'Frijoles', 'Frutas exóticas']","['Festival de las Uvas (septiembre)', 'Fiestas patronales San Jerónimo (septiembre)', 'Festival del Mango']","Autopista hasta desvío, vía en buen estado.",facil,"San Jerónimo es famoso por sus uvas. El festival de las uvas es único en Colombia. A solo 1h de Medellín, ideal para el fin de semana.",25000,Única región vitivinícola de Antioquia.,2026-07-14 12:04:26.281938+00,san jeronimo
san-jose-montana,San José de la Montaña,Norte,2900,10,80,1h50min,"{'lat': 6.8333, 'lng': -75.6833}",Desde San Pedro de los Milagros o desde Belmira.,"Fundado en 1912. Municipio más frío de Antioquia (casi 3000 msnm). Zona de páramo con niebla permanente. Producción de papa, hortalizas y ganado. Paisajes de alta montaña únicos en el departamento.","['Páramo de San José', 'Paisajes de alta montaña', 'Cultivos de papa', 'Fincas de montaña', 'Niebla permanente']","['Papa chorreada', 'Mazamorra de papa', 'Caldo de costilla', 'Chocolate caliente', 'Cuajada']",['Fiestas patronales San José (marzo)'],"Vía departamental sinuosa, puede haber neblina y hielo.",dificil,CUIDADO: temperatura puede bajar a 2-5°C. Niebla persistente. Piso mojado casi siempre. Llevar ropa térmica completa. El paisaje es de otro mundo.,5000,Municipio más frío de Antioquia.,2026-07-14 12:05:42.236136+00,san jose de la montana
san-juan-uraba,San Juan de Urabá,Urabá,5,28,440,8h,"{'lat': 8.7576, 'lng': -76.5234}","Desde Arboletes por la carretera costera, zona más norte de Antioquia.",Fundado en 1978. Municipio del extremo norte de Antioquia en la costa Caribe. Frontera con Córdoba y Sucre. Zona de pesca artesanal y cocoteros.,"['Playas caribeñas', 'Pesca artesanal', 'Cocoteros', 'Parque principal']","['Mariscos', 'Pescado frito', 'Patacón', 'Arroz con coco', 'Cocadas']",['Fiestas patronales'],Carretera costera.,dificil,Zona más norte de Antioquia. Muy pocos moteros llegan aquí. Para verdaderos aventureros del Caribe.,12000,"Municipio más al norte de Antioquia, frontera con Córdoba.",2026-07-14 12:09:50.678603+00,san juan de uraba
san-luis,San Luis,Oriente,1050,24,100,2h15min,"{'lat': 6.0406, 'lng': -74.995}","Desde Medellín por la Autopista Medellín-Bogotá, bifurcación después de El Santuario.","Fundado en 1786. Zona de cañones y ríos caudalosos. El río Samaná Sur, el Dormilón y otros ríos forman un paraíso hídrico. Zona cafetera y de cacao. Fue duramente golpeado por el conflicto pero hoy florece turísticamente.","['Río Samaná Sur', 'Cañón del río Dormilón', 'Cascadas Los Chorros', 'Tubing', 'Playa El Edén', 'Senderos de montaña', 'Cultivos de cacao']","['Sancocho de pescado', 'Plátano asado', 'Yuca frita', 'Cacao artesanal', 'Trucha', 'Frutas tropicales']","['Fiestas patronales San Luis Rey', 'Festival del Cacao', 'Semana de Ríos']","Carretera regional, buen estado, curvas pronunciadas y paisajes de cañón.",media,Zona de clima cálido y ríos hermosos. Las playas de río son joyas escondidas. Llevar repelente: zona de selva. Muy buena comunidad receptiva al turismo.,13000,,2026-07-14 12:03:11.391593+00,san luis
san-pedro-milagros,San Pedro de los Milagros,Norte,2650,12,50,1h10min,"{'lat': 6.4736, 'lng': -75.5621}","Autopista Norte hasta antes de Barbosa, desvío hacia el oeste.",Fundado en 1787. Municipio ganadero de clima muy frío. Zona lechera por excelencia. El paisaje de pastizales verdes recuerda a Irlanda. Santuario del Señor de los Milagros que atrae peregrinos. Uno de los municipios más fríos de Antioquia (altiplano).,"['Santuario del Señor de los Milagros', 'Parque principal', 'Fincas lecheras', 'Cooperativa Colanta (nació aquí)', 'Embalse de Riogrande I', 'Páramo', 'Miradores']","['Leche Colanta (origen aquí)', 'Cuajada', 'Quesito', 'Mazamorra', 'Sancocho', 'Mantequilla de campo']","['Fiestas del Señor de los Milagros (mayo)', 'Feria Agroindustrial', 'Festival Lechero']","Vía en buen estado, curvas moderadas.",facil,"Cuna de Colanta, la cooperativa lechera más grande de Colombia. Temperatura 10-14°C. Imprescindible parada para lácteos frescos.",35000,"Cuna de Cooperativa Colanta, la más grande de Colombia.",2026-07-14 12:05:42.236136+00,san pedro de los milagros
san-pedro-uraba,San Pedro de Urabá,Urabá,10,28,380,6h30min,"{'lat': 8.28, 'lng': -76.3846}",Desde Apartadó hacia el norte por carretera departamental.,Fundado en 1978. Municipio del interior del Urabá norte. Zona de ganadería y agricultura tropical. Clima cálido y húmedo.,"['Parque principal', 'Ganadería', 'Ríos de selva', 'Zonas naturales']","['Sancocho de gallina', 'Plátano', 'Yuca', 'Frutas tropicales']",['Fiestas patronales'],Carretera departamental.,media,Zona interior del Urabá norte.,18000,,2026-07-14 12:09:50.678603+00,san pedro de uraba
san-rafael,San Rafael,Oriente,900,26,85,2h,"{'lat': 6.2942, 'lng': -75.0228}","Desde Medellín por El Santuario o por Guatapé, bajando hacia el oriente.","Fundado en 1778. Zona de descenso hacia el Magdalena, con ríos caudalosos y clima cálido. El embalse Playas y el río Nare son sus principales atractivos. Zona de pesca y deportes de río. Fue territorio de conflicto, hoy reconvertido al turismo.","['Embalse Playas (Río Nare)', 'Río Nare', 'Cascada El Salto', 'Tubing', 'Pesca deportiva', 'Playa Santa Marta', 'Senderos ribereños']","['Sancocho de pescado', 'Mojarra frita', 'Plátano', 'Yuca', 'Frutas tropicales', 'Guarapo de caña']","['Fiestas del Río Nare', 'Fiestas patronales San Rafael Arcángel (octubre)', 'Festival de Pesca']","Carretera regional, curvas pronunciadas en descenso, buen pavimento.",media,Zona caliente (26-30°C). Lleva ropa ligera y repelente. Las represas del Nare son espectaculares pero con acceso restringido. Pescado fresco en los restaurantes de la vía.,15000,,2026-07-14 12:03:11.391593+00,san rafael
san-roque,San Roque,Nordeste,1200,21,90,2h,"{'lat': 6.5167, 'lng': -75.0333}","Desde Medellín por la Autopista Medellín-Bogotá, desvío antes de El Santuario.",Fundado en 1774. Municipio ganadero y cafetero del Nordeste sur. Zona de clima templado. Parque principal tradicional. Punto de entrada al Nordeste desde el oriente antioqueño.,"['Parque principal', 'Cultivos de café', 'Ganadería', 'Quebradas', 'Miradores']","['Frijoles', 'Sancocho de gallina', 'Café', 'Mazamorra', 'Chicharrón']","['Fiestas patronales San Roque (agosto)', 'Feria Agropecuaria']",Carretera departamental en buen estado.,media,San Roque: portal de entrada al Nordeste. Buena gasolina y alimentación.,28000,,2026-07-14 12:08:51.077731+00,san roque
san-vicente,San Vicente Ferrer,Oriente,2200,16,50,1h10min,"{'lat': 6.2992, 'lng': -75.3343}",Desvío desde la vía a Guarne o desde Rionegro hacia el norte del Oriente.,Fundado en 1757. Municipio cafetero y ganadero del norte del Oriente antioqueño. Conserva arquitectura republicana y tradición cafetera. Sus veredas tienen vistas espectaculares hacia el Valle de Aburrá y el Oriente.,"['Parque principal', 'Iglesia San Vicente Ferrer', 'Veredas cafeteras', 'Miradores naturales', 'Quebradas y nacimientos de agua']","['Frijoles de carga', 'Café de la región', 'Trucha', 'Mazamorra', 'Chicharrón', 'Cuajada con panela']","['Fiestas patronales San Vicente Ferrer (abril)', 'Festival del Café', 'Feria Agroindustrial']",Carretera departamental bien pavimentada con curvas moderadas.,facil,"Municipio tranquilo, buena para ruta de un día combinando con Guarne y Marinilla. Excelente café de la región.",18000,,2026-07-14 12:03:11.391593+00,san vicente ferrer
santa-barbara,Santa Bárbara,Suroeste,1700,18,75,1h30min,"{'lat': 5.8732, 'lng': -75.5696}","Desde Medellín por Autopista Sur-Caldas-La Pintada y vía departamental, o por Fredonia.",Fundado en 1830. Municipio cafetero bien comunicado con Medellín. Parque principal tradicional con arquitectura republicana. Zona productora de café y panela. Acceso al Embalse Río Grande Sur.,"['Parque principal', 'Embalse Ríogrande Sur (acceso)', 'Cultivos de café', 'Miradores', 'Río Poblanco']","['Café', 'Frijoles', 'Chicharrón', 'Sancocho', 'Panela', 'Mazamorra']","['Fiestas patronales Santa Bárbara (diciembre)', 'Festival del Café']",Carretera departamental bien pavimentada.,facil,Cerca de Medellín. Buen punto de inicio para el Suroeste. Combinar con Fredonia.,30000,,2026-07-14 12:07:16.77151+00,santa barbara
santa-fe-ant,Santa Fe de Antioquia,Occidente,550,28,80,1h30min,"{'lat': 6.5565, 'lng': -75.8259}","Por la Autopista al Mar (Vía al Mar), salida por el túnel de Occidente desde Medellín. O por la vía antigua (más curvas y paisaje).","Fundada en 1541 por Jorge Robledo. Capital de Antioquia hasta 1826. La ciudad colonial más preservada de Antioquia, declarada Monumento Nacional. Sus calles empedradas, iglesias coloniales y arquitectura del siglo XVI-XIX la hacen única. Ciudad de clima cálido a orillas del río Cauca.","['Puente de Occidente (colgante, 1887)', 'Centro Histórico colonial', 'Catedral de la Inmaculada Concepción', 'Museo de Arte Religioso', 'Iglesia de Santa Bárbara', 'Parque Berrio', 'Río Cauca', 'Cementerio monumental', 'Museo Juan del Corral']","['Nogadas', 'Masato', 'Aguardiente antioqueño', 'Sancocho de gallina', 'Mondongo', 'Sopa de frisoles', 'Dulces coloniales', 'Chicharrón']","['Semana Santa (Patrimonio nacional)', 'Festival de Colonias (agosto)', 'Festival de cine', 'Feria agroindustrial']","Autopista al Mar doble calzada hasta el túnel, luego vía departamental en buen estado.",facil,"Vía rápida por el túnel (~1h). Si tienes tiempo, toma la vía vieja (La Pintada-Bolombolo-Santa Fe): curvas espectaculares pero más lenta (~2h30min). Santa Fe merece al menos una noche. Lleva ropa ligera: hace calor.",25000,Declarada Monumento Nacional. Ciudad colonial más importante de Antioquia.,2026-07-14 12:04:26.281938+00,santa fe de antioquia
santa-rosa,Santa Rosa de Osos,Norte,2550,13,75,1h30min,"{'lat': 6.6463, 'lng': -75.4616}","Autopista Norte hasta Barbosa, luego vía departamental bien pavimentada.","Fundada en 1636. Una de las ciudades más frías de Antioquia. Famosa por sus quesos artesanales, especialmente el quesito paisa y el queso azul. Ciudad con arquitectura republicana, basílica imponente y mercado de quesos famoso en toda Colombia. Altiplano norte.","['Basílica de Nuestra Señora del Rosario', 'Mercado de Quesos', 'Finca El Ciprés', 'Parque principal', 'Parque de los Periodistas', 'Cerro El Pozo', 'Embalse de Riogrande II (cerca)', 'Queso azul artesanal']","['Queso Santa Rosa (famoso en Colombia)', 'Queso azul artesanal', 'Mazamorra con panela', 'Sancocho', 'Chicharrón', 'Aguapanela con queso', 'Calentao', 'Caldo de costilla']","['Feria del Queso (septiembre)', 'Fiestas de la Virgen del Rosario (octubre)', 'Festival Cultural', 'Semana Santa solemne']","Vía departamental bien pavimentada, curvas moderadas.",facil,Santa Rosa es obligada para queso. El mercado de quesos sábados es espectacular. Lleva frío: temperatura entre 10-15°C. Los quesos artesanales son los mejores de Antioquia.,75000,Capital de la producción de quesos de Antioquia.,2026-07-14 12:05:42.236136+00,santa rosa de osos
santo-domingo,Santo Domingo,Nordeste,1750,18,95,2h,"{'lat': 6.4833, 'lng': -75.15}","Desde Medellín por la Autopista Norte, desvío por Barbosa hacia el nordeste.",Fundado en 1787. Municipio cafetero del Nordeste sur. Zona de ladera con producción de café de alta calidad. Parque principal conservado. Paisaje de montaña verde espectacular.,"['Parque principal', 'Cultivos de café especial', 'Miradores de montaña', 'Quebradas y ríos', 'Arquitectura colonial']","['Café especial', 'Frijoles', 'Mazamorra', 'Chicharrón', 'Sancocho']","['Fiestas patronales Santo Domingo de Guzmán (agosto)', 'Festival del Café']",Carretera departamental sinuosa.,media,Café de Santo Domingo es reconocido por su calidad. Los miradores hacia el Nordeste son impresionantes.,17000,,2026-07-14 12:08:51.077731+00,santo domingo
segovia,Segovia,Nordeste,550,27,190,4h,"{'lat': 7.0796, 'lng': -74.7024}",Desde Medellín por Yarumal-Valdivia o por Remedios.,Fundado en 1880. Municipio aurífero más importante de Antioquia y uno de los más ricos en oro del mundo. La mina de Frontino Gold Mines (hoy Gran Colombia Gold) ha producido oro durante siglos. Ciudad de economía minera activa. Zona históricamente conflictiva.,"['Minas de oro (Gran Colombia Gold)', 'Parque principal', 'Museo del Oro artesanal', 'Río Ité', 'Comercio de oro']","['Sancocho de gallina', 'Plátano', 'Yuca', 'Mojarra', 'Frutas tropicales']","['Fiestas del Minero (octubre)', 'Fiestas patronales', 'Festival Cultural']",Carretera con tramos sinuosos y algunos destapados.,dificil,Una de las zonas mineras de oro más ricas del mundo. Zona caliente (27-32°C). Llevar hidratación y gasolina extra. Consultar condiciones antes de viajar.,40000,Uno de los municipios auríferos más ricos de Colombia y del mundo.,2026-07-14 12:08:51.077731+00,segovia
sonson,Sonsón,Oriente,2450,14,120,2h30min,"{'lat': 5.7138, 'lng': -75.3063}","Desde Medellín por La Ceja-La Unión-Abejorral-Sonsón, o por Cocorná. Vía departamental.","Fundado en 1800. Uno de los municipios más altos y fríos del Oriente. Famosa por su arquitectura colonial conservada, su producción de quesos y su tradición de ruana. El Cerro Plateado y el Páramo de Sonsón son patrimonio natural.","['Parque principal colonial', 'Catedral de Sonsón', 'Cerro Plateado', 'Páramo de Sonsón', 'Cascada Los Frailes', 'Finca La Ceja', 'Museo de Arte Religioso']","['Queso Sonsón (famoso en Colombia)', 'Sancocho', 'Mazamorra con panela', 'Ruana de lana', 'Chicharrón', 'Calentao']","['Fiestas de la Virgen del Rosario (octubre)', 'Festival del Queso', 'Festival Cultural', 'Semana Santa solemne']",Carretera departamental con muchas curvas. Última parte a Sonsón exige buena técnica.,media,"Sonsón es de las rutas más bonitas del Oriente. Combina parque colonial, queso famoso y páramo. Temperatura muy fría (12-16°C): lleva chaqueta y guantes. El queso de Sonsón es un regalo perfecto.",35000,Famosa por su queso artesanal y su arquitectura colonial.,2026-07-14 12:03:11.391593+00,sonson
sopetran,Sopetrán,Occidente,700,26,70,1h20min,"{'lat': 6.5052, 'lng': -75.7437}",Por la vía que va a Santa Fe de Antioquia (Autopista al Mar y desvío).,"Fundado en 1616. Conocido como ""Tierra del Señor Caído"" por su milagrosa imagen. Municipio de tradición religiosa. Zona de paisajes del río Cauca y clima cálido. La imagen del Señor Caído atrae peregrinos de todo Antioquia.","['Santuario del Señor Caído', 'Parque principal', 'Río Cauca (miradores)', 'Semana de Peregrinación', 'Iglesia colonial', 'Balnearios del Cauca']","['Sancocho de gallina', 'Mondongo', 'Nogadas', 'Chicharrón', 'Aguardiente', 'Guarapo de caña']","['Festividades del Señor Caído (tercer viernes de enero)', 'Semana Santa', 'Fiestas patronales']","Autopista hasta desvío, luego vía en buen estado.",facil,Sopetrán y Santa Fe se pueden visitar el mismo día. El mirador sobre el Cauca es espectacular. Llevar ropa ligera.,25000,,2026-07-14 12:04:26.281938+00,sopetran
tamesis,Támesis,Suroeste,1750,18,100,2h,"{'lat': 5.6676, 'lng': -75.7201}",Desde Medellín por Fredonia-Jericó o por La Pintada-Valparaíso.,Fundado en 1858. Municipio cafetero con parque colonial bien conservado. Zona productora de aguacate y café. Cerro Cristo Rey ofrece una de las mejores panorámicas del Suroeste. Municipio tranquilo y auténtico.,"['Cerro Cristo Rey (panorámica)', 'Parque principal colonial', 'Haciendas cafeteras', 'Cascada La Playa', 'Cultivos de aguacate y café', 'Río Cartama']","['Café', 'Aguacate fresco', 'Sancocho de gallina', 'Frijoles', 'Mazamorra', 'Chicharrón']","['Fiestas patronales del Corazón de Jesús', 'Festival del Aguacate', 'Feria Cafetera']",Carretera departamental bien pavimentada.,media,El Cerro Cristo Rey de Támesis tiene una de las mejores vistas del Suroeste. Vale la pena la subida (15 min a pie).,17000,,2026-07-14 12:07:16.77151+00,tamesis
taraza,Tarazá,Bajo Cauca,60,33,250,5h,"{'lat': 7.5831, 'lng': -75.3969}",Desde Medellín por Caucasia o por Ituango.,"Fundado en 1912. Municipio del Bajo Cauca occidental. Zona de ganadería, minería y coca históricamente. En proceso de normalización. Cerca de la zona de Hidroituango.","['Río Cauca (zona Hidroituango)', 'Parque principal', 'Ganadería', 'Zonas naturales']","['Sancocho', 'Plátano', 'Yuca', 'Pescado', 'Carne asada']","['Fiestas patronales', 'Festival Campesino']",Carretera con tramos difíciles.,dificil,Zona en normalización. Consultar condiciones antes de viajar.,30000,,2026-07-14 12:08:51.077731+00,taraza
tarso,Tarso,Suroeste,1600,19,105,2h10min,"{'lat': 5.8077, 'lng': -75.8148}",Desde Medellín por Venecia o por Concordia.,"Fundado en 1902. Municipio cafetero del Suroeste. Zona de montaña verde con cafetales en ladera. Poco visitado, conserva autenticidad de pueblo paisa.","['Parque principal', 'Cultivos de café', 'Miradores', 'Cascadas']","['Café', 'Frijoles', 'Chicharrón', 'Sancocho']","['Fiestas patronales', 'Feria Cafetera']",Carretera departamental sinuosa.,media,Municipio auténtico del Suroeste. Sin masificación turística.,10000,,2026-07-14 12:07:16.77151+00,tarso
titiribi,Titiribí,Suroeste,1600,19,55,1h10min,"{'lat': 6.0705, 'lng': -75.7819}","Desde Medellín por Amagá, desvío hacia el occidente.",Fundado en 1814. Municipio minero histórico. Su arquitectura colonial bien conservada y su parque patrimonial son sus principales atractivos. Zona de montaña verde con minas de oro históricas.,"['Parque principal (Patrimonio Arquitectónico)', 'Iglesia colonial', 'Minas históricas', 'Quebradas', 'Mirador El Calvario']","['Frijoles', 'Mazamorra', 'Chicharrón', 'Café', 'Sancocho']","['Fiestas patronales San Bartolomé (agosto)', 'Festival Cultural']",Carretera departamental sinuosa.,media,Titiribí tiene uno de los parques coloniales mejor preservados del Suroeste. Visita muy recomendada.,12000,,2026-07-14 12:07:16.77151+00,titiribi
toledo-norte,Toledo,Norte,1700,19,220,5h,"{'lat': 6.7921, 'lng': -75.9284}",Desde Medellín por Ituango o por Dabeiba. Zona remota.,"Fundado en 1854. Municipio del noroccidente de Antioquia. Zona minera histórica y área agropecuaria. Zona de difícil acceso, frontera con Urabá y Córdoba.","['Parque principal', 'Ríos', 'Minas artesanales', 'Zonas naturales']","['Sancocho', 'Plátano', 'Frijoles', 'Frutas tropicales']",['Fiestas patronales'],Carretera con muchos tramos destapados.,muy_dificil,Zona muy remota. Acceso dificultoso. Solo moteros con preparación.,10000,,2026-07-14 12:05:42.236136+00,toledo
turbo,Turbo,Urabá,2,28,400,7h,"{'lat': 8.0971, 'lng': -76.7274}",Desde Medellín por la Autopista al Mar hasta el final. Turbo es el punto más alejado de Antioquia.,"Fundado en 1840. Puerto marítimo sobre el Golfo de Urabá, el único acceso de Antioquia al mar. Terminal marítimo hacia el Chocó (Capurganá, Acandí). Zona bananera y pesquera. Primer municipio colombiano en producir banano de exportación. Golfo de Urabá es Patrimonio Natural.","['Golfo de Urabá', 'Muelle de Turbo', 'Playas del Golfo', 'Terminal marítimo (lanchas al Chocó)', 'Manglares', 'Ciénaga Las Pavas', 'Playas de Punta Las Vacas']","['Mariscos del Caribe', 'Langosta', 'Cangrejo', 'Pescado del Golfo', 'Arroz con coco', 'Patacón', 'Cocadas', 'Sancocho de mariscos']","['Festival del Mar (julio)', 'Fiestas patronales Santiago Apóstol', 'Festival de Músicas del Caribe']",Autopista al Mar hasta el final.,media,"Turbo: fin de la ruta clásica de moto desde Medellín (400km). El Golfo de Urabá es el Mar Caribe. Desde aquí puedes tomar lancha a Capurganá, uno de los mejores destinos de Colombia. Llevar ropa de baño.",130000,Único puerto marítimo de Antioquia. Puerta al Caribe colombiano.,2026-07-14 12:09:50.678603+00,turbo
uramita,Uramita,Occidente,600,27,200,4h30min,"{'lat': 6.9165, 'lng': -76.1802}",Desde Medellín por Frontino o por Dabeiba.,"Fundado en 1983. Municipio joven del Occidente profundo. Zona de transición entre el Occidente y el Urabá. Clima cálido, selva tropical y ríos.","['Ríos', 'Selva tropical', 'Parque principal']","['Plátano', 'Sancocho', 'Frutas tropicales']",['Fiestas patronales'],Carretera departamental con tramos destapados.,muy_dificil,Zona de difícil acceso. Solo para moteros con experiencia en off-road.,9000,,2026-07-14 12:04:26.281938+00,uramita
urrao,Urrao,Suroeste,1870,17,170,3h30min,"{'lat': 6.3228, 'lng': -76.1395}",Desde Medellín por Caicedo (Occidente) o por Ciudad Bolívar.,"Fundado en 1814. Municipio del Suroeste occidental, zona de alta biodiversidad. El Parque Nacional Natural Las Orquídeas protege un bosque húmedo único con miles de especies de orquídeas. Zona de difícil acceso pero de extraordinaria belleza natural.","['Parque Nacional Natural Las Orquídeas', 'Río Penderisco', 'Cascadas naturales', 'Avistamiento de aves (+ de 400 especies)', 'Bosques húmedos tropicales', 'Comunidades indígenas']","['Plátano', 'Sancocho de gallina', 'Frutas tropicales', 'Café', 'Yuca']","['Fiestas patronales', 'Festival Ecológico de las Orquídeas']",Carretera con tramos sinuosos y algunos destapados.,dificil,Parque de Las Orquídeas: joya de biodiversidad. Llevar permiso del PNN. Zona lluviosa: poncho imprescindible. Temperatura variable.,40000,Entrada al Parque Nacional Natural Las Orquídeas.,2026-07-14 12:07:16.77151+00,urrao
valdivia,Valdivia,Norte,750,26,180,3h30min,"{'lat': 7.1773, 'lng': -75.4362}",Desde Medellín por Yarumal bajando hacia el Bajo Cauca.,Fundado en 1876. Municipio minero del Norte profundo. Zona aurífera con importante producción. Clima cálido por su baja altitud. Paso entre el Norte y el Bajo Cauca antioqueño.,"['Parque principal', 'Minas de oro', 'Río Cauca (zona)', 'Cascadas', 'Selva tropical']","['Sancocho de pescado', 'Plátano frito', 'Yuca', 'Mojarra', 'Frutas tropicales']","['Fiestas patronales', 'Festival del Minero']",Carretera sinuosa con tramos en diferentes estados.,dificil,Zona de minería activa. Vías con tráfico pesado de maquinaria. Llevar gasolina extra.,30000,,2026-07-14 12:05:42.236136+00,valdivia
valparaiso,Valparaíso,Suroeste,600,27,75,1h20min,"{'lat': 5.7277, 'lng': -75.6197}",Desde Medellín por La Pintada.,"Fundado en 1908. Municipio de clima cálido junto al río Cauca. Zona de balnearios y turismo de río. Producción de caña de azúcar, plátano y cacao. Gastronomía de río muy buena.","['Río Cauca (balnearios)', 'Cultivos tropicales', 'Parque principal', 'Zonas de baño natural']","['Mojarra frita', 'Sancocho de bagre', 'Plátano asado', 'Guarapo', 'Cacao artesanal']","['Fiestas del Río', 'Fiestas patronales']","Autopista hasta La Pintada, luego vía local.",facil,Zona caliente. Ideal para el baño en el río Cauca. Llevar ropa de baño.,12000,,2026-07-14 12:07:16.77151+00,valparaiso
vegachi,Vegachí,Nordeste,500,28,170,3h30min,"{'lat': 6.7724, 'lng': -74.806}",Desde Medellín por Gómez Plata y Amalfi.,Fundado en 1923. Municipio del Nordeste central. Zona minera y de economía mixta. Clima cálido. Zona de transición entre el Nordeste templado y el bajo Nordeste caliente.,"['Parque principal', 'Río Nechí', 'Minas', 'Zonas naturales']","['Sancocho', 'Plátano', 'Yuca', 'Frutas tropicales']",['Fiestas patronales'],"Carretera departamental, algunos tramos difíciles.",dificil,Zona caliente. Llevar gasolina.,15000,,2026-07-14 12:08:51.077731+00,vegachi
venecia,Venecia,Suroeste,1850,17,70,1h20min,"{'lat': 5.9537, 'lng': -75.7665}",Desde Medellín por Amagá-Titiribí-Venecia.,Fundado en 1880. Municipio cafetero del Suroeste central. Paisaje de montaña con cafetales en ladera. Zona de producción de panela y café. Poco turismo masivo pero de gran belleza.,"['Parque principal', 'Cultivos de café', 'Trapiches paneleros', 'Miradores de montaña', 'Quebradas']","['Panela', 'Café', 'Guarapo', 'Frijoles', 'Sancocho', 'Mazamorra']","['Fiestas patronales', 'Festival del Café y la Panela']",Carretera departamental con curvas pronunciadas.,media,Municipio tranquilo. La vía entre Titiribí y Venecia es de las más bonitas del Suroeste.,15000,,2026-07-14 12:07:16.77151+00,venecia
vigia-del-fuerte,Vigía del Fuerte,Urabá,30,28,430,10h,"{'lat': 6.6073, 'lng': -76.887}",Desde Medellín por Quibdó-Río Atrato o por avioneta desde Medellín.,Fundado en 1916. Municipio fluvial del Urabá a orillas del Atrato. Zona de selva húmeda tropical. Comunidades afrodescendientes. Acceso principalmente fluvial por el río Atrato.,"['Río Atrato', 'Selva tropical', 'Comunidades afro', 'Biodiversidad', 'Aves del Atrato']","['Pescado del Atrato', 'Plátano', 'Yuca', 'Frutas de selva']","['Fiestas patronales', 'Festividades afro']",Fluvial principalmente por el Atrato.,muy_dificil,Acceso fluvial o aéreo. No hay carretera convencional. Zona de selva amazónica pura.,8000,Municipio fluvial sobre el Atrato. Acceso por río o avión.,2026-07-14 12:09:50.678603+00,vigia del fuerte
yali,Yalí,Nordeste,600,26,155,3h15min,"{'lat': 6.9167, 'lng': -75.1}",Desde Medellín por Amalfi o por Anorí.,Fundado en 1936. Municipio pequeño del Nordeste. Zona cafetera y minera. Clima cálido-templado. Poco visitado turísticamente.,"['Parque principal', 'Cultivos de café', 'Minas artesanales', 'Quebradas']","['Café', 'Sancocho', 'Frijoles', 'Frutas tropicales']",['Fiestas patronales'],Carretera departamental.,dificil,Municipio pequeño y tranquilo del Nordeste.,8000,,2026-07-14 12:08:51.077731+00,yali
yarumal,Yarumal,Norte,2300,15,130,2h30min,"{'lat': 6.971, 'lng': -75.4195}",Autopista Norte desde Medellín por Barbosa-Santa Rosa de Osos-Yarumal.,"Fundado en 1787. Ciudad más importante del Norte antioqueño después de Santa Rosa. Centro de servicios para una amplia región. Frísuelo, arquitectura republicana y mercado regional activo. Importante nodo vial hacia el Nordeste, Bajo Cauca y la Costa.","['Parque principal', 'Catedral de Yarumal', 'Mercado campesino', 'Mirador El Alto', 'Quebrada Tenche', 'Iglesias históricas', 'Casa de la Cultura']","['Frijoles', 'Mazamorra con panela', 'Sancocho', 'Caldo de costilla', 'Chicharrón', 'Aguardiente', 'Cuajada']","['Fiestas patronales San Luis Bertrán (octubre)', 'Festival Cultural del Norte', 'Feria Agropecuaria']","Vía nacional en buen estado, doble calzada parcial.",facil,"Yarumal es el corazón del Norte. Buena oferta de gasolina, talleres y alimentación. Es el punto de decisión: ¿sigues al Nordeste? ¿Bajo Cauca? ¿Urabá?",80000,Nodo vial estratégico del Norte antioqueño.,2026-07-14 12:05:42.236136+00,yarumal
yolombo,Yolombó,Nordeste,1200,21,110,2h15min,"{'lat': 6.5993, 'lng': -75.0152}",Desde Medellín por la Autopista Norte-Barbosa-Santo Domingo.,"Fundado en 1737. Uno de los municipios más históricos del Nordeste. Zona minera histórica. Su nombre en lengua indígena significa ""lugar de las orquídeas"". Parque principal de arquitectura colonial. Zona cafetera.","['Parque principal colonial', 'Minas históricas', 'Cultivos de café', 'Cascadas', 'Río Yolombó']","['Frijoles', 'Café', 'Mazamorra', 'Chicharrón', 'Sancocho', 'Aguardiente']","['Fiestas patronales Nuestra Señora de la Paz', 'Festival Minero y Cultural']","Carretera departamental, buen estado general.",media,Yolombó tiene historia minera colonial rica. Excelente café de la zona. Buen parque central.,28000,"Nombre indígena: ""lugar de las orquídeas"". Zona minera histórica del Nordeste.",2026-07-14 12:08:51.077731+00,yolombo
yondo,Yondó,Magdalena Medio,130,32,220,4h30min,"{'lat': 6.7779, 'lng': -74.4375}",Desde Puerto Berrío hacia el norte por carretera departamental.,Fundado en 1977. Municipio joven del Magdalena Medio. Zona petrolera y ganadera. A orillas del Magdalena. Clima muy cálido. Zona de selva tropical y biodiversidad.,"['Río Magdalena', 'Petróleo (infraestructura)', 'Selva tropical', 'Ciénagas naturales', 'Avistamiento de fauna']","['Sancocho de pescado', 'Mojarra', 'Bagre', 'Plátano', 'Yuca']","['Fiestas patronales', 'Festival del Petróleo']","Carretera departamental, algunos tramos en regular estado.",dificil,Zona petrolera. Clima muy caliente. Llevar hidratación extra.,25000,,2026-07-14 12:08:51.077731+00,yondo
zaragoza,Zaragoza,Bajo Cauca,35,34,260,5h,"{'lat': 7.4934, 'lng': -74.868}",Desde Medellín por Yarumal-Valdivia-El Bagre o por Remedios.,Fundado en 1581. Uno de los municipios más antiguos de Antioquia. Zona aurífera histórica desde la colonia. El Bajo Cauca fue la región que más oro produjo en la Nueva Granada. Clima muy cálido. A orillas del río Nechí.,"['Río Nechí', 'Minas de oro históricas y actuales', 'Parque principal colonial', 'Puerto fluvial', 'Arquitectura histórica']","['Sancocho de pescado', 'Mojarra', 'Plátano', 'Yuca', 'Frutas tropicales']","['Fiestas patronales San Jerónimo (septiembre)', 'Festival del Minero y el Pescador']",Carretera nacional con algunos tramos difíciles.,dificil,Zona aurífera histórica desde 1581. Clima extremo 34-38°C. Zona en proceso de normalización posconflicto.,30000,Uno de los municipios más antiguos de Antioquia. Zona aurífera histórica desde 1581.,2026-07-14 12:08:51.077731+00,zaragoza
