id,slug,titulo,destino,departamento,km,duracion,dificultad,superficie,mejor_epoca,moto_recomendada,resumen,tips,gasolina_tip,hospedaje,gastronomia,gps_destino,gps_paradas,imagen_url,wp_link,created_at,updated_at,destino_norm,titulo_norm
0015923b-d892-40ab-ae5c-be8461cb5723,medellin-san-pedro-milagros,Medellín – San Pedro de los Milagros,San Pedro de los Milagros,Antioquia,55,1 – 1.5 horas,Principiante,Autopista Norte bien pavimentada.,Todo el año. Frío en San Pedro.,Cualquier moto.,San Pedro de los Milagros es la cuna de los quesos artesanales de Antioquia. Municipio lechero por excelencia a 2.475 msnm. Mercado campesino los domingos. Arquitectura colonial y ambiente rural tranquilo.,Salida por la Autopista Norte. En Copacabana desviar hacia San Pedro. Ruta corta y muy cómoda. Imperdible el mercado de los domingos donde se consiguen quesos frescos y mantequilla artesanal.,Autopista Norte bien surtida. En San Pedro hay estación de servicio.,Hoteles y posadas en el municipio.,"Queso blanco artesanal, mantequilla, leche entera, mazamorra, pandebono.","6.4833,-75.5500","[{'lat': 6.348, 'lon': -75.499, 'nombre': 'Copacabana (desvío San Pedro)'}]",,https://ridera.com.co/rutas/medellin-san-pedro-milagros/,2026-07-22 03:17:08.201261+00,2026-07-22 03:17:08.201261+00,san pedro de los milagros,medellin - san pedro de los milagros
034a2295-fe49-4841-81c2-1d3fc4615233,medellin-bucaramanga,Medellín – Bucaramanga,Bucaramanga,Santander,470,8-9 horas,Experta,Autopista y carreteras nacionales,"Dic-Feb, Jun-Ago",Touring / Adventure 250cc+,"470 km hasta la ""Ciudad bonita"". Ruta de dos días por el Magdalena Medio, con calor extremo en el valle y frío en la meseta santandereana. Bucaramanga es base para Barichara, el Cañón del Chicamocha y San Gil. El Cañón del Chicamocha es uno de los más espectaculares de Colombia.",Dividir en 2 días: parar en La Dorada o Barbosa-Santander. El calor entre Puerto Berrío y La Dorada es brutal (38°C). El Cañón del Chicamocha tiene un teleférico espectacular. Nevá con ropa de capas: Bucaramanga tiene 24°C pero el camino sube y baja.,"Múltiples estaciones. 250cc≈$155k, 500cc≈$230k ida.","En Bucaramanga: Hotel Chicamocha, NH Collection, Dann Carlton. En ruta: opciones en La Dorada.","Cabro en pepitoria, mute santandereano, hormigas culonas, carne oreada, arepa de maíz pelado.","7.1193,-73.1227","[{'km': 130, 'gps': '6.4869,-74.4032', 'nombre': 'Puerto Berrío'}, {'km': 250, 'gps': '5.2018,-74.7382', 'nombre': 'La Dorada'}, {'km': 350, 'gps': '6.6782,-73.6834', 'nombre': 'Barbosa (Santander)'}, {'km': 470, 'gps': '7.1193,-73.1227', 'nombre': 'Bucaramanga'}]",,https://ridera.com.co/rutas/medellin-bucaramanga/,2026-07-14 02:58:56.954987+00,2026-07-14 02:58:56.954987+00,bucaramanga,medellin - bucaramanga
03af6669-f0f3-41df-99a8-6348f7ab2dc6,medellin-el-carmen-viboral,Medellín – El Carmen de Viboral (Cerámica),El Carmen de Viboral,Antioquia,62,1 – 1.5 horas,Principiante,Autopista Las Palmas y vía Rionegro. Excelente pavimento.,Todo el año.,Cualquier moto.,El Carmen de Viboral es la capital artesanal de Antioquia. Famoso en todo Colombia por su cerámica pintada a mano. Clima templado agradable. Parque principal hermoso con casas de colores. Ideal para hacer compras de cerámica y disfrutar del Oriente cercano.,Salida por Las Palmas o autopista Medellín-Bogotá. En Rionegro desviar hacia El Carmen. Ruta muy cómoda. En el municipio hay talleres de cerámica abiertos al público donde se puede ver el proceso artesanal.,Gasolineras en Las Palmas y Rionegro.,Hoteles en el municipio y en Rionegro.,"Mazamorra, pandeyuca, empanadas, frijoles.","6.0667,-75.3333","[{'lat': 6.155, 'lon': -75.377, 'nombre': 'Rionegro (desvío)'}]",,https://ridera.com.co/rutas/medellin-el-carmen-viboral/,2026-07-22 03:17:55.820054+00,2026-07-22 03:17:55.820054+00,el carmen de viboral,medellin - el carmen de viboral (ceramica)
051a3e52-c40b-4499-80b4-0f28047ee8fb,medellin-san-rafael,Medellín – San Rafael,San Rafael,Antioquia,105,2-2.5 horas,Principiante,Pavimentada en buen estado,"Todo el año, mejor Dic-Mar",Cualquier moto 125cc+,"105 km al Oriente antioqueño hasta el municipio de las cascadas y los pozos de agua cristalina. San Rafael tiene más de 50 cascadas catalogadas, pozos naturales de agua transparente y un cañón al Embalse San Lorenzo. Ruta ideal para primer viaje largo.",La vía pasa por El Peñol y San Carlos. Parqueadero en el pueblo o en las fincas turísticas. Los pozos más famosos como La Honda y El Topacio cobran ingreso (≈$15.000). Llevá licuadoras y traje de baño. Evitá diciembre-enero que el nivel de los ríos baja.,"Llená en Medellín o Marinilla. 125cc≈$34k, 200cc≈$42k ida.","Finca Ecoturística El Topacio, Hostal La Cascada, cabañas privadas por la vía. Reservar en temporada.","Trucha con patacones, bandeja paisa, cholados de frutas tropicales, jugos naturales de guanábana y maracuyá.","6.2976,-74.9999","[{'km': 40, 'gps': '6.1558,-75.3718', 'nombre': 'Marinilla'}, {'km': 65, 'gps': '6.1580,-75.1395', 'nombre': 'San Carlos'}, {'km': 105, 'gps': '6.2976,-74.9999', 'nombre': 'San Rafael'}]",,https://ridera.com.co/rutas/medellin-san-rafael/,2026-07-14 02:56:16.898774+00,2026-07-14 02:56:16.898774+00,san rafael,medellin - san rafael
05d4f74d-6392-4056-9bb0-7376a39ec9c5,medellin-la-estrella,Medellín – La Estrella,La Estrella,Antioquia,18,30 min,Principiante,Pavimentada en buen estado,Todo el año,Cualquier moto 100cc+,"La Estrella es un municipio del sur del Valle de Aburrá conocido por su ambiente industrial y el embalse de La Fe, fuente de agua de Medellín. Tranquilo y accesible, con algunos miradores naturales hacia el sur.",Municipio de paso hacia Caldas y el Suroeste. El embalse de La Fe tiene mirador pero no es abierto al público en moto.,Estaciones disponibles en el casco urbano.,No aplica para turismo motorizado independiente.,Restaurantes de corriente y fondas antiqueñas en la vía principal.,,,,https://ridera.com.co/rutas/medellin-la-estrella/,2026-07-22 03:23:33.284692+00,2026-07-22 03:23:33.284692+00,la estrella,medellin - la estrella
072623a4-e4e1-42af-9748-d1a691db9112,medellin-san-agustin-huila,Medellín – San Agustín (Huila),San Agustín,Huila,580,9-10 horas,Experta,"Carreteras nacionales, tramos de montaña","Dic-Feb, Jun-Ago",Adventure / Touring 250cc+,"580 km hasta las estatuas de piedra más misteriosas de América. San Agustín (Patrimonio UNESCO) tiene más de 500 estatuas de culturas precolombinas, el Estrecho del Magdalena y el Desierto de la Tatacoa a 2 horas. Paisaje de páramo, cafetales y el nacimiento del Río Magdalena.",Ruta de 2 días mínimo: parar en Neiva. La vía Pitalito-San Agustín tiene curvas en subida con niebla frecuente. En San Agustín alquilan caballos para ir al Alto de los Ídolos. El Parque Arqueológico cobra ingreso (≈$50.000). Llevá ropa para frío (2.000m de altura).,"Estaciones en ciudades principales. 250cc≈$190k, 400cc≈$265k ida.","En San Agustín: Casa de Francisco, El Maco, Posada de los Ancestros. En Neiva: Hotel Tocarema.","Asado huilense, insulso (bebida de maíz), achiras, bizcochuelo, trucha del río, caldo de costilla.","1.8869,-76.2732","[{'km': 240, 'gps': '3.4516,-76.5319', 'nombre': 'Cali'}, {'km': 380, 'gps': '2.9273,-75.2819', 'nombre': 'Neiva'}, {'km': 470, 'gps': '1.8448,-76.0514', 'nombre': 'Pitalito'}, {'km': 580, 'gps': '1.8869,-76.2732', 'nombre': 'San Agustín'}]",,https://ridera.com.co/rutas/medellin-san-agustin/,2026-07-14 02:58:56.954987+00,2026-07-14 02:58:56.954987+00,san agustin,medellin - san agustin (huila)
0bfa67bf-38fb-4842-949f-26df66a274b6,medellin-maceo,Medellín – Maceo,Maceo,Antioquia,145,3-3.5 horas,Fácil,Pavimentada,Todo el año,Cualquier moto 100cc+,"Maceo es un municipio cálido del Nordeste a orillas del río Nare con paisajes de cañón. Perfecto para quienes buscan calor, piscinas naturales y tranquilidad a pocas horas de Medellín.","Ruta pavimentada y accesible. Clima cálido, llevar hidratación y ropa ligera. Llegar antes del mediodía para aprovechar el río.",Tanquear en Medellín. Hay estaciones en Guarne y Marinilla por la vía alterna.,Hotel El Progreso y hospedajes familiares en el parque.,Pescado frito del río Nare y patacones. La especialidad local es el seco de res.,,,,https://ridera.com.co/rutas/medellin-maceo/,2026-07-22 03:21:50.692836+00,2026-07-22 03:21:50.692836+00,maceo,medellin - maceo
0cdd6319-0456-4246-a433-f345f27efe6d,medellin-salento,Medellín – Salento (Eje Cafetero),Salento,Quindío,280,4.5-5 horas,Intermedia,"Pavimentada, autopista y vías cafeteras","Dic-Feb, Jun-Ago (temporada seca)",Naked / Touring / Adventure 200cc+,"280 km cruzando el Eje Cafetero hasta Salento, el pueblo más colorido de Colombia. Pallillo del Valle del Cocora con palmas de cera de 60 metros, café de finca y calles de colores. Ruta que combina autopista rápida con vías cafeteras de postal.",Salir temprano para llegar fresco. La autopista hasta Manizales o Armenia es rápida. El Valle del Cocora está a 12 km de Salento en jeep Willys (≈$5.000). Guardá combustible desde Armenia/Pereira porque en Salento solo hay una estación. El frío en el Valle del Cocora es real: llevá capas.,"Estaciones en autopista y en Armenia/Pereira. 200cc≈$92k, 300cc≈$120k ida.","La Serrana Eco-Hostel, Hotel El Refugio, Plantation House. Reservar con semanas, especialmente en Semana Santa y Navidad.","Trucha del río, bandeja paisa, arepas con hogao, café de origen en finca. Waffles en el parque de Salento.","4.6377,-75.5640","[{'km': 100, 'gps': '5.0703,-75.5140', 'nombre': 'Manizales'}, {'km': 200, 'gps': '4.8140,-75.6961', 'nombre': 'Pereira'}, {'km': 245, 'gps': '4.5339,-75.6811', 'nombre': 'Armenia'}, {'km': 280, 'gps': '4.6377,-75.5640', 'nombre': 'Salento'}]",,https://ridera.com.co/rutas/medellin-salento/,2026-07-14 02:56:16.898774+00,2026-07-14 02:56:16.898774+00,salento,medellin - salento (eje cafetero)
0cf458d1-9437-45c1-a30c-bfd5f1e47727,medellin-narino-ant,Medellín – Nariño (Antioquia),Nariño,Antioquia,120,2.5 horas,Intermedia,Pavimentada con curvas,Todo el año,Naked / Sport / Adventure 150cc+,Nariño antioqueño (no confundir con el departamento) es un municipio del Oriente con paisajes de montaña y clima templado. Pueblo tranquilo ideal para escapar del ruido. Ruta sinuosa con buenas curvas desde La Unión.,"Municipio poco visitado por turistas, perfecto para quien busca autenticidad sin multitudes.",Tanquear en Medellín o en La Unión.,Hospedajes básicos disponibles en el parque.,Comida casera campesina. Frijoles antioqueños y mazamorra.,,,,https://ridera.com.co/rutas/medellin-narino-ant/,2026-07-22 03:24:46.238304+00,2026-07-22 03:24:46.238304+00,narino,medellin - narino (antioquia)
0eb7ca10-e63f-425e-ae5c-1649528cd41b,medellin-buritica,Medellín – Buriticá (Minas de Oro),Buriticá,Antioquia,98,2 – 2.5 horas,Intermedia,Autopista al Mar + carretera departamental sinuosa. Pavimento en buen estado.,"Temporada seca (enero-febrero, julio-agosto). Evitar lluvias.",Cualquier moto con buena guarda-barro. Trail o enduro ideal.,Buriticá es el municipio minero por excelencia de Antioquia. Famoso por sus minas de oro artesanales en la cima de la montaña. Subida espectacular con vistas al cañón del Cauca. Pueblo histórico colonial rodeado de montañas. Vista del embalse de Ituango desde las alturas.,"Salir por la autopista al Mar. En Santafé de Antioquia, desviar hacia el Norte por la vía a Buriticá. La subida al pueblo es larga y con curvas. El panorama desde arriba es impresionante. Llevar chaqueta de frío.",Gasolineras en autopista al Mar y en Santa Fe de Antioquia. En Buriticá disponibilidad limitada.,Posadas locales en el pueblo. Se recomienda ir de día.,"Frijoles, mazamorra, sancocho, chicharrón, aguapanela.","6.7333,-75.9000","[{'lat': 6.555, 'lon': -75.826, 'nombre': 'Santa Fe de Antioquia (desvío norte)'}, {'lat': 6.68, 'lon': -75.888, 'nombre': 'Cañón del Cauca vista'}]",,https://ridera.com.co/rutas/medellin-buritica/,2026-07-22 03:16:31.82308+00,2026-07-22 03:16:31.82308+00,buritica,medellin - buritica (minas de oro)
1000534b-3827-45ca-a78f-e76ea1261be3,medellin-san-jerónimo,Medellín – San Jerónimo,San Jerónimo,Antioquia,55,1-1.5 horas,Intermedia,Pavimentada con curvas técnicas,Todo el año,Naked / Sport / Adventure 150cc+,"San Jerónimo es el primer pueblo cálido del Occidente antioqueño bajando desde Medellín. Clima templado, mangos en las calles y ambiente relajado. Punto de inicio del Occidente. La ruta baja con curvas desde Santa Fe de Antioquia.","Punto de paso hacia Santa Fe, Sopetrán y el resto del Occidente. Llevar ropa ligera, el calor empieza aquí.",Tanquear en Medellín o en San Jerónimo para continuar el Occidente.,Posadas y fincas de recreo disponibles. Zona muy visitada los fines de semana.,"Mango biche con sal, arroz con pollo y pescado de río. El clima cálido pide limonada.",,,,https://ridera.com.co/rutas/medellin-san-jerónimo/,2026-07-22 03:26:49.272997+00,2026-07-22 03:26:49.272997+00,san jeronimo,medellin - san jeronimo
125a2312-3de6-4488-9e49-71cff1244bfd,medellin-san-jose-de-la-montana,Medellín – San José de la Montaña,San José de la Montaña,Antioquia,90,1.5-2 horas,Intermedia,Pavimentada con curvas de montaña,Todo el año,Naked / Sport / Adventure 150cc+,"San José de la Montaña está en lo alto del Belmira, uno de los municipios más fríos de Antioquia. Ruta de subida espectacular con páramos, lagunas y el famoso Páramo de Belmira. Para amantes del frío y los ecosistemas de altura.",Llevar ropa de abrigo fuerte. Temperatura puede bajar a 4°C. El Páramo de Belmira y la laguna La Salada son los atractivos principales. Ruta muy recomendada para fines de semana fríos.,Tanquear en Medellín o Don Matías. Estación disponible en San José.,Posadas y hospedajes disponibles. Algunos con chimenea para el frío.,"Sopa de frijoles, sancocho de gallina y chocolate santafereño. Comida de páramo perfecta para el frío.",,,,https://ridera.com.co/rutas/medellin-san-jose-de-la-montana/,2026-07-22 03:25:13.326683+00,2026-07-22 03:25:13.326683+00,san jose de la montana,medellin - san jose de la montana
13797a32-390b-4817-a97a-e3189bf2c6e5,medellin-concordia,Medellín – Concordia,Concordia,Antioquia,120,2.5-3 horas,Intermedia,Pavimentada en buen estado,Todo el año,Naked / Sport / Adventure 150cc+,"Concordia es el municipio del Suroeste antioqueño conocido por la producción de mora y la tranquilidad campesina. Parque bonito, iglesia colonial y una vista a los cafetales que rodean el pueblo. Sin turismo masivo.",Buena parada de camino al Suroeste profundo. La mora de Concordia es de las mejores de Antioquia. Combinar con visita a Andes haciendo loop.,Tanquear en Medellín o Ciudad Bolívar. Estación disponible en Concordia.,Posadas sencillas en el parque principal.,"Mora y sus derivados, bandeja paisa y café de la región.",,,,https://ridera.com.co/rutas/medellin-concordia/,2026-07-22 03:27:33.258249+00,2026-07-22 03:27:33.258249+00,concordia,medellin - concordia
15dbcc0d-639f-4ed4-bb54-a6d42064f582,medellin-belmira,Medellín – Belmira (Páramo),Belmira,Antioquia,75,2-2.5 horas,Intermedia,Pavimentada con subida técnica al páramo,"Jul-Ago, Dic-Feb (días claros)",Adventure / Naked 150cc+,"75 km subiendo al único páramo de Antioquia a 3.200 metros. La niebla, los frailejones y la laguna de Belmira son únicos en el departamento. Temperatura de 8°C en el páramo, vías de subida técnicas con curvas cerradas y vistas que quitan el aliento (literalmente, a esa altura).","Salir antes de las 8am para llegar al páramo antes de que entre la niebla del mediodía. Llevá ropa de frío real: guantes, pasamontañas, chubasquero. La laguna El Morro está a 3 km de Belmira en camino de tierra — Adventure recomendada. Moto debe estar bien calibrada para altura.","Llená en Medellín. En Belmira hay una sola estación. 150cc≈$25k, 250cc≈$32k ida.","Hotel El Páramo, Hostal La Neblina, fincas turísticas en la entrada del páramo.","Chocolate caliente con queso, mazamorra, tamales, arepas de chócolo. El frío hace que todo sepa mejor.","6.6068,-75.6679","[{'km': 35, 'gps': '6.5780,-75.5023', 'nombre': 'San José de la Montaña'}, {'km': 75, 'gps': '6.6068,-75.6679', 'nombre': 'Belmira'}]",,https://ridera.com.co/rutas/medellin-belmira/,2026-07-14 02:57:00.969793+00,2026-07-14 02:57:00.969793+00,belmira,medellin - belmira (paramo)
18af06c4-4a41-4357-b333-ff7f413a23e0,medellin-caracoli,Medellín – Caracolí,Caracolí,Antioquia,155,3 horas,Fácil,Pavimentada en buen estado,Todo el año,Cualquier moto 100cc+,"Caracolí es el municipio más tranquilo del Magdalena Medio, con arquitectura republicana bien conservada y gente amable. Ruta corta y fácil que baja desde la montaña al calor del Magdalena.","Ruta corta, ideal para salida de un día. Explorar el centro histórico y el mirador sobre el embalse de El Peñol aguas abajo. Llevar ropa ligera.",Tanquear en Medellín. Hay estación en Puerto Berrío si se extiende el viaje.,Casas de huéspedes en el parque principal.,Bandeja paisa con toque Magdalena Medio. Los chicharrones y la mazamorra son especiales.,,,,https://ridera.com.co/rutas/medellin-caracoli/,2026-07-22 03:22:20.865109+00,2026-07-22 03:22:20.865109+00,caracoli,medellin - caracoli
1c95e1ec-b7eb-4413-a7d0-21fdff90279b,bogota-villa-de-leyva-boyaca,Bogotá – Villa de Leyva (Loop Boyacá),Villa de Leyva,Boyacá,190,3-3.5 horas,Principiante,Pavimentada en buen estado,"Todo el año, mejor temporada seca",Cualquier moto 125cc+,"190 km desde Bogotá hasta el pueblo colonial más conservado de Colombia. Villa de Leyva con sus calles de piedra, el desierto de Iguaque, el Pozos Azules y el Fossil de la ballena jurásica. Ruta clásica del rider bogotano con paisaje de altiplano y sabana.",La vía Bogotá-Tunja es autopista rápida (100 km). El desvío a Villa de Leyva desde Tunja son 40 km más de carretera secundaria. El pueblo no tiene circulación vehicular en el centro — parqueá en los lotes externos (≈$10.000). Los Pozos Azules están a 3 km del pueblo.,"Estaciones en autopista y en Tunja. 125cc≈$62k, 200cc≈$78k ida.","Hotel Duruelo (colonial, el mejor), Casa La Guaca, Posada San Agustín. Reservar en temporada.","Cocido boyacense (plato de 8 ingredientes), longaniza, obleas con arequipe, chicha de maíz, amasijos boyacenses.","5.6347,-73.5258","[{'km': 130, 'gps': '5.5353,-73.3678', 'nombre': 'Tunja'}, {'km': 190, 'gps': '5.6347,-73.5258', 'nombre': 'Villa de Leyva'}]",,https://ridera.com.co/rutas/bogota-villa-de-leyva/,2026-07-14 03:00:12.682421+00,2026-07-14 03:00:12.682421+00,villa de leyva,bogota - villa de leyva (loop boyaca)
23353fdc-d73d-4fd8-9458-0b106ca02d46,medellin-venecia,Medellín – Venecia,Venecia,Antioquia,100,2-2.5 horas,Intermedia,Pavimentada en buen estado,Todo el año,Naked / Sport / Adventure 150cc+,Venecia (antes Bolombolo) es un municipio cálido del Suroeste sobre el río Cauca. Pueblo tranquilo con piscinas naturales y el contraste del calor seco después de la montaña fría. Puente colgante colonial sobre el Cauca.,"Llevar ropa de baño si se quiere ir al río Cauca. Clima cálido, llevar hidratación. Buena ruta corta para el fin de semana.",Tanquear en Medellín o Caldas. En Venecia hay estación en el parque.,Posadas y hospedajes sencillos disponibles.,Pescado de río y sancocho trifásico. La mazamorra fría es perfecta para el calor.,,,,https://ridera.com.co/rutas/medellin-venecia/,2026-07-22 03:24:09.488994+00,2026-07-22 03:24:09.488994+00,venecia,medellin - venecia
259ab0ee-c31d-49cb-8790-792cb8804cda,medellin-toledo-ant,Medellín – Toledo,Toledo,Antioquia,200,4-4.5 horas,Experta,Mixta con tramos exigentes,Dic–Mar,Adventure / Enduro 200cc+ con experiencia,Toledo es un municipio remoto del Norte antioqueño que limita con el departamento de Córdoba. Ruta de aventura pura por trochas y caminos poco transitados. Para riders de enduro o doble propósito con experiencia.,"Solo para motos todoterreno. Salir muy temprano. Municipio poco conectado, ir bien preparado con herramienta, comida y comunicación.",Tanquear en Yarumal. El combustible en Toledo puede ser escaso. Llevar bidón.,Posada básica. Llevar saco de dormir por las dudas.,Comida campesina muy básica. Llevar provisiones propias.,,,,https://ridera.com.co/rutas/medellin-toledo-ant/,2026-07-22 03:25:13.326683+00,2026-07-22 03:25:13.326683+00,toledo,medellin - toledo
262c519b-79cc-4d99-9dca-f7dd02e5a85b,medellin-tamesis,Medellín – Támesis (Montañas y Café),Támesis,Antioquia,135,2.5 – 3 horas,Intermedia,Autopista Sur + carretera departamental sinuosa con buen pavimento.,Todo el año. Llevar chaqueta.,Cualquier moto.,Támesis es uno de los municipios más bonitos y auténticos del Suroeste. Zona cafetera de alta calidad. El Cerro Cristo Rey con la estatua de Cristo es el hito del municipio. Arquitectura paisa tradicional muy bien conservada. Poco turismo masivo.,Salir por autopista Sur hasta La Pintada y continuar al Suroeste hacia Támesis. La ruta es sinuosa y muy bonita. Subir al Cerro Cristo Rey para vista panorámica de los cafetales.,Gasolineras en La Pintada y Támesis.,Hoteles en el municipio.,"Café de especialidad, trucha, frijoles, mazamorra, chicharrón.","5.6667,-75.7000","[{'lat': 5.756, 'lon': -75.607, 'nombre': 'La Pintada'}, {'lat': 5.788, 'lon': -75.78, 'nombre': 'Jericó (parada opcional)'}]",,https://ridera.com.co/rutas/medellin-tamesis/,2026-07-22 03:18:37.299402+00,2026-07-22 03:18:37.299402+00,tamesis,medellin - tamesis (montanas y cafe)
26aba76b-bbaa-4a99-9de6-2e33cdb6aba6,medellin-dabeiba,Medellín – Dabeiba,Dabeiba,Antioquia,195,3.5-4 horas,Intermedia,Pavimentada en buen estado,Todo el año,Naked / Sport / Adventure 150cc+,Dabeiba es la puerta hacia Urabá desde el Occidente antioqueño. Municipio de transición entre la montaña y la selva húmeda tropical. Desde aquí el clima cambia drásticamente y empieza el trópico urababeño.,"Punto de paso clave hacia Apartadó, Chigorodó y el Caribe. Tanquear bien en Dabeiba para continuar a Urabá. El descenso desde la montaña es espectacular.",Tanquear en Medellín y de nuevo en Dabeiba. Hay estaciones disponibles en el parque.,Hotel disponible en el parque principal.,Comida de transición entre el interior y el trópico. Bandeja paisa mezclada con platanitos.,,,,https://ridera.com.co/rutas/medellin-dabeiba/,2026-07-22 03:26:49.272997+00,2026-07-22 03:26:49.272997+00,dabeiba,medellin - dabeiba
2880fbdd-e712-4f4f-8e0e-ecfd2212df0e,medellin-santa-fe-antioquia,Medellín – Santa Fe de Antioquia,Santa Fe de Antioquia,Antioquia,80,1.5-2 horas,Principiante,"Pavimentada, autopista y vía secundaria","Oct-Mar (temporada seca), evitar Apr-May por lluvias",Cualquier moto 125cc+,"80 km de descenso hacia el occidente antioqueño hasta el pueblo colonial más caliente y más bonito de Antioquia. El túnel de Occidente recorta el camino, pero los que saben toman la vía vieja con curvas al Río Cauca. Calor de 32°C, salpicón, río y calle empedrada.","El Túnel de Occidente cobra peaje (motos ≈$5.000). Si querés el paisaje completo, tomá la vía vieja antes del túnel — más curvas, más bonita. En el pueblo el parqueadero para motos está frente al parque. El río Cauca está a 10 min en moto desde el pueblo.","Llená en Medellín. 125cc≈$26k, 200cc≈$33k ida.","Hotel Mariscal Robledo, Posada del Comendador, Hotel Guacamayo. Buen precio entre semana.","Salpicón de frutas, sancocho de gallina criolla, bandeja paisa, cazuela de fríjoles. Helados de paila en el parque principal.","6.5555,-75.8274","[{'km': 30, 'gps': '6.5184,-75.7093', 'nombre': 'Túnel de Occidente'}, {'km': 80, 'gps': '6.5555,-75.8274', 'nombre': 'Santa Fe de Antioquia'}]",,https://ridera.com.co/rutas/medellin-santa-fe-antioquia/,2026-07-14 02:55:17.859136+00,2026-07-14 02:55:17.859136+00,santa fe de antioquia,medellin - santa fe de antioquia
2c6658f0-187a-430b-85ce-2b916efbb65b,medellin-guarne,Medellín – Guarne,Guarne,Antioquia,28,35-45 min,Principiante,Pavimentada en buen estado,Todo el año,Cualquier moto 100cc+,Guarne es la puerta del Oriente antioqueño desde Medellín. Municipio industrial y campesino a la vez. La vía Las Palmas sube desde Medellín con curvas espectaculares con vista al Valle de Aburrá. Primera parada del Oriente.,La vía Las Palmas tiene las mejores curvas de salida de Medellín. Parque mirador con vista panorámica al Valle. Buen café de camino.,Estaciones disponibles en Guarne.,Varios hoteles y fincas de recreo. Zona muy desarrollada.,Corriente antioqueño y fritanga. Buena oferta gastronómica campesina.,,,,https://ridera.com.co/rutas/medellin-guarne/,2026-07-22 03:26:49.272997+00,2026-07-22 03:26:49.272997+00,guarne,medellin - guarne
2d4ef88c-2c54-4413-92b2-a28609577692,medellin-girardota,Medellín – Girardota,Girardota,Antioquia,25,35-45 min,Principiante,Pavimentada en buen estado,Todo el año,Cualquier moto 100cc+,"Girardota es famosa por el Santuario del Señor Caído, uno de los lugares de devoción más importantes de Antioquia. Pueblo tranquilo al norte del Valle de Aburrá con buena gastronomía campesina y ambiente devoto.",El Santuario del Señor Caído recibe miles de peregrinos. Ir entre semana para evitar la multitud. Ambiente muy tranquilo y seguro.,Estaciones disponibles en el parque y la vía principal.,Posadas y hostales disponibles cerca al santuario.,"Arepas de chócolo, chicharrón y tamales antioqueños. Ambiente de mercado campesino los domingos.",,,,https://ridera.com.co/rutas/medellin-girardota/,2026-07-22 03:26:14.283625+00,2026-07-22 03:26:14.283625+00,girardota,medellin - girardota
2e6919f3-a56f-4d23-947b-0d62d392160b,loop-eje-cafetero,Loop Eje Cafetero (Triangulo del Café),Salento – Armenia – Pereira – Manizales,Quindío / Risaralda / Caldas,350,2-3 días,Intermedia,Pavimentada en excelente estado,"Dic-Feb, Jun-Ago",Cualquier moto 150cc+,"El triángulo perfecto de Colombia: Salento-Armenia-Montenegro (Parque del Café)-Pereira-Santa Rosa de Cabal-Manizales. Valle del Cocora, palmas de cera de 60m, termales naturales, fincas cafeteras y arquitectura republicana. 350 km que condensan lo mejor del Eje Cafetero.",El Parque Nacional del Café en Montenegro (QND) es para ir en jeep Willys desde Armenia. Los Termales de Santa Rosa (vía San Vicente o Santa Rosa) son los mejores termales de Colombia. En Manizales subí al mirador del Cable Aéreo. El Valle del Cocora se recorre a pie o en caballo (≈$30.000).,Estaciones en las 3 ciudades principales. 150cc≈$115k todo el loop.,Salento: La Serrana Eco-Hostel. Santa Rosa: Termales Santa Rosa Hotel. Manizales: Hotel Termales del Ruiz.,"Trucha, bandeja paisa, buñuelos, tamales cafeteros, café de origen en cada finca, waffles de Salento.","4.6377,-75.5640","[{'km': 0, 'gps': '4.5339,-75.6811', 'nombre': 'Armenia'}, {'km': 35, 'gps': '4.6377,-75.5640', 'nombre': 'Salento'}, {'km': 120, 'gps': '4.8140,-75.6961', 'nombre': 'Pereira'}, {'km': 160, 'gps': '4.8700,-75.6100', 'nombre': 'Santa Rosa de Cabal'}, {'km': 230, 'gps': '5.0703,-75.5140', 'nombre': 'Manizales'}]",,https://ridera.com.co/rutas/loop-eje-cafetero/,2026-07-14 03:00:12.682421+00,2026-07-14 03:00:12.682421+00,salento - armenia - pereira - manizales,loop eje cafetero (triangulo del cafe)
35cb34d5-d474-4081-b85d-3ce23ac66bd3,medellin-santa-rosa-osos,Medellín – Santa Rosa de Osos (Norte Antioqueño),Santa Rosa de Osos,Antioquia,85,1.5 – 2 horas,Principiante,Autopista Norte bien pavimentada. Fácil y cómoda.,Todo el año. Frío en Santa Rosa (entre 10°C y 15°C). Llevar chaqueta.,Cualquier moto.,"Santa Rosa de Osos es la capital del Norte antioqueño. Ciudad universitaria y religiosa a 2.500 msnm. Famosa por sus quesos, embutidos y el frío de alta montaña. La catedral es un ícono. Excelente punto de partida para el Norte profundo.","Salir por la Autopista Norte hacia Bello y continuar directo a Santa Rosa. Vía cómoda y señalizada. En el pueblo hay todo: gasolineras, hoteles, restaurantes. Hacer mercado de quesos en la plaza.",Gasolineras en la Autopista Norte y en Santa Rosa.,Varios hoteles cómodos en el centro. Hotel Mesón de los Balcones recomendado.,"Quesos de Santa Rosa (el mejor de Colombia), embutidos, mazamorra con leche, sancocho, chicharrón, almojábanas.","6.6333,-75.4667","[{'lat': 6.348, 'lon': -75.499, 'nombre': 'Copacabana (descanso)'}, {'lat': 6.491, 'lon': -75.457, 'nombre': 'Don Matías (parada opcional)'}]",,https://ridera.com.co/rutas/medellin-santa-rosa-osos/,2026-07-22 03:17:08.201261+00,2026-07-22 03:17:08.201261+00,santa rosa de osos,medellin - santa rosa de osos (norte antioqueno)
37274b55-ffa3-4788-9d52-fc8fe0887002,medellin-angostura,Medellín – Angostura,Angostura,Antioquia,130,2.5-3 horas,Intermedia,Pavimentada en buen estado,Todo el año,Naked / Sport / Adventure 150cc+,"Angostura es un municipio del Norte antioqueño menos visitado que Santa Rosa o Ituango pero con paisajes espléndidos. Fincas ganaderas, leche fresca y la tranquilidad de los pueblos del Norte sin turismo masivo.",Ruta poco transitada. Angostura tiene parque bonito y gente muy amable. Combinar con visita a Santa Rosa de Osos haciendo loop.,Tanquear en Medellín o Don Matías. Estación disponible en Angostura.,Posadas campesinas y hoteles pequeños en el parque.,"Quesillo, kumis, arequipe y bandeja paisa. El Norte antioqueño tiene los mejores lácteos del país.",,,,https://ridera.com.co/rutas/medellin-angostura/,2026-07-22 03:24:46.238304+00,2026-07-22 03:24:46.238304+00,angostura,medellin - angostura
3878e1ec-7121-45cf-911d-f6095d19a8df,medellin-valdivia-ituango,Medellín – Valdivia – Ituango (Hidroituango),Ituango,Antioquia,200,4-5 horas,Experta,"Carretera pavimentada nueva, curvas técnicas","Dic-Mar, Jun-Ago",Adventure / Enduro 200cc+,"200 km hasta el municipio de la represa más grande de Colombia. La carretera nueva de Ituango es una obra de ingeniería impresionante con miradores al cañón del Cauca y a la represa Hidroituango. Norte antioqueño profundo, frío en las alturas y calor en el cañón.","La carretera Yarumal-Ituango es nueva pero tiene tramos de curvas muy técnicas en el descenso al cañón. La represa Hidroituango no tiene visitas turísticas regulares aún, pero el paisaje del cañón vale el viaje. Llevar ropa para frío (páramo) y calor (cañón) — diferencia de 20°C en pocos km.",Llená en Yarumal. En Ituango hay una sola estación. 200cc≈$65k ida.,"Posadas en Ituango, opciones básicas pero limpias.","Sancocho de gallina, frijoles antioqueños, mazamorra, aguacate del norte.","7.1667,-75.7500","[{'km': 98, 'gps': '7.0000,-75.4985', 'nombre': 'Yarumal'}, {'km': 200, 'gps': '7.1667,-75.7500', 'nombre': 'Ituango'}]",,https://ridera.com.co/rutas/medellin-ituango/,2026-07-14 03:01:08.106727+00,2026-07-14 03:01:08.106727+00,ituango,medellin - valdivia - ituango (hidroituango)
402be5be-3561-4e91-bcde-f6bba92b903b,medellin-desierto-tatacoa,Medellín – Desierto de la Tatacoa,"Desierto de la Tatacoa, Villavieja",Huila,680,"12–12h30 rodada pura, recomendado 3 días",Experta,"Pavimentada 95%, tramos con baches entre Neiva y Villavieja","Jun–Sep y Dic–Mar (seca, cielos despejados para astronomía)",Touring / Adventure 300cc+,"Sales de las montañas de Antioquia, bajas al calor del Magdalena, cruzas Armero (memorial de la tragedia de 1985) y terminas en el desierto rojo y gris de la Tatacoa bajo el cielo más limpio de Colombia. No es ruta de curvas sino de contrastes: frío paisa, calor tolimense, historia dura y paisaje de otro planeta. Parada obligada en el memorial de Armero y observación astronómica nocturna en Villavieja.","Calor extremo desde Honda (35-40°C), hidrátate cada hora. No rodar entre 12m-3pm. Arena suelta dentro del desierto, considera mototaxi local. Descarga mapas offline. Evitar rodar de noche por tractomulas. Tramo Medellín-La Dorada puede cerrar por derrumbes en lluvias.",Gasolineras abundantes en toda la vía. Última recarga obligatoria en Neiva — dentro del desierto NO hay estaciones. Costo aprox ida 300cc: $394.000 COP.,"Villavieja: Hotel Villa Paraíso, Hotel Colonial Villavieja, Cosmos Tatacoa Hotel, Dunas Tatacoa Hostal (camping), Bethel BioLuxury (gama alta). Alternativa pernocte en Ibagué (amplia oferta, talleres de moto).","Viudo de pescado y tamal tolimense en Honda. Lechona en Ibagué. Asado huilense, achiras y jugo de cactus en el desierto.","3.2350,-75.1700","[{'lat': 5.2064, 'lon': -74.755, 'nombre': 'Honda'}, {'lat': 4.9551, 'lon': -74.9075, 'nombre': 'Armero memorial'}, {'lat': 4.4389, 'lon': -75.2322, 'nombre': 'Ibagué'}, {'lat': 2.9345, 'lon': -75.2809, 'nombre': 'Neiva'}, {'lat': 3.2236, 'lon': -75.2211, 'nombre': 'Villavieja'}]",https://ridera.com.co/wp-content/uploads/2026/07/desierto-de-la-tatacoa.jpg,https://ridera.com.co/ruta/medellin-desierto-tatacoa/,2026-07-10 21:40:46.958773+00,2026-07-10 21:40:46.958773+00,"desierto de la tatacoa, villavieja",medellin - desierto de la tatacoa
45eb0413-2aab-4450-a3c8-cb47a340c649,medellin-sonson,Medellín – Sonsón (Oriente Profundo),Sonsón,Antioquia,148,2.5 – 3 horas,Intermedia,Autopista a Bogotá y luego carretera departamental sinuosa. Buenas curvas técnicas.,Todo el año. Frío en Sonsón (1.900 msnm). Llevar chaqueta.,Cualquier moto con buen motor para subidas.,"Sonsón es uno de los municipios más bonitos y auténticos del Oriente antioqueño. Ciudad patrimonial con arquitectura paisa tradicional impecable. Frío permanente, quesos y panela artesanal. Poco turismo masivo, mucho charme. Excelente para quien busca Antioquia auténtica.",Salir por la autopista Medellín-Bogotá hasta Santuario y continuar hacia Sonsón. El camino es sinuoso y hermoso. El parque principal de Sonsón y su catedral son impresionantes. Mercado campesino los domingos.,Gasolineras en la autopista y en Sonsón.,Hoteles en el centro del municipio.,"Queso campesino, panela, mazamorra, frijoles, sancocho de gallina, chicharrón.","5.7333,-75.3000","[{'lat': 6.14, 'lon': -75.27, 'nombre': 'Santuario (desvío a Sonsón)'}, {'lat': 5.791, 'lon': -75.43, 'nombre': 'Abejorral (parada opcional)'}]",,https://ridera.com.co/rutas/medellin-sonson/,2026-07-22 03:17:55.820054+00,2026-07-22 03:17:55.820054+00,sonson,medellin - sonson (oriente profundo)
45f3da3d-169c-4dc3-b4e0-cc20e410a44a,medellin-campamento,Medellín – Campamento,Campamento,Antioquia,160,3-3.5 horas,Intermedia,Pavimentada con tramos mixtos,"Dic–Mar, Jul–Ago",Naked / Sport / Adventure 150cc+,"Campamento es un municipio ganadero del Norte antioqueño con paisajes de sabana y montaña. Muy tranquilo, casi sin visitantes externos. La ruta pasa por Valdivia, donde el paisaje cambia drásticamente.",Verificar estado de vías. Municipio auténtico y sin turismo masivo. Llevar comida y agua para el camino.,Tanquear en Yarumal. Verificar disponibilidad en Campamento.,Posadas muy básicas. Solo para aventureros autónomos.,"Comida ganadera: chicharrón, costilla y frijoles. Muy económico.",,,,https://ridera.com.co/rutas/medellin-campamento/,2026-07-22 03:25:13.326683+00,2026-07-22 03:25:13.326683+00,campamento,medellin - campamento
4a46e9d5-049f-467c-a76d-0a0728b8876c,medellin-don-matias,Medellín – Don Matías (Tierra del Pollo),Don Matías,Antioquia,65,1 – 1.5 horas,Principiante,Autopista Norte pavimentada en excelente estado.,Todo el año.,Cualquier moto.,Don Matías es famoso en todo el país por su gastronomía avícola y sus pollos asados. Municipio del Norte antioqueño con excelente clima. Se puede combinar con Santa Rosa de Osos y San Pedro de los Milagros en una ruta del Norte.,Salida directa por la Autopista Norte. Ruta muy fácil y señalizada. El municipio tiene varios restaurantes de pollo a la brasa que son legendarios en Antioquia.,Gasolineras en la autopista y en el municipio.,Posadas y hoteles locales.,"Pollo asado, pollo sudado, bandeja paisa, mazamorra.","6.4833,-75.4333","[{'lat': 6.435, 'lon': -75.332, 'nombre': 'Barbosa (primera parada)'}]",,https://ridera.com.co/rutas/medellin-don-matias/,2026-07-22 03:17:08.201261+00,2026-07-22 03:17:08.201261+00,don matias,medellin - don matias (tierra del pollo)
4a68ddf3-79b6-4f36-8298-f31aa720ccd5,medellin-amalfi,Medellín – Amalfi,Amalfi,Antioquia,175,3.5-4 horas,Intermedia,Pavimentada con tramos mixtos,Todo el año,Naked / Sport / Adventure 150cc+,Ruta hacia el Nordeste antioqueño por el cañón del río Porce. Paisajes de montaña y minería artesanal. Amalfi es un pueblo colonial con arquitectura patrimonial y un mirador que deja sin palabras.,Llevar combustible completo desde Medellín. Hay tramos destapados entre Donmatías y Amalfi. Salir antes de las 7am para llegar en fresco.,Tanquear en Medellín y de nuevo en Barbosa o Donmatías. La siguiente estación segura es Amalfi.,Hotel Amalfi en el parque principal. También hay casas de huéspedes económicas.,Sancocho de gallina y bandeja paisa en los restaurantes del parque. Prueba las arepas de chócolo locales.,,,,https://ridera.com.co/rutas/medellin-amalfi/,2026-07-22 03:21:50.692836+00,2026-07-22 03:21:50.692836+00,amalfi,medellin - amalfi
4f9b3f59-071a-4b41-bfbf-835227d8fa85,medellin-san-sebastian-palmitas,Medellín – San Sebastián de Palmitas,San Sebastián de Palmitas,Antioquia,45,1 – 1.5 horas,Intermedia,Carretera departamental sinuosa con curvas técnicas. Pavimento en buen estado.,Todo el año. Evitar los días con lluvia fuerte en la tarde.,Cualquier moto con buenas llantas. Enduro o trail es ideal por las curvas.,"San Sebastián de Palmitas es el municipio más pequeño de Antioquia y queda dentro del perímetro de Medellín, en la cima de la montaña occidental. Subida técnica con curvas cerradas, frío y paisajes de cordillera. El municipio tiene apenas 3.000 habitantes y se siente como viajar al pasado.",La vía principal sale por el sector de San Cristóbal (barrio Occidente de Medellín). Subida constante con curvas cerradas. Llevar ropa de frío (puede bajar a 12°C). El pueblo tiene parque y una hermosa iglesia colonial. Distancia corta pero exigente.,"En Medellín antes de salir. El municipio es muy pequeño, no hay gasolinera allá.",Hostales básicos en el pueblo. Muchos lo hacen de día desde Medellín.,"Sancocho de gallina, arepas, mazamorra, panela con queso.","6.3167,-75.7000","[{'lat': 6.297, 'lon': -75.649, 'nombre': 'San Cristóbal (punto de partida)'}, {'lat': 6.31, 'lon': -75.685, 'nombre': 'Mirador vía al palmitas'}]",,https://ridera.com.co/rutas/medellin-san-sebastian-palmitas/,2026-07-22 03:16:31.82308+00,2026-07-22 03:16:31.82308+00,san sebastian de palmitas,medellin - san sebastian de palmitas
51f71e93-52fa-4cc8-9c61-f43070938671,medellin-santa-marta,Medellín – Santa Marta,Santa Marta,Magdalena,980,14-16 horas,Experta,Autopista y vías nacionales pavimentadas,Dic-Mar (temporada seca caribe),Touring / Adventure 300cc+,"980 km en el viaje más épico de Colombia. La Gran Ruta del Caribe: subís al Cauca, cruzás el Sinú, la Costa Atlántica y llegás a la ciudad más antigua de Sudamérica frente a la Sierra Nevada. Ciudad Perdida, el Tayrona, el Parque Nacional del Cabo y el kite en Palomino esperan.",Mínimo 3 días de viaje. Ruta: Medellín-Caucasia-Montería-Sincelejo-Barranquilla-Santa Marta. El calor desde Caucasia es extremo (40°C). Hidratación crítica. En Barranquilla el tráfico es caótico — cruzarla rápido. Parkear en hotel con seguridad en Santa Marta.,"Múltiples estaciones. 300cc≈$325k, 500cc≈$480k ida.","En Santa Marta: Casa Kiwi, Hotel Casa Grande, Zuana Beach Resort. Muchas opciones en El Rodadero.","Posta cartagenera, arroz de lisa, mojarra frita, coctel de camarones, patacón con queso, ron Tres Esquinas.","11.2408,-74.1990","[{'km': 200, 'gps': '7.8939,-75.8094', 'nombre': 'Caucasia'}, {'km': 300, 'gps': '8.7574,-75.8912', 'nombre': 'Montería'}, {'km': 500, 'gps': '9.3050,-75.3910', 'nombre': 'Sincelejo'}, {'km': 780, 'gps': '10.9639,-74.7964', 'nombre': 'Barranquilla'}, {'km': 980, 'gps': '11.2408,-74.1990', 'nombre': 'Santa Marta'}]",,https://ridera.com.co/rutas/medellin-santa-marta/,2026-07-14 02:58:56.954987+00,2026-07-14 02:58:56.954987+00,santa marta,medellin - santa marta
52ea6fd9-26b6-48ec-9a3c-813c5199fa88,medellin-copacabana,Medellín – Copacabana,Copacabana,Antioquia,18,25-35 min,Principiante,Pavimentada urbana,Todo el año,Cualquier moto 100cc+,"Copacabana es un municipio del norte del Valle de Aburrá, limítrofe con Bello. Punto de paso hacia el norte de Antioquia. Tiene una zona industrial importante y un parque principal con iglesia colonial. Excelente para hacer pausa en la ruta al norte.",Municipio de paso hacia el Norte antioqueño. Buen lugar para revisar la moto y abastecerse antes de la subida a Santa Rosa o Don Matías.,Estaciones disponibles en la vía principal.,"No aplica para pernocte turístico, es zona urbana.",Restaurantes de corriente y fondas. Buena parada de camino al norte.,,,,https://ridera.com.co/rutas/medellin-copacabana/,2026-07-22 03:26:14.283625+00,2026-07-22 03:26:14.283625+00,copacabana,medellin - copacabana
53db5769-e792-414c-9969-ea65377de2fa,medellin-segovia,Medellín – Segovia,Segovia,Antioquia,215,4.5-5 horas,Intermedia,"Pavimentada mayoritariamente, algunos tramos mixtos","Dic–Mar, Jul–Ago",Naked / Sport / Adventure 150cc+,"Segovia es la capital aurífera de Colombia y un pedazo del Nordeste con carácter propio. Ruta larga con paisajes de selva baja y montaña. Conoce la minería de oro artesanal, el mercado local y la cultura de los mineros.","Ruta de día completo. Salir a las 5am desde Medellín. La vía está en buen estado hasta Yolombó, luego mixta. Llevar herramienta básica.","Tanquear en Medellín, Barbosa y Donmatías. En Segovia hay estaciones disponibles.",Hotel Minas de Oro y varios hospedajes económicos en el centro.,Bandeja paisa y caldos de costilla. El mercado de Segovia los fines de semana es único.,,,,https://ridera.com.co/rutas/medellin-segovia/,2026-07-22 03:21:50.692836+00,2026-07-22 03:21:50.692836+00,segovia,medellin - segovia
542fe767-d912-4d61-ae6a-fd4d94e0e428,medellin-el-bagre,Medellín – El Bagre,El Bagre,Antioquia,330,6-7 horas,Experta,Pavimentada con tramos mixtos y calor extremo,Dic–Mar,Adventure / Enduro 200cc+ con experiencia,El Bagre es uno de los municipios más remotos del Bajo Cauca antioqueño sobre el río Nechí. Zona de minería aurífera intensa. Ruta larga y exigente por calor extremo y vías en regulares condiciones. Para riders de aventura extrema.,Solo para riders muy experimentados. Calor puede superar 40°C. Salir a las 4am máximo. Llevar bidón de agua y comida. Ir acompañado. Verificar seguridad antes de salir.,"Tanquear en Medellín, Caucasia y verificar disponibilidad antes de llegar. El combustible puede escasear.",Hospedajes básicos disponibles en El Bagre.,Comida ribereña: pescado de río y patacón. Muy económico.,,,,https://ridera.com.co/rutas/medellin-el-bagre/,2026-07-22 03:27:33.258249+00,2026-07-22 03:27:33.258249+00,el bagre,medellin - el bagre
561a0303-5a64-4abf-b711-4cb3f3764b6d,medellin-nechi,Medellín – Nechí,Nechí,Antioquia,355,7-8 horas,Experta,Pavimentada con tramos difíciles y calor extremo,Dic–Mar,Adventure / Enduro 200cc+ con experiencia,"Nechí es el municipio más bajo y cálido de Antioquia, a orillas del río Nechí antes de desembocar en el Cauca. Extremo norte del Bajo Cauca. Ruta de aventura extrema para riders que quieren completar el sello más difícil del norte.","Ruta de dos días obligatorio. Hospedarse en Caucasia o El Bagre. Calor extremo, más de 40°C garantizados. Solo para riders expertos con motos en perfecto estado.",Tanquear en cada estación disponible. Llevar bidón extra de gasolina. No escatimar en combustible.,Hospedajes muy básicos en Nechí. Llevar todo lo necesario.,Pescado de río. La comida en Nechí es básica pero abundante.,,,,https://ridera.com.co/rutas/medellin-nechi/,2026-07-22 03:27:33.258249+00,2026-07-22 03:27:33.258249+00,nechi,medellin - nechi
5742bcd2-43e5-40cc-8ac5-c12dd122c67e,medellin-rionegro-santuario,Medellín – Rionegro – El Santuario (Loop Oriente),El Santuario,Antioquia,120,2.5-3 horas,Principiante,Pavimentada en excelente estado,Todo el año,Cualquier moto 125cc+,"El loop clásico del Oriente cercano. Salís por la autopista a Rionegro, bajás a Marinilla, subís a El Santuario con vista al embalse y volvés por La Ceja o seguís al Peñol. 120 km de círculo que muestra lo mejor del Oriente: flores, fresas, fincas y el mejor café de la región.","El Oriente es el jardín de Medellín: silleteros, flores, fresas. Parás en las ventas de fresa con crema al borde de la vía antes de El Santuario. La vuelta por La Ceja tiene vista al Valle de Rionegro. Ideal para mañana de domingo con desayuno en finca.","Múltiples estaciones. 125cc≈$38k, 200cc≈$48k ida+vuelta.","Rionegro tiene toda la oferta hotelera del Oriente. En El Santuario: Hotel Plaza, opciones económicas.","Fresas con crema, arepas de chócolo, tamales de pipián, trucha de finca, aguacate y tomate de la región.","5.9908,-75.2680","[{'km': 45, 'gps': '6.1588,-75.3741', 'nombre': 'Rionegro'}, {'km': 65, 'gps': '6.1558,-75.3718', 'nombre': 'Marinilla'}, {'km': 120, 'gps': '5.9908,-75.2680', 'nombre': 'El Santuario'}]",,https://ridera.com.co/rutas/medellin-rionegro-santuario/,2026-07-14 02:57:00.969793+00,2026-07-14 02:57:00.969793+00,el santuario,medellin - rionegro - el santuario (loop oriente)
5b1dd0e6-566b-432c-a8ec-7aaeeffb1f12,medellin-amaga,Medellín – Amagá (Carbón y Patrimonio),Amagá,Antioquia,45,45 min – 1 hora,Principiante,Autopista Sur bien pavimentada.,Todo el año.,Cualquier moto.,"Amagá es el municipio carbonero de Antioquia. Tiene el Parque Ecológico Comfama y una zona minera histórica. El Ferrocarril de Antioquia tiene su estación más famosa aquí. Clima cálido templado. Muy cercano a Medellín, ideal para salidas cortas.","Salir por la autopista Sur hacia La Pintada. Amagá queda 45 km al sur de Medellín. Se puede combinar con La Pintada, Venecia y subir al Suroeste en una sola ruta.",Gasolineras en la autopista Sur.,No es necesario hospedarse. Excursión de día.,"Bandeja paisa, arepas, chicharrón, sancocho.","6.0333,-75.7000","[{'lat': 6.092, 'lon': -75.638, 'nombre': 'Caldas (desvío sur)'}]",,https://ridera.com.co/rutas/medellin-amaga/,2026-07-22 03:18:37.299402+00,2026-07-22 03:18:37.299402+00,amaga,medellin - amaga (carbon y patrimonio)
5cfac4f0-0580-4906-a648-69ce754d3679,cali-buenaventura,Cali – Buenaventura (Pacífico),Buenaventura,Valle del Cauca,120,2-2.5 horas,Intermedia,"Vía al mar, curvas técnicas, lluvia frecuente",Jun-Ago (menos lluvias),Naked / Adventure 150cc+,"120 km cruzando la Cordillera Occidental hasta el Pacífico. La ""vía al mar"" tiene las curvas más técnicas del Valle del Cauca: descenso hacia la selva húmeda, temperatura que sube de 18°C a 32°C en 80 km. Buenaventura tiene playas de selva, mariscos fresquísimos y cultura afropacífica única.","La vía tiene niebla frecuente y lluvia casi permanente: impermeables obligatorios. Buenaventura es ciudad portuaria, moverse con guía local en el área turística. Las playas están a 30-90 min en lancha (La Bocana, Ladrilleros, Juanchaco). No ir de noche.","Llená en Cali. En Buenaventura hay estaciones. 150cc≈$40k, 250cc≈$52k ida.","Hotel Estación Buenaventura, Hotel Balboa, posadas en playas (La Bocana, Ladrilleros).","Encocado de jaiba, cazuela de mariscos, cangrejo, langostinos, tapao de pescado, arroz con coco y patacón.","3.8803,-77.0316","[{'km': 70, 'gps': '3.9052,-76.8870', 'nombre': 'Loboguerrero'}, {'km': 120, 'gps': '3.8803,-77.0316', 'nombre': 'Buenaventura'}]",,https://ridera.com.co/rutas/cali-buenaventura/,2026-07-14 03:00:12.682421+00,2026-07-14 03:00:12.682421+00,buenaventura,cali - buenaventura (pacifico)
5d33321a-fbf8-4265-8894-2cfc74864438,medellin-argelia-ant,Medellín – Argelia (Antioquia),Argelia,Antioquia,140,3 horas,Intermedia,Pavimentada con tramos mixtos,"Dic–Mar, Jul–Ago",Naked / Sport / Adventure 150cc+,Argelia es un municipio del Oriente antioqueño con paisajes de montaña y comunidades campesinas resilientes. Zona de proceso de paz y renovación comunitaria. Ruta poco transitada con paisajes de selva subandina.,Verificar condición de vías antes de salir. Municipio en proceso de desarrollo turístico. Llevar comida y agua suficiente.,Tanquear en Sonsón antes de ir a Argelia. La estación en Argelia puede tener disponibilidad limitada.,Posadas familiares muy básicas.,Comida campesina casera. Muy económica y abundante.,,,,https://ridera.com.co/rutas/medellin-argelia-ant/,2026-07-22 03:24:46.238304+00,2026-07-22 03:24:46.238304+00,argelia,medellin - argelia (antioquia)
5e226975-5de3-48b1-b9da-39aa7fa11d78,medellin-ciudad-bolivar,Medellín – Ciudad Bolívar (Suroeste),Ciudad Bolívar,Antioquia,120,2 – 2.5 horas,Intermedia,Autopista Sur + carretera departamental pavimentada.,Todo el año.,Cualquier moto.,"Ciudad Bolívar es la capital del Suroeste antioqueño. Centro urbano importante con buen comercio. Zona cafetera y aguacatera. Punto de convergencia de rutas hacia Jardín, Andes y Jericó. Ideal como base para explorar el Suroeste profundo.","Salir por la autopista Sur hasta Bolombolo y continuar al Suroeste. Ciudad Bolívar tiene todo: gasolineras, hoteles, restaurantes y talleres de motos. Excelente hub para rutas de varios días por el Suroeste.",Gasolineras en autopista y en Ciudad Bolívar.,Varios hoteles en el municipio.,"Bandeja paisa, frijoles, chicharrón, aguacate Hass del Suroeste.","5.8500,-76.0167","[{'lat': 5.756, 'lon': -75.607, 'nombre': 'La Pintada (parada)'}, {'lat': 5.89, 'lon': -75.844, 'nombre': 'Bolombolo (desvío Suroeste)'}]",,https://ridera.com.co/rutas/medellin-ciudad-bolivar/,2026-07-22 03:18:37.299402+00,2026-07-22 03:18:37.299402+00,ciudad bolivar,medellin - ciudad bolivar (suroeste)
61798aa4-227c-4e64-8f1d-6fe294e59dcb,medellin-santa-barbara,Medellín – Santa Bárbara (Lago Morro Azul),Santa Bárbara,Antioquia,85,1.5 – 2 horas,Intermedia,Autopista Sur y carretera departamental con curvas moderadas.,Todo el año. Mejor temporada seca.,Cualquier moto.,"Santa Bárbara tiene el Lago Morro Azul, uno de los paisajes más hermosos del Suroeste antioqueño. Municipio cafetero y ganadero con arquitectura paisa tradicional. Frío moderado. Excelente punto de parada entre Medellín y el Suroeste profundo.",Salir por la autopista Sur y desviarse en La Pintada hacia el Suroeste. El lago Morro Azul requiere un desvío de pocos kilómetros desde el pueblo. El paisaje es espectacular.,Gasolineras en la autopista Sur y en Santa Bárbara.,Hoteles en el municipio.,"Trucha, frijoles, mazamorra, chicharrón.","5.8667,-75.5667","[{'lat': 5.756, 'lon': -75.607, 'nombre': 'La Pintada (desvío)'}, {'lat': 5.869, 'lon': -75.57, 'nombre': 'Lago Morro Azul'}]",,https://ridera.com.co/rutas/medellin-santa-barbara/,2026-07-22 03:18:37.299402+00,2026-07-22 03:18:37.299402+00,santa barbara,medellin - santa barbara (lago morro azul)
6328bf3f-6898-4c4e-a6be-44ccf8ae6e15,medellin-caldas,Medellín – Caldas,Caldas,Antioquia,22,35-40 min,Principiante,Pavimentada en buen estado,Todo el año,Cualquier moto 100cc+,"Caldas es el municipio sur del Valle de Aburrá, puerta de salida hacia el Suroeste antioqueño. Pueblo tranquilo con parque bonito y buena gastronomía. Desde aquí empieza el ascenso a las montañas del Suroeste y el descenso hacia La Pintada.","Excelente punto de abastecimiento antes de entrar al Suroeste. Tanquear en Caldas si vas a La Pintada, Fredonia o Jericó.",Estaciones disponibles en el casco urbano de Caldas.,Hostales y casas de huéspedes en el parque principal.,Corriente antiqueño y obleas. Buenas panaderías locales.,,,,https://ridera.com.co/rutas/medellin-caldas/,2026-07-22 03:23:33.284692+00,2026-07-22 03:23:33.284692+00,caldas,medellin - caldas
666f861b-41f9-4a02-b0b6-54ce9763f7fb,medellin-titiribi,Medellín – Titiribí,Titiribí,Antioquia,65,1.5-2 horas,Intermedia,Pavimentada con curvas,Todo el año,Naked / Sport / Adventure 150cc+,Titiribí es un municipio del Suroeste antioqueño con historia minera y arquitectura republicana bien conservada. La ruta desde Medellín baja por el suroeste con curvas técnicas y paisajes de montaña boscosa. Pueblo auténtico y hospitalario.,Ruta corta ideal para salida de medio día. Titiribí tiene minas de oro históricas y casas coloniales. Combinar con visita a Amagá.,Tanquear en Medellín o Caldas. Estación disponible en Titiribí.,Posadas sencillas disponibles.,"Comida antioqueña clásica. Fríjoles, chicharrón y patacón.",,,,https://ridera.com.co/rutas/medellin-titiribi/,2026-07-22 03:27:33.258249+00,2026-07-22 03:27:33.258249+00,titiribi,medellin - titiribi
6784d5bc-600f-4039-80fc-fd3d43340c27,medellin-olaya,Medellín – Olaya,Olaya,Antioquia,95,2-2.5 horas,Intermedia,Pavimentada con tramos mixtos,Todo el año,Naked / Sport / Adventure 150cc+,"Olaya es un municipio pequeño del Occidente antioqueño sobre el río Cauca con paisaje de cañón impresionante. Pueblo tranquilo con minería artesanal y comunidades afro. Poco visitado por turistas, auténtico y sin masificación.",Ruta alternativa al Occidente menos transitada. El cañón del Cauca en Olaya es espectacular. Combinar con visita a Liborina o Sabanalarga.,Tanquear en Santa Fe de Antioquia. En Olaya hay estación pequeña.,Posadas muy básicas disponibles.,Comida ribereña. Pescado de río y sancocho caldoso.,,,,https://ridera.com.co/rutas/medellin-olaya/,2026-07-22 03:26:49.272997+00,2026-07-22 03:26:49.272997+00,olaya,medellin - olaya
6bdd9ed8-3ed4-4d6c-9ce1-920f40355bed,loop-norte-antioqueno,Loop Norte Antioqueño (Don Matías – Santa Rosa – San Pedro),Santa Rosa de Osos,Antioquia,180,3.5 – 4 horas,Principiante,Autopista Norte y carreteras departamentales pavimentadas.,Todo el año. Llevar chaqueta de frío.,Cualquier moto.,"El loop perfecto para el Norte antioqueño. Sale por Don Matías, sube a Santa Rosa de Osos para los quesos y baja por San Pedro de los Milagros. Tres municipios en un día con gastronomía espectacular de la zona más lechera y quesera de Colombia.",Salir temprano para aprovechar el mercado en Santa Rosa. Ruta circular muy fácil. Llevar dinero en efectivo para comprar quesos artesanales. El frío en Santa Rosa puede sorprender.,Autopista Norte bien surtida. Santa Rosa tiene varias gasolineras.,Se puede hacer el loop en un día saliendo temprano de Medellín.,"Quesos de Santa Rosa, pollo asado de Don Matías, mazamorra, almojábanas.","6.6333,-75.4667","[{'lat': 6.483, 'lon': -75.433, 'nombre': 'Don Matías'}, {'lat': 6.633, 'lon': -75.467, 'nombre': 'Santa Rosa de Osos'}, {'lat': 6.483, 'lon': -75.55, 'nombre': 'San Pedro de los Milagros'}]",,https://ridera.com.co/rutas/loop-norte-antioqueno/,2026-07-22 03:17:08.201261+00,2026-07-22 03:17:08.201261+00,santa rosa de osos,loop norte antioqueno (don matias - santa rosa - san pedro)
6d2ba65f-f22b-42ef-80b0-5227a814b79a,medellin-arboletes,Medellín – Arboletes (Mar Caribe),Arboletes,Antioquia,420,6.5-7.5 horas,Experta,Pavimentada con tramos difíciles,Dic–Mar,Adventure / Enduro 200cc+ con experiencia,Arboletes tiene el volcán de lodo más grande de Colombia y playa sobre el Caribe antioqueño. Ruta épica de día o dos días por Urabá hasta llegar al mar. Destino de aventura total.,Ruta larga y exigente. Salir de madrugada obligatorio. Verificar estado de vías en temporada de lluvias. Llevar impermeable y herramienta. Ir acompañado.,"Tanquear en Medellín, Apartadó y verificar en Arboletes. Llevar bidón de reserva.",Hospedajes frente al mar disponibles. Reservar en temporada alta (dic–ene).,"Langosta, pargo rojo, arroz con coco y patacón con pescado frente al mar.",,,,https://ridera.com.co/rutas/medellin-arboletes/,2026-07-22 03:22:54.209768+00,2026-07-22 03:22:54.209768+00,arboletes,medellin - arboletes (mar caribe)
6d4c19b9-7f94-44e5-a7c8-a26799bdf4df,medellin-el-retiro,Medellín – El Retiro,El Retiro,Antioquia,50,1-1.5 horas,Principiante,Pavimentada en buen estado,Todo el año,Cualquier moto 100cc+,"El Retiro es el municipio de los muebles y las antigüedades del Oriente antioqueño. Pueblo tranquilo con talleres artesanales, fincas hermosas y el embalse de La Fe de fondo. Ambiente campestre refinado a solo una hora de Medellín.",Ideal para salida de un día. Los talleres de muebles son el atractivo único. El embalse de La Fe se ve desde varios puntos. Muchas fincas-hotel de lujo.,Tanquear en Medellín. Estación disponible en El Retiro.,Varias fincas-hotel y posadas de lujo. El Retiro tiene oferta gastronómica y hotelera de calidad.,"Restaurantes campestres de buena calidad. Trucha, parrillas y cocina de campo sofisticada.",,,,https://ridera.com.co/rutas/medellin-el-retiro/,2026-07-22 03:26:14.283625+00,2026-07-22 03:26:14.283625+00,el retiro,medellin - el retiro
6d8b00f5-a523-4e1d-b269-f69ec542c129,medellin-necoclí-golfo,Medellín – Necoclí (Golfo de Urabá),Necoclí,Antioquia,380,6-7 horas,Experta,Pavimentada con tramos por mejorar,Dic-Mar,Adventure / Touring 250cc+,"380 km hasta el ""Caribe antioqueño"". Necoclí tiene las mejores playas del Golfo de Urabá con agua turquesa y palmeras. Desde aquí salen los ferris a Capurganá y el mercado de Acandí. Urabá es bananero y ganadero, el calor aprieta desde Apartadó pero la brisa del golfo lo paga.",Llevar hidratación extra: calor de 38°C desde Apartadó. Las playas de Necoclí son gratuitas y tranquilas entre semana. Ferri a Capurganá sale de Necoclí (más cómodo que de Turbo). No rodar de noche después de Apartadó. Llevar repelente.,"Llená en Medellín, Dabeiba y Apartadó. 250cc≈$125k ida.","Hotel Costa Azul Necoclí, Posada Golfo, cabañas en playa.","Langosta, cangrejo, mojarra frita, plátano maduro con hogao, coctel de camarones.","8.4220,-76.7810","[{'km': 90, 'gps': '6.9997,-76.0022', 'nombre': 'Dabeiba'}, {'km': 280, 'gps': '7.6457,-76.6600', 'nombre': 'Apartadó'}, {'km': 340, 'gps': '8.1556,-76.7295', 'nombre': 'Arboletes'}, {'km': 380, 'gps': '8.4220,-76.7810', 'nombre': 'Necoclí'}]",,https://ridera.com.co/rutas/medellin-necloi/,2026-07-14 03:01:08.106727+00,2026-07-14 03:01:08.106727+00,necocli,medellin - necocli (golfo de uraba)
6df94e25-2ba3-4e2c-a4ae-d70ad28311d1,loop-uraba-caribe,Loop Urabá–Caribe (3 días),Medellín (regreso),Antioquia,850,3 días,Experta,Pavimentada en buen estado,"Dic–Mar, Jul–Ago",Adventure / Enduro 200cc+ con experiencia,"El loop más épico de Antioquia. Día 1: Medellín–Dabeiba–Apartadó. Día 2: Apartadó–Turbo–Necoclí–Arboletes (playas del Caribe). Día 3: Regreso por Montería o la misma ruta. Selva, bananeras, golfo y Caribe.","Planear y reservar hospedaje con anticipación. Llevar efectivo, impermeable y repelente. Solo riders experimentados. Mínimo 2 personas.","Tanquear en Medellín, Dabeiba, Apartadó y Turbo. En el regreso por Montería tanquear bien.",Noche 1: Apartadó (Hotel Casablanca). Noche 2: Necoclí o Arboletes (frente al mar).,"Bandeja paisa en el camino, mariscos en Turbo y langosta en Arboletes. Cada región tiene su sazón única.",,,,https://ridera.com.co/rutas/loop-uraba-caribe/,2026-07-22 03:22:54.209768+00,2026-07-22 03:22:54.209768+00,medellin (regreso),loop uraba-caribe (3 dias)
6f461c5c-adae-4156-becf-2a2985af8334,medellin-capurgana-acandi,Medellín – Capurganá / Acandí (Darién),Capurganá,Chocó,480,3 días mínimo,Experta,Pavimento hasta Turbo + lancha 2 horas,Dic-Mar,Adventure 250cc+ (moto queda en Turbo),"La ruta más extrema y más bonita de Colombia. Llegás en moto hasta Turbo, parqueás y tomás lancha a Capurganá. Selva del Darién, coral virgen, playas de película, cero turismo masivo. Acandí y Capurganá son los pueblos más remotos del Caribe colombiano, solo accesibles por mar o aire.",La moto se queda en Turbo en parqueadero de confianza (≈$15.000/noche). Lancha a Capurganá: 2 horas en mar abierto (puede ser movido). Llevar solo lo necesario en maleta pequeña. No hay cajeros en Capurganá: llevar efectivo para todo. El snorkel y buceo en el Cabo Tiburón son de clase mundial.,Llená en Medellín y Dabeiba. La moto queda en Turbo. 250cc≈$115k hasta Turbo.,"En Turbo: Hotel Mar Azul. En Capurganá: Posada del Gecko, Playa de Capurganá, Almar.","Langosta fresca, caracol pala, cazuela de mariscos, arroz con coco, fruta del Darién.","8.6308,-77.3505","[{'km': 90, 'gps': '6.9997,-76.0022', 'nombre': 'Dabeiba'}, {'km': 280, 'gps': '7.6457,-76.6600', 'nombre': 'Apartadó'}, {'km': 350, 'gps': '8.0978,-76.7279', 'nombre': 'Turbo (dejar moto)'}, {'km': 480, 'gps': '8.6308,-77.3505', 'nombre': 'Capurganá (en lancha)'}]",,https://ridera.com.co/rutas/medellin-capurgana/,2026-07-14 03:00:12.682421+00,2026-07-14 03:00:12.682421+00,capurgana,medellin - capurgana / acandi (darien)
71cb9e78-411a-4301-ad0e-f51a4e9abdf3,medellin-el-penol,Medellín – El Peñol (Embalse),El Peñol,Antioquia,72,1.5 horas,Principiante,Autopista Las Palmas o vía Rionegro. Pavimento excelente.,Todo el año. Mejor en temporadas de lluvia para ver el embalse lleno.,Cualquier moto.,"El Peñol y el embalse Peñol-Guatapé son una de las maravillas naturales de Antioquia. El Piedra del Peñol (200 metros de roca) es el hito. Combinación perfecta con Guatapé en el mismo día. Zona de deportes náuticos, miradores y arquitectura típica del Oriente.",Salir por Las Palmas o autopista Medellín-Bogotá hasta El Santuario y desviarse. También directo por Rionegro. La ruta más bonita es por Las Palmas. Subir la Piedra (740 escalones) vale la pena. Llegando tarde los fines de semana hay trancón.,"Gasolineras en Rionegro, Marinilla y El Peñol.",Varios hoteles en El Peñol y Guatapé. Reservar los fines de semana.,"Trucha ahumada, sudado de trucha, bandeja paisa, mazamorra.","6.2167,-75.2333","[{'lat': 6.155, 'lon': -75.377, 'nombre': 'Rionegro (parada)'}, {'lat': 6.177, 'lon': -75.33, 'nombre': 'Marinilla (desvío)'}]",,https://ridera.com.co/rutas/medellin-el-penol/,2026-07-22 03:17:55.820054+00,2026-07-22 03:17:55.820054+00,el penol,medellin - el penol (embalse)
7643912b-2fc9-41f6-b677-373e9464d32f,medellin-puerto-triunfo,Medellín – Puerto Triunfo (Río Claro),Puerto Triunfo,Antioquia,162,2.5-3 horas,Principiante,Autopista pavimentada,"Mar-Nov, evitar Semana Santa (caravanas)",Cualquier moto 125cc+,"162 km de autopista hasta el corazón del Magdalena Medio y la reserva natural del Río Claro. Agua cristalina turquesa entre cañones de mármol, mariposas morpho azul y guacamayas. La autopista Medellín-Bogotá es rápida, el paisaje cambia de montaña verde a calor tropical.","La Autopista cobra peaje en Barbosa y La Ye. Reservar en Río Claro con meses en temporada alta. Calor de 35°C, llevá repelente e hidratación. El parqueadero de Reserva Río Claro acepta motos sin costo extra. El río se puede recorrer en kayak o balsas.","Autopista con estaciones frecuentes. 125cc≈$52k, 200cc≈$65k ida.","Reserva Natural Río Claro (cabañas y camping), Hacienda Nápoles Resort, opciones económicas en el pueblo Puerto Triunfo.","Pescado de río, mojarra frita, arroz con coco, jugo de maracuyá fresco. En la reserva sirven desayuno y almuerzo.","5.8760,-74.7017","[{'km': 42, 'gps': '6.4382,-75.3319', 'nombre': 'Barbosa'}, {'km': 100, 'gps': '6.1573,-74.9890', 'nombre': 'La Ye (desvío Río Claro)'}, {'km': 162, 'gps': '5.8760,-74.7017', 'nombre': 'Puerto Triunfo'}]",,https://ridera.com.co/rutas/medellin-puerto-triunfo/,2026-07-14 02:56:16.898774+00,2026-07-14 02:56:16.898774+00,puerto triunfo,medellin - puerto triunfo (rio claro)
795f036e-625b-43ec-b007-15fc54d033fe,medellin-apartado,Medellín – Apartadó,Apartadó,Antioquia,360,5.5-6.5 horas,Intermedia,Pavimentada en buen estado,"Dic–Mar, Jul–Ago",Naked / Sport / Adventure 150cc+,"Apartadó es la capital bananera de Colombia y la ciudad principal de Urabá. Ruta épica por el occidente antioqueño bajando al trópico húmedo. Bananeras infinitas, calor, mar Caribe a pocas horas y una cultura muy diferente al interior andino.","Ruta de dos días recomendada. Día 1 hasta Turbo o Necoclí para ver el mar. Llevar ropa ligera, impermeable y repelente. Zona caliente y lluviosa en segundo semestre.","Tanquear en Medellín, en Dabeiba o en Mutatá. En Apartadó hay estaciones en toda la ciudad.",Varios hoteles en Apartadó. Hotel Casablanca y otros de cadena disponibles.,"Arroz con coco, plátano en todas sus formas, mariscos y la famosa sopa de bagre urababeño.",,,,https://ridera.com.co/rutas/medellin-apartado/,2026-07-22 03:22:54.209768+00,2026-07-22 03:22:54.209768+00,apartado,medellin - apartado
7965eb23-8e58-4349-ad94-e9e8660fceea,medellin-granada-oriente,"Medellín – Granada (Oriente, Resilencia)",Granada,Antioquia,105,2 horas,Intermedia,Autopista Medellín-Bogotá + carretera departamental.,Todo el año.,Cualquier moto.,"Granada es el municipio símbolo de la resiliencia en Colombia. Después de años de conflicto, se convirtió en ejemplo de reconstrucción y paz. El Salón del Nunca Más, monumento a las víctimas, es un sitio imperdible. Clima templado y paisajes del Oriente.",Salida por la autopista a Bogotá y desviar hacia San Carlos o San Luis para llegar a Granada. Visitar el Salón del Nunca Más es una experiencia que cambia la perspectiva. El parque principal tiene murales impresionantes.,Gasolineras en autopista y municipios intermedios.,Hospedajes locales en el municipio.,"Trucha, sancocho, frijoles, jugos de frutas.","6.1500,-74.8500","[{'lat': 6.183, 'lon': -74.983, 'nombre': 'San Carlos (parada)'}]",,https://ridera.com.co/rutas/medellin-granada-oriente/,2026-07-22 03:17:55.820054+00,2026-07-22 03:17:55.820054+00,granada,"medellin - granada (oriente, resilencia)"
7b5684a6-d402-4e16-9dbb-dfc3b0fa1df6,medellin-turbo,Medellín – Turbo (Golfo de Urabá),Turbo,Antioquia,395,6-7 horas,Intermedia,Pavimentada en buen estado,"Dic–Mar, Jul–Ago",Naked / Sport / Adventure 150cc+,"Turbo es el municipio portuario sobre el golfo de Urabá, la salida al Caribe antioqueño. Ruta de travesía larga por selva, bananeras y calor tropical. El golfo te espera con agua turquesa y vida pescadora única.","Ruta larga, salir antes de las 4am desde Medellín para llegar de día. Llevar impermeable, repelente y ropa ligera. Dos días mínimo recomendado.","Tanquear en Medellín, Dabeiba, Chigorodó y en Turbo hay varias estaciones.",Hotel El Golfo y hospedajes en el parque. Negociar precio en temporada baja.,"Ceviches de mar, langosta cuando hay temporada, arroz con coco y patacones. El desayuno de pescado en el muelle es ritual.",,,,https://ridera.com.co/rutas/medellin-turbo/,2026-07-22 03:22:54.209768+00,2026-07-22 03:22:54.209768+00,turbo,medellin - turbo (golfo de uraba)
7be6837f-00d3-4523-af8a-8429bb03735d,medellin-santa-rosa-de-cabal,Medellín – Santa Rosa de Cabal,Santa Rosa de Cabal,Risaralda,222,4h sin paradas,Intermedia,Pavimentada en buen estado todo el recorrido,"Todo el año, preferible temporada seca","Cualquier cilindraje, ideal naked o touring","Ruta clásica que conecta Medellín con la cuna del chorizo santarrosano y los termales más icónicos de Colombia. Sales por el sur, subes el Alto de Minas, bajas al valle caliente del Cauca y subes de nuevo al clima templado del Eje Cafetero. Tres climas en 222 km: fresco paisa, calor de valle y templado cafetero. Cruza Antioquia, Caldas y Risaralda.","Prepárate para tres climas: fresco en Medellín, 35°C+ en el valle, templado en Santa Rosa. Lleva capas. Hidrátate en el tramo La Pintada–Chinchiná (el más caliente). Protector solar obligatorio. Llena tanque en Chinchiná antes de la subida final.","Estaciones en La Pintada, Irra y Chinchiná. Llenar en Chinchiná antes de subir a Santa Rosa. Costo aprox ida 300cc: ~$131.000 COP.",Pendiente verificación — Santa Rosa tiene amplia oferta de hoteles y fincas cafeteras. Los Termales de Santa Rosa tienen hospedaje propio.,"Chorizo santarrosano con arepa, limón y ají (parada obligada). En el camino: comida de carretera en La Pintada. En Santa Rosa: gastronomía del Eje Cafetero.","4.8694,-75.6222","[{'lat': 5.7417, 'lon': -75.6042, 'nombre': 'La Pintada'}, {'lat': 4.9836, 'lon': -75.6067, 'nombre': 'Chinchiná'}]",https://ridera.com.co/wp-content/uploads/2026/07/images-3-1.jpg,https://ridera.com.co/ruta/medellin-santa-rosa-de-cabal/,2026-07-10 21:47:50.513383+00,2026-07-10 21:47:50.513383+00,santa rosa de cabal,medellin - santa rosa de cabal
7fcee892-4f68-4fe9-8db9-109fc0ff649b,medellin-puerto-nare,Medellín – Puerto Nare,Puerto Nare,Antioquia,175,3.5 horas,Fácil,Pavimentada en buen estado,Todo el año,Cualquier moto 100cc+,Puerto Nare está a orillas del río Magdalena en el Magdalena Medio. Municipio tranquilo con el contraste del río grande y la montaña antioqueña que se ve a lo lejos. Ideal para quien quiere conocer el Magdalena sin llegar tan lejos.,Ruta accesible para todos los niveles. Llevar hidratación. Cruzar en chalupa al otro lado del Magdalena es una experiencia única si el tiempo lo permite.,Tanquear en Medellín y en Cocorná. En Puerto Nare hay estación disponible.,Hospedajes sencillos en el parque principal.,Pescado del Magdalena y plátano maduro frito. Ambiente ribereño tradicional.,,,,https://ridera.com.co/rutas/medellin-puerto-nare/,2026-07-22 03:22:20.865109+00,2026-07-22 03:22:20.865109+00,puerto nare,medellin - puerto nare
808cbcdf-5dcf-4bb2-b2ad-5e0b0fd06d79,medellin-salgar,Medellín – Salgar (Cascada Juan Curi),Salgar,Antioquia,152,3 horas,Intermedia,Autopista Sur + carretera departamental sinuosa.,Todo el año. Lluvias frecuentes.,Cualquier moto con experiencia en curvas.,Salgar tiene la cascada más grande del Suroeste antioqueño. Municipio cafetero con paisajes de montaña exuberantes. Zona de poco turismo masivo. Parte del Suroeste profundo que guarda los mejores secretos del departamento.,Salir por autopista Sur y continuar pasando Ciudad Bolívar hacia Salgar. La vía es sinuosa. La cascada requiere una caminata de 30 minutos desde el pueblo.,Gasolineras en Ciudad Bolívar y Salgar.,Hospedajes locales en el municipio.,"Café de la región, frijoles, trucha, sancocho.","5.9667,-75.9667","[{'lat': 5.85, 'lon': -76.017, 'nombre': 'Ciudad Bolívar (gasolina)'}]",,https://ridera.com.co/rutas/medellin-salgar/,2026-07-22 03:18:37.299402+00,2026-07-22 03:18:37.299402+00,salgar,medellin - salgar (cascada juan curi)
82d95bb5-d72b-4a58-ae85-666a509daee0,medellin-san-carlos-antioquia,"Medellín – San Carlos (Oriente, Cascadas)",San Carlos,Antioquia,130,2.5 horas,Intermedia,Autopista Medellín-Bogotá + carretera departamental. Buen estado.,Todo el año. Las cascadas son más espectaculares en temporada de lluvias.,Cualquier moto.,"San Carlos es el municipio de las cascadas de Antioquia. Con más de 30 cascadas en sus alrededores, es un destino espectacular. El embalse de San Carlos y la biodiversidad de la región lo hacen imperdible. Municipio que se recuperó admirablemente del conflicto armado.","Salida por la autopista a Bogotá hasta Puerto Triunfo y desviar a San Carlos, o por Rionegro y Cocorná. El acceso por Cocorná es más sinuoso pero más bonito. Las cascadas requieren caminatas cortas.",Gasolineras en autopista y en San Carlos.,Varios hoteles en el municipio. Ecohostales cerca de las cascadas.,"Trucha, sancocho, bandeja paisa, jugos naturales.","6.1833,-74.9833","[{'lat': 6.066, 'lon': -75.183, 'nombre': 'Cocorná (ruta alterna)'}, {'lat': 6.19, 'lon': -74.992, 'nombre': 'Cascada La Cristalina (desvío)'}]",,https://ridera.com.co/rutas/medellin-san-carlos-antioquia/,2026-07-22 03:17:55.820054+00,2026-07-22 03:17:55.820054+00,san carlos,"medellin - san carlos (oriente, cascadas)"
879ae6f2-8f68-4a72-b1bb-28204b78559e,medellin-honda-tolima,Medellín – Honda (Tolima),Honda,Tolima,310,5-6 horas,Intermedia,Autopista y carretera nacional,"Todo el año, evitar temporada de lluvias May-Jun",Naked / Touring 200cc+,"310 km hasta la ""Ciudad de los Puentes"" a orillas del Magdalena. Honda es uno de los pueblos coloniales más auténticos de Colombia, con calles empedradas, el río Magdalena navegable y la mejor mojarra frita del país. Punto de parada ideal en la ruta Medellín-Bogotá.","Honda está a 36°C todo el año. El puente Pumarejo sobre el Magdalena es fotogénico. Mercado de Honda los domingos. Desde Honda a Bogotá son 3 horas más por autopista o por la vía de Los Libertadores (más curvas, más bonita).","Estaciones en autopista. 200cc≈$102k, 300cc≈$135k ida.","Hotel Honda Plaza, Posada Colonial, Hotel Los Recuerdos.","Mojarra frita con patacones y ensalada (la mejor del Magdalena), bocachico frito, chicharrón de río, masato.","5.1981,-74.7479","[{'km': 130, 'gps': '6.4869,-74.4032', 'nombre': 'Puerto Berrío'}, {'km': 250, 'gps': '5.2018,-74.7382', 'nombre': 'La Dorada'}, {'km': 310, 'gps': '5.1981,-74.7479', 'nombre': 'Honda'}]",,https://ridera.com.co/rutas/medellin-honda/,2026-07-14 03:00:12.682421+00,2026-07-14 03:00:12.682421+00,honda,medellin - honda (tolima)
89260c82-9891-4e75-a80a-e62f29c99428,loop-suroeste-antioqueno,Loop Suroeste Antioqueño (3 días),Jardín – Jericó – Andes,Antioquia,420,3 días,Intermedia,Pavimentada con tramos secundarios,"Dic-Feb, Jul-Ago",Naked / Adventure 150cc+,"El loop más completo del Suroeste. Día 1: Medellín-La Pintada-Jardín. Día 2: Jardín-Jericó-Andes-Támesis. Día 3: Támesis-Fredonia-Medellín. 420 km de cafetales, guaduales, pueblos patrimonio y curvas que no paran. El Suroeste antioqueño es la ruta secreta de los moteros paisas.",Llevar efectivo: muchos pueblos del Suroeste no tienen cajeros. Revisión mecánica completa antes: las subidas y bajadas son exigentes. Cada pueblo tiene parque principal como punto de encuentro de moteros los domingos. La vía Támesis-Fredonia tiene el mejor mirador del cañón del Cauca.,"Llená en La Pintada, Andes y Fredonia. Promedio 3 días: 200cc≈$130k total.",Jardín: Hotel El Edén. Jericó: Hotel Santa Teresa. Andes: Hotel Nuevo Horizonte. Todas con parqueadero para moto.,"Cada pueblo tiene especialidad propia: trucha en Jardín, cabrito en Jericó, aguacate y café en Andes.","5.5988,-75.8198","[{'km': 93, 'gps': '5.7557,-75.7444', 'nombre': 'La Pintada'}, {'km': 138, 'gps': '5.5988,-75.8198', 'nombre': 'Jardín'}, {'km': 190, 'gps': '5.7891,-75.7820', 'nombre': 'Jericó'}, {'km': 250, 'gps': '5.6564,-75.8869', 'nombre': 'Andes'}, {'km': 310, 'gps': '5.6700,-75.5900', 'nombre': 'Támesis'}, {'km': 370, 'gps': '5.9175,-75.6934', 'nombre': 'Fredonia'}]",,https://ridera.com.co/rutas/loop-suroeste-antioqueno/,2026-07-14 03:00:12.682421+00,2026-07-14 03:00:12.682421+00,jardin - jerico - andes,loop suroeste antioqueno (3 dias)
8a10b592-6e82-4dca-a478-cef189f9ace2,medellin-rionegro,Medellín – Rionegro,Rionegro,Antioquia,47,50 min-1.2 horas,Principiante,Pavimentada en excelente estado,Todo el año,Cualquier moto 100cc+,"Rionegro es la capital del Oriente antioqueño. Ciudad histórica donde se firmó la Constitución de 1863. Sede del aeropuerto José María Córdova. Activa vida comercial, buena gastronomía y el Parque de los Deseos local.",Punto neurálgico del Oriente. Todo el comercio del Oriente pasa por Rionegro. Tanquear aquí antes de ir a municipios más remotos del Oriente.,Múltiples estaciones en toda la ciudad.,Amplia oferta hotelera de todas las categorías. Hotel Las Vegas y más opciones.,"Buena gastronomía urbana. Corriente antioqueño, mariscos y restaurantes de todo tipo.",,,,https://ridera.com.co/rutas/medellin-rionegro/,2026-07-22 03:26:14.283625+00,2026-07-22 03:26:14.283625+00,rionegro,medellin - rionegro
8b0c269b-6606-4a65-820e-869eaba04a92,medellin-san-vicente,Medellín – San Vicente Ferrer,San Vicente Ferrer,Antioquia,80,1.5-2 horas,Intermedia,Pavimentada con curvas,Todo el año,Naked / Sport / Adventure 150cc+,"San Vicente Ferrer es un municipio del Oriente antioqueño con paisajes de montaña y clima fresco. Conocido por la producción de mora y fresa. Pueblo auténtico sin turismo masivo, ideal para disfrutar del Oriente rural.",Combinar con visita a El Santuario o Marinilla para aprovechar la ruta. Probar las fresas y moras frescas directamente en las fincas.,Tanquear en Rionegro o Marinilla. Estación disponible en San Vicente.,Posadas sencillas disponibles.,"Fresas con crema, mermeladas artesanales y bandeja paisa. Las frutas de clima frío son el tesoro.",,,,https://ridera.com.co/rutas/medellin-san-vicente/,2026-07-22 03:26:14.283625+00,2026-07-22 03:26:14.283625+00,san vicente ferrer,medellin - san vicente ferrer
8cb79e24-9f06-4a53-9eea-68448bd9d015,medellin-guatape,Medellín – Guatapé,Guatapé,Antioquia,79,1.5-2 horas,Principiante,Pavimentada en buen estado,"Todo el año, mejor semana entre-días (menos tráfico)",Cualquier moto 125cc+,"La ruta clásica del motero paisa. 79 km hasta el Peñón de Guatapé, el embalse más bonito de Antioquia y el pueblo de los zócalos de colores. Perfecta para estrenar moto, para primera ruta larga o para salir en grupo de madrugada y desayunar en Marinilla.",Salir antes de las 7am evita el tráfico en la Autopista Medellín-Bogotá. El desvío a Guatapé está bien señalizado desde El Peñol. El Peñón tiene 649 escalones — subí si podés. Evitá fines de semana festivos: el pueblo se llena y el parqueadero para motos se cobra.,"Llená en Medellín. 125cc≈$25k, 200cc≈$32k ida.","Hostal El Peñón, Hotel Agua, Casa Guatapé Hostel. Muchas cabañas privadas con vista al embalse.",Trucha frita con patacones y ensalada. Empanadas en la plaza. Helados artesanales frente al parque.,"6.2324,-75.1554","[{'km': 40, 'gps': '6.1558,-75.3718', 'nombre': 'Marinilla'}, {'km': 65, 'gps': '6.2152,-75.1823', 'nombre': 'El Peñol'}, {'km': 79, 'gps': '6.2324,-75.1554', 'nombre': 'Guatapé'}]",,https://ridera.com.co/rutas/medellin-guatape/,2026-07-14 02:55:17.859136+00,2026-07-14 02:55:17.859136+00,guatape,medellin - guatape
8fbfb138-196c-431c-966a-2b97dec19fbe,loop-suroeste-clasico,Loop Suroeste Clásico (1 día): La Pintada – Jericó – Jardín,Jardín,Antioquia,280,5 – 6 horas,Intermedia,Autopista Sur + carreteras departamentales con curvas. Pavimento en buen estado.,Temporada seca. Evitar lluvias para las curvas de montaña.,Cualquier moto con experiencia en curvas. Trail ideal.,"El loop más clásico del Suroeste antioqueño. Sale por La Pintada, sube a Jericó (Tierra de santos y flores), continúa a Jardín (el pueblo más bonito de Antioquia) y regresa por Andes. Tres municipios patrimonio en una sola jornada épica.",Salir muy temprano (6-7am) para alcanzar a hacer todo. En Jericó subir al cerro Las Nubes. En Jardín el parque principal es el mejor de Antioquia. Llevar efectivo.,"Gasolineras en La Pintada, Jericó y Jardín.","Si se quiere quedar, Jardín tiene los mejores hoteles del Suroeste.","Café de Jardín, trucha, empanadas, mazamorra con bocadillo.","5.5983,-75.8183","[{'lat': 5.756, 'lon': -75.607, 'nombre': 'La Pintada'}, {'lat': 5.788, 'lon': -75.78, 'nombre': 'Jericó'}, {'lat': 5.598, 'lon': -75.818, 'nombre': 'Jardín'}]",,https://ridera.com.co/rutas/loop-suroeste-clasico/,2026-07-22 03:18:37.299402+00,2026-07-22 03:18:37.299402+00,jardin,loop suroeste clasico (1 dia): la pintada - jerico - jardin
90bb302c-ab1d-46fe-bcf7-c26133f347cf,medellin-entrerrios,Medellín – Entrerríos,Entrerríos,Antioquia,85,1.5-2 horas,Intermedia,Pavimentada en buen estado,Todo el año,Naked / Sport / Adventure 150cc+,"Entrerríos es un municipio ganadero del Norte antioqueño con paisajes de sabana fría y producción lechera de primer nivel. Clima frío, fincas ordenadas y una tranquilidad que se siente desde que uno llega. Poco conocido, muy recomendado.",Municipio poco visitado por turistas. Entrerríos tiene una tranquilidad especial. Combinar con Santa Rosa de Osos para hacer un loop Norte corto.,Tanquear en Medellín o Don Matías. Estación disponible en Entrerríos.,Posadas sencillas disponibles.,"Lácteos: queso, quesillo, arequipe y kumis del Norte antioqueño. Los mejores del país.",,,,https://ridera.com.co/rutas/medellin-entrerrios/,2026-07-22 03:27:33.258249+00,2026-07-22 03:27:33.258249+00,entrerrios,medellin - entrerrios
90bd272d-6165-4c1e-a500-35e408bc57c9,medellin-yarumal,Medellín – Yarumal (Norte Antioqueño),Yarumal,Antioquia,98,2 horas,Principiante,Autopista Norte pavimentada,Todo el año,Cualquier moto 125cc+,"98 km hacia el Norte antioqueño por la autopista más segura de Antioquia. Yarumal es la puerta de entrada a Don Matías, Belmira y la Cordillera de Yarumal. Paisaje de páramo, ganado y temperatura de 16°C. Ruta perfecta para ir a Belmira a ver la niebla o seguir a Santa Rosa de Cabal.","La Autopista Norte tiene doble calzada hasta Don Matías. En Yarumal el frío puede bajar a 12°C — llevá chaqueta de frío. Desde Yarumal podés desviar a Ituango (carretera nueva, 80 km) o bajar a Santa Rosa de Osos.","Múltiples estaciones en la autopista. 125cc≈$32k, 200cc≈$40k ida.","Hotel La Colina Yarumal, Posada del Norte, varios hoteles económicos en el parque.","Mazamorra con bocadillo, frijoles paisas, sancocho de pezuña, pandebono con chocolate caliente.","7.0000,-75.4985","[{'km': 38, 'gps': '6.4678,-75.3741', 'nombre': 'Don Matías'}, {'km': 72, 'gps': '6.6477,-75.4671', 'nombre': 'Santa Rosa de Osos'}, {'km': 98, 'gps': '7.0000,-75.4985', 'nombre': 'Yarumal'}]",,https://ridera.com.co/rutas/medellin-yarumal/,2026-07-14 02:57:00.969793+00,2026-07-14 02:57:00.969793+00,yarumal,medellin - yarumal (norte antioqueno)
90eca225-264d-4c7c-8d37-fb412f2d7cb0,medellin-cali,Medellín – Cali,Cali,Valle del Cauca,440,7-8 horas,Experta,Autopista Simón Bolívar pavimentada,"Dic-Feb, Jun-Ago",Touring / Adventure 250cc+,"440 km hasta la capital de la salsa. La Autopista Simón Bolívar baja del Valle del Aburrá al Valle del Cauca cruzando el Cañón del Cauca. Cali tiene clima perfecto de 24°C todo el año, el mejor estadio de atletismo del continente y la salsa más pura del planeta.",La vía tiene peajes frecuentes. El paso por La Virginia y Cartago es congestionado. En Cali el tráfico en horas pico es caótico. Evitar el tramo Pereira-Cartago de noche. El barrio San Antonio en Cali es ideal para parquear la moto y explorar a pie.,"Múltiples estaciones. 250cc≈$145k, 400cc≈$200k ida.","Hotel Dann Carlton, Casa Republicana, Movich Buró 26, hostales en San Antonio.","Sancocho valluno, cholado, empanadas de pipián, lulada, pandebono, chontaduro con miel y sal.","3.4516,-76.5319","[{'km': 90, 'gps': '5.8726,-75.8925', 'nombre': 'La Pintada'}, {'km': 200, 'gps': '4.8140,-75.6961', 'nombre': 'Pereira'}, {'km': 290, 'gps': '4.4152,-75.6645', 'nombre': 'Cartago'}, {'km': 440, 'gps': '3.4516,-76.5319', 'nombre': 'Cali'}]",,https://ridera.com.co/rutas/medellin-cali/,2026-07-14 02:58:56.954987+00,2026-07-14 02:58:56.954987+00,cali,medellin - cali
91b9b77b-8a66-4b7a-a7de-1f0bf66c84d8,medellin-caceres,Medellín – Cáceres,Cáceres,Antioquia,280,5-5.5 horas,Intermedia,Pavimentada en buen estado,Dic–Mar,Naked / Sport / Adventure 150cc+,Cáceres es un municipio histórico del Bajo Cauca a orillas del río Cauca con una riqueza cultural y natural única. Las ciénagas y el calor definen esta tierra llana y hospitalaria.,Salir madrugada. Llevar ropa ligera y protector solar. El calor en Bajo Cauca puede superar los 38°C. Hidratarse constantemente.,Tanquear en Medellín y en Caucasia. Verificar disponibilidad en Cáceres.,Hospedajes familiares disponibles. Precios accesibles.,"Pescado de río, chicharrón de bagre y limonada de panela.",,,,https://ridera.com.co/rutas/medellin-caceres/,2026-07-22 03:22:20.865109+00,2026-07-22 03:22:20.865109+00,caceres,medellin - caceres
929647b1-04da-4381-8777-463b16e06bb1,medellin-cocorna,Medellín – Cocorná (Valle del Río),Cocorná,Antioquia,100,2 horas,Intermedia,Autopista Medellín-Bogotá + carretera departamental con curvas y bajadas al río.,Todo el año. Clima cálido húmedo.,Cualquier moto. Enduro o trail para explorar ríos.,Cocorná es el paraíso de los ríos del Oriente antioqueño. El río Cocorná y sus afluentes forman playas naturales de agua cristalina. Zona de selva tropical. Puerta de entrada a San Carlos. Pocas rutas en Colombia tienen tantos ríos y cascadas juntos.,Salida por la autopista a Bogotá hasta el desvío a Cocorná. La bajada al río es emocionante. Llevar ropa para meterse al río. El río Cocorná en el puente principal es el punto de encuentro de los moteros.,Gasolineras en autopista y en Cocorná.,Campings y cabañas junto al río.,"Tilapia, sancocho de bagre, mazamorra, jugos naturales.","6.0667,-75.1833","[{'lat': 6.14, 'lon': -75.27, 'nombre': 'Santuario (desvío)'}, {'lat': 6.072, 'lon': -75.188, 'nombre': 'Puente río Cocorná'}]",,https://ridera.com.co/rutas/medellin-cocorna/,2026-07-22 03:17:55.820054+00,2026-07-22 03:17:55.820054+00,cocorna,medellin - cocorna (valle del rio)
94b9fac2-2a5b-45cd-b020-6db979167eec,medellin-anori,Medellín – Anorí,Anorí,Antioquia,200,5-6 horas,Experta,Mixta con tramos destapados exigentes,Dic–Mar,Adventure / Enduro 200cc+ con experiencia,"Anorí es un municipio remoto del Nordeste con páramos, ríos cristalinos y biodiversidad excepcional. Ruta de aventura pura para riders experimentados. Comunidades campesinas que conservan sus tradiciones.","Solo para motos todoterreno o enduro. Salir muy temprano, mínimo 5am. Llevar herramienta, comida y agua para el día. Ir acompañado.",Tanquear en Medellín y de nuevo en Amalfi. En Anorí hay una estación pequeña pero puede estar sin gasolina. Llevar bidón extra.,Posadas campesinas en Anorí. Reservar con anticipación llamando al municipio.,Comida casera campesina. Llevar provisiones propias para el camino.,,,,https://ridera.com.co/rutas/medellin-anori/,2026-07-22 03:21:50.692836+00,2026-07-22 03:21:50.692836+00,anori,medellin - anori
956c866c-0519-4bf0-93d5-805223421f86,medellin-mompox,Medellín – Mompox,Santa Cruz de Mompox,Bolívar,620,"10-11 horas de rodada, 2-3 días recomendado",Experta,"Pavimentada 95%, tramo El Banco–Mompox con sectores destapados",Diciembre a Marzo (temporada seca),Touring / Adventure 300cc+,"Travesía de 620 km al corazón colonial del río Magdalena. Bajas de la montaña antioqueña al calor del Magdalena Medio, cruzas la Ruta del Sol y llegas a Mompox, Patrimonio de la Humanidad. Atardeceres que incendian el río, filigrana en plata, historia de Bolívar.","Llená tanque en El Banco, no hay estaciones hasta Mompox. El tramo final puede estar destapado, evitalo si llovió. Calor intenso desde Puerto Berrío (32-38°C), hidratate cada hora. No rodar de noche por fauna y poca señalización. Tráfico pesado de camiones en la Ruta del Sol.","Llená tanque en El Banco (última estación). 150cc≈$283k, 200cc≈$331k, 300cc≈$397k, 500cc≈$496k ida. Gasolina ≈$16.000/galón.","Bioma Boutique Hotel (Tel 316-625-0669, el mejor de Mompox), Portal de la Marquesa, La Gloria Hotel, La Casa Amarilla. En Semana Santa y Festival de Jazz reservar con meses.","Pescado de río (bocachico, viudo), mote de queso, arroz de lisa, dulces de coco. Restaurantes: El Fuerte San Anselmo (ítalo-austriaco), Ambrosía (caribeña), Santa Coa, Comedor Costeño.","9.2408,-74.4272","[{'km': 42, 'gps': '6.4382,-75.3319', 'nombre': 'Barbosa'}, {'km': 97, 'gps': '6.5423,-75.0876', 'nombre': 'Cisneros'}, {'km': 192, 'gps': '6.4869,-74.4032', 'nombre': 'Puerto Berrío'}, {'km': 332, 'gps': '7.7597,-73.3986', 'nombre': 'San Alberto'}, {'km': 402, 'gps': '8.3096,-73.6224', 'nombre': 'Aguachica'}, {'km': 562, 'gps': '8.9757,-73.9764', 'nombre': 'El Banco'}, {'km': 620, 'gps': '9.2408,-74.4272', 'nombre': 'Mompox'}]",https://ridera.com.co/wp-content/uploads/2026/07/descarga-5-2.jpg,https://ridera.com.co/rutas/medellin-mompox/,2026-07-10 21:08:30.420241+00,2026-07-10 21:08:30.420241+00,santa cruz de mompox,medellin - mompox
978daf4c-ef20-42ff-bee4-273fe56aae69,medellin-envigado,Medellín – Envigado,Envigado,Antioquia,12,20-25 min,Principiante,Pavimentada en excelente estado,Todo el año,Cualquier moto 100cc+,"Envigado es el municipio más seguro y con mejor calidad de vida de Colombia según múltiples rankings. Limita con El Poblado de Medellín. Gastronomía de primer nivel, parque principal hermoso y El Salado como atractivo natural.",Ideal para hacer pausa gastronómica antes de continuar ruta al sur. El Salado tiene sendero y chorros de agua fría.,Estaciones disponibles en toda la ciudad.,Muchas opciones de airbnb y hoteles boutique en El Esmeraldal.,"Los mejores restaurantes del área metropolitana están en Envigado. Corriente, mariscos, steaks y más.",,,,https://ridera.com.co/rutas/medellin-envigado/,2026-07-22 03:23:33.284692+00,2026-07-22 03:23:33.284692+00,envigado,medellin - envigado
97eb7669-86f8-4fd1-a933-eb9c2a10488f,medellin-carolina-principe,Medellín – Carolina del Príncipe,Carolina del Príncipe,Antioquia,120,2.5-3 horas,Intermedia,Pavimentada en buen estado,Todo el año,Naked / Sport / Adventure 150cc+,"Carolina del Príncipe es un municipio colonial del Norte antioqueño con uno de los parques más bonitos de la subregión. Historia minera, arquitectura republicana y un ambiente tranquilo que contrasta con el bullicio de Santa Rosa de Osos.",Ruta muy recomendada para el Norte. Carolina tiene parque muy bonito y el ambiente colonial intacto. Combinar con Angostura o Santa Rosa haciendo loop.,Tanquear en Medellín o Santa Rosa de Osos. Estación disponible en Carolina.,Posadas disponibles en el parque principal.,"Lácteos del Norte: quesillo, yogur y kumis. Bandeja paisa norteña.",,,,https://ridera.com.co/rutas/medellin-carolina-principe/,2026-07-22 03:27:33.258249+00,2026-07-22 03:27:33.258249+00,carolina del principe,medellin - carolina del principe
9c205683-1470-4594-a92a-8de70999fb91,medellin-jardin,Medellín – Jardín,Jardín,Antioquia,138,3-3.5 horas,Intermedia,Pavimentada con curvas pronunciadas en el descenso,"Dic-Feb, Jul-Ago (temporada seca)",Naked / Adventure 150cc+,"La joya del Suroeste antioqueño. 138 km de los cuales los últimos 40 son curvas técnicas bajando entre cafetales y guaduales hasta un pueblo que parece sacado de postal. Jardín tiene teleférico, cascadas, río para nadar y café de finca en cada esquina.","El descenso desde La Pintada a Jardín es de los más técnicos de Antioquia — curvas cerradas, firme a veces mojado. No apresures ese tramo. Guardá combustible desde La Pintada. El cable aéreo al cerro cuesta ≈$15.000 y la vista vale el doble.","Llená en Medellín y recargá en La Pintada. 150cc≈$50k, 200cc≈$62k ida.","Hotel Jardín, Casa Museo La Casa del Fundador, fincas cafeteras por la vía. Reservar con semanas en temporada alta.","Trucha del río San Juan, chicharrón, buñuelos con chocolate, pan de sagú. Café de finca de origen en la plaza.","5.5988,-75.8198","[{'km': 75, 'gps': '5.8726,-75.8925', 'nombre': 'La Pintada'}, {'km': 110, 'gps': '5.6873,-75.8501', 'nombre': 'Andes'}, {'km': 138, 'gps': '5.5988,-75.8198', 'nombre': 'Jardín'}]",,https://ridera.com.co/rutas/medellin-jardin/,2026-07-14 02:55:17.859136+00,2026-07-14 02:55:17.859136+00,jardin,medellin - jardin
9d11e544-be8f-407d-8103-02e721b3e038,medellin-zaragoza-ant,Medellín – Zaragoza,Zaragoza,Antioquia,290,5.5-6 horas,Experta,Pavimentada con tramos difíciles,Dic–Mar,Adventure / Enduro 200cc+ con experiencia,Zaragoza es un municipio histórico del Bajo Cauca fundado en tiempos de la colonia por la minería de oro. Arquitectura colonial bien conservada y un calor tropical intenso. Ruta larga pero con recompensa histórica y cultural.,Ruta de día completo desde muy madrugada. Zaragoza tiene un centro histórico interesante. Calor intenso todo el año. Llevar hidratación extra.,"Tanquear en Medellín, Caucasia y verificar en Zaragoza.",Hoteles básicos disponibles. Ambiente portuario.,"Pescado del río Nechí, arroz con coco y patacones. Comida del Bajo Cauca.",,,,https://ridera.com.co/rutas/medellin-zaragoza-ant/,2026-07-22 03:27:33.258249+00,2026-07-22 03:27:33.258249+00,zaragoza,medellin - zaragoza
9ec6a442-21ab-4b76-96a9-a8b0ad09bf0c,medellin-santa-rosa-cabal-termales,Medellín – Santa Rosa de Cabal (Termales),Santa Rosa de Cabal,Risaralda,255,4-4.5 horas,Principiante,Autopista del Café pavimentada,Todo el año,Cualquier moto 125cc+,"255 km hasta los mejores termales naturales de Colombia. Santa Rosa de Cabal tiene cascadas termales de 42°C cayendo en la selva, rodeadas de helechos y neblina del Eje Cafetero. La combinación de ruta de autopista y termales en la tarde es perfecta para fin de semana largo.","Los termales están a 15 km del pueblo: Termales San Vicente o Termales Santa Rosa (dos opciones, precio ≈$70.000-$120.000). Reservar en línea especialmente en temporada. Los termales abren hasta las 10pm — podés llegar en la tarde, bañarte y dormir allí.","Estaciones en autopista. 125cc≈$83k, 200cc≈$105k ida.",Termales San Vicente (incluye alojamiento en el precio del día). Termales Santa Rosa Hotel. En el pueblo: Hotel Termales.,"Chorizos santarrosanos (famosos en todo Colombia), arepa con chorizo, bandeja paisa, chocolate con queso.","4.8700,-75.6100","[{'km': 90, 'gps': '5.8726,-75.8925', 'nombre': 'La Pintada'}, {'km': 200, 'gps': '4.8140,-75.6961', 'nombre': 'Pereira'}, {'km': 255, 'gps': '4.8700,-75.6100', 'nombre': 'Santa Rosa de Cabal'}]",,https://ridera.com.co/rutas/medellin-santa-rosa-cabal/,2026-07-14 03:01:08.106727+00,2026-07-14 03:01:08.106727+00,santa rosa de cabal,medellin - santa rosa de cabal (termales)
a0667c9e-95d4-4d23-9a6f-b3502c5ac179,medellin-bogota,Medellín – Bogotá,Bogotá,Cundinamarca,430,7-8 horas,Experta,"Autopista pavimentada, frío en Bogotá",Todo el año (frío en Bogotá 6-14°C siempre),Touring / Adventure 250cc+,"430 km de la ruta más recorrida de Colombia. Autopista Medellín-Bogotá: Puerto Berrío, Río Claro, Puerto Boyacá hasta La Dorada, luego sube a Bogotá por Honda o por la Autopista Norte. Cambio extremo de temperatura: calor de 35°C en el Magdalena Medio a 6°C en la Sabana.",No hacer en un solo día sin entrenamiento. Parar cada 2 horas. El tramo Puerto Berrío-La Dorada tiene calor extremo y fauna en la vía de noche — NO rodar oscuro. Llevar ropa de frío para Bogotá. En Bogotá hay pico y placa para motos todos los días de semana. Carretera de doble calzada en su mayoría.,"Múltiples estaciones en la ruta. 250cc≈$140k, 500cc≈$210k ida.",Muchas opciones en Bogotá. En ruta: Hotel en Honda (descanso recomendado a mitad de camino).,"Bandeja paisa en Antioquia, pescado en el Magdalena Medio, ajiaco bogotano en la capital.","4.6097,-74.0817","[{'km': 130, 'gps': '6.4869,-74.4032', 'nombre': 'Puerto Berrío'}, {'km': 162, 'gps': '5.8760,-74.7017', 'nombre': 'Puerto Triunfo'}, {'km': 250, 'gps': '5.2018,-74.7382', 'nombre': 'La Dorada'}, {'km': 300, 'gps': '5.1981,-74.7479', 'nombre': 'Honda'}, {'km': 430, 'gps': '4.6097,-74.0817', 'nombre': 'Bogotá'}]",,https://ridera.com.co/rutas/medellin-bogota/,2026-07-14 02:56:16.898774+00,2026-07-14 02:56:16.898774+00,bogota,medellin - bogota
a1962c9f-9874-45f5-9243-a38ceace48ef,medellin-bello,Medellín – Bello,Bello,Antioquia,12,20-30 min,Principiante,Pavimentada urbana,Todo el año,Cualquier moto 100cc+,"Bello es el segundo municipio más grande del Valle de Aburrá, contiguo a Medellín. Cuna de Marco Fidel Suárez, primer presidente antioqueño. El Cerro Quitasol domina el horizonte y hay senderos de montaña accesibles desde el casco urbano.",Fácil salida desde Medellín. El parque principal y el Cerro Quitasol son los puntos clave. Ideal para calibrar la moto antes de rutas largas.,Abundantes estaciones en toda la ciudad de Bello.,"No se recomienda hacer noche, es zona urbana contigua a Medellín.","Arepas de chócolo, obleas y corriente en los restaurantes del parque.",,,,https://ridera.com.co/rutas/medellin-bello/,2026-07-22 03:23:33.284692+00,2026-07-22 03:23:33.284692+00,bello,medellin - bello
a4a6e974-5d90-446e-9f2c-cc8536c44a7a,medellin-sabaneta,Medellín – Sabaneta,Sabaneta,Antioquia,16,25-30 min,Principiante,Pavimentada en excelente estado,Todo el año,Cualquier moto 100cc+,"Sabaneta es el municipio más pequeño del área metropolitana y uno de los más prósperos. Famosa por la devoción al Señor de los Milagros, el parque Mayorca y la rumba de El Palacio. Buena gastronomía y fácil acceso desde el sur de Medellín.","Punto de paso clave hacia La Pintada, el Suroeste y el Eje Cafetero. Llenar el tanque en Sabaneta antes de subir a las montañas del suroeste.",Múltiples estaciones en la vía Las Palmas y avenida El Poblado.,Varios hoteles y airbnb en la zona comercial.,"Zona de restaurantes de alta calidad. Mariscos, sushi, parrillas y corriente tradicional.",,,,https://ridera.com.co/rutas/medellin-sabaneta/,2026-07-22 03:23:33.284692+00,2026-07-22 03:23:33.284692+00,sabaneta,medellin - sabaneta
a8519f44-9ba1-4158-8d3c-198b85ba5005,medellin-valdivia,Medellín – Valdivia,Valdivia,Antioquia,145,3 horas,Intermedia,Pavimentada en buen estado,Todo el año,Naked / Sport / Adventure 150cc+,Valdivia es el punto de transición del Norte antioqueño hacia las tierras cálidas del Bajo Cauca. La temperatura sube de golpe al bajar el Alto de Ventanas. Ruta espectacular con el cañón del río Cauca abriéndose a la derecha.,"El Alto de Ventanas (km 90 desde Medellín) tiene uno de los mejores miradores de la ruta al norte. Parar obligatorio. Valdivia está a nivel de río, hace mucho calor.",Tanquear en Yarumal. En Valdivia hay estación disponible.,Hotel disponible en el parque principal.,Pescado de río y comida ribereña caliente y abundante.,,,,https://ridera.com.co/rutas/medellin-valdivia/,2026-07-22 03:25:13.326683+00,2026-07-22 03:25:13.326683+00,valdivia,medellin - valdivia
aae62460-7a3d-4c42-994e-38112d4e4d36,medellin-betulia,Medellín – Betulia,Betulia,Antioquia,90,2-2.5 horas,Intermedia,Pavimentada con tramos mixtos,Todo el año,Naked / Sport / Adventure 150cc+,"Betulia es un municipio del Suroeste antioqueño con paisajes de montaña y el cañón del río Cauca de fondo. Pueblo pequeño y tranquilo, perfecto para quien quiere el Suroeste sin tanto turismo como Jericó o Jardín.",Ruta poco transitada. Betulia tiene vista al cañón del Cauca desde varios miradores. Llevar comida ya que las opciones gastronómicas son básicas.,Tanquear en Medellín o Caldas. Verificar disponibilidad en Betulia.,Posadas básicas disponibles.,Comida campesina del Suroeste antioqueño.,,,,https://ridera.com.co/rutas/medellin-betulia/,2026-07-22 03:27:33.258249+00,2026-07-22 03:27:33.258249+00,betulia,medellin - betulia
ac867096-56a2-4c99-a98f-e01e9780e724,medellin-caramanta,Medellín – Caramanta,Caramanta,Antioquia,130,2.5-3 horas,Intermedia,Pavimentada con tramos mixtos,Todo el año,Naked / Sport / Adventure 150cc+,"Caramanta es un municipio del Suroeste antioqueño con mirador espectacular sobre el cañón del río Cauca. Pueblo pequeño, tranquilo y auténtico, casi sin turismo masivo. Para quien quiere perderse de verdad en el Suroeste.","Ruta poco transitada por turistas, ideal para quien busca autenticidad. El mirador de Caramanta es uno de los mejores del Suroeste. Llevar comida ya que los restaurantes son básicos.",Tanquear en Medellín. En La Pintada o Venecia verificar antes de subir a Caramanta.,Posadas familiares muy básicas. Llevar todo lo necesario.,Comida casera campesina. Muy auténtica y económica.,,,,https://ridera.com.co/rutas/medellin-caramanta/,2026-07-22 03:24:09.488994+00,2026-07-22 03:24:09.488994+00,caramanta,medellin - caramanta
b012ce92-f4b0-4527-969c-0a5ca5fd1326,medellin-puerto-berrio,Medellín – Puerto Berrío,Puerto Berrío,Antioquia,190,3.5-4 horas,Fácil,Pavimentada en excelente estado,Todo el año (evitar lluvias fuertes),Cualquier moto 100cc+,"Puerto Berrío es el municipio clave del Magdalena Medio antioqueño sobre el río Magdalena. Ruta de bajada espectacular desde la montaña paisa al calor ribereño. Barcos sobre el Magdalena, pescado fresco y atardeceres sobre el río grande.",Ruta pavimentada y bien señalizada. Llevar ropa ligera para el calor. Llegar antes del mediodía para aprovechar el río. La vuelta puede hacerse el mismo día.,Tanquear en Medellín. En La Dorada y Puerto Berrío hay estaciones. Fácil abastecimiento.,Hotel El Mesón del Río y varios hoteles sobre la avenida principal. Ambiente portuario.,"Bagre frito, bocachico asado y arroz con coco. Los restaurantes sobre el Magdalena son imperdibles.",,,,https://ridera.com.co/rutas/medellin-puerto-berrio/,2026-07-22 03:22:20.865109+00,2026-07-22 03:22:20.865109+00,puerto berrio,medellin - puerto berrio
b3a63dc2-3cdf-41a3-b44c-f0b384dce5a5,medellin-ituango-norte,Medellín – Ituango (Hidroituango),Ituango,Antioquia,220,4 – 5 horas,Experta,"Autopista Norte pavimentada hasta Yarumal, luego carretera departamental sinuosa y exigente.",Temporada seca obligatorio. Zona de neblina y deslizamientos en invierno.,Moto de mediano/alto cilindraje. Trail o adventure recomendada.,"Ituango es el municipio donde está la central hidroeléctrica Hidroituango, la más grande de Colombia. Ruta épica por el Norte profundo antioqueño. Paisajes de montaña salvajes. Ruta para moteros experimentados.",Subir hasta Yarumal y continuar hacia el Norte por Valdivia e Ituango. La vía es exigente con curvas cerradas. Llevar combustible extra. No salir después de las 2pm. Recomendado en grupo de mínimo dos motos.,"Llenar tanque en Medellín, Yarumal y Valdivia. En Ituango hay estación.",Hoteles básicos en Ituango. Mejor planear regreso el mismo día si la moto es potente.,"Sancocho, frijoles, mazamorra, carne asada.","7.1667,-75.7667","[{'lat': 7.001, 'lon': -75.529, 'nombre': 'Yarumal (gasolina y descanso)'}, {'lat': 7.189, 'lon': -75.434, 'nombre': 'Valdivia (gasolina)'}]",,https://ridera.com.co/rutas/medellin-ituango-norte/,2026-07-22 03:17:08.201261+00,2026-07-22 03:17:08.201261+00,ituango,medellin - ituango (hidroituango)
b63cfb72-d3a1-4e4b-8ad9-e57a209934b7,medellin-manizales,Medellín – Manizales,Manizales,Caldas,200,3.5-4 horas,Intermedia,"Autopista pavimentada, curvas en la subida","Dic-Feb, Jun-Ago",Naked / Touring 200cc+,"200 km hasta la ciudad universitaria del Eje Cafetero. La autopista del Café conecta Medellín con el corazón cafetero. Manizales tiene el Cable Aéreo, el Nevado del Ruiz a 60 km, la mejor arquitectura republicana y el festival de jazz más antiguo de Colombia.","La subida a Manizales desde La Felisa tiene curvas técnicas con vista al Cañón del Cauca. Nevado del Ruiz a 5.321m: llevá capas, guantes térmicos y revisá el estado del parque (actividad volcánica activa). En Manizales hace frío: 14-18°C.","Estaciones en autopista. 200cc≈$65k, 300cc≈$85k ida.","Hotel Termales del Ruiz, Hotel Estelar Milla de Oro, Nevado Hostel. Muchas opciones en el centro.","Bandeja paisa, sancocho de pata, buñuelos con chocolate, tamales caldenses, café de finca de origen.","5.0703,-75.5140","[{'km': 90, 'gps': '5.8726,-75.8925', 'nombre': 'La Pintada'}, {'km': 145, 'gps': '5.5032,-75.6769', 'nombre': 'La Felisa'}, {'km': 200, 'gps': '5.0703,-75.5140', 'nombre': 'Manizales'}]",,https://ridera.com.co/rutas/medellin-manizales/,2026-07-14 02:58:56.954987+00,2026-07-14 02:58:56.954987+00,manizales,medellin - manizales
b9e5ba60-21cd-4737-9f39-8bf1d36c2a02,medellin-sabanalarga,Medellín – Sabanalarga,Sabanalarga,Antioquia,120,2.5-3 horas,Intermedia,Mixta con tramos destapados,"Dic–Mar, Jul–Ago",Naked / Sport / Adventure 150cc+,Sabanalarga es un municipio del Occidente antioqueño sobre el embalse de Hidroituango en construcción. La zona ha cambiado significativamente con el proyecto hidroeléctrico. Paisajes de cañón y río transformados por la obra.,"Verificar estado de vías antes de salir, la zona tiene cambios frecuentes por las obras de Hidroituango. Llevar herramienta para motos en tramos destapados.",Tanquear en Santa Fe de Antioquia. Verificar disponibilidad en Sabanalarga.,Posadas básicas disponibles.,Comida campesina tradicional del Occidente.,,,,https://ridera.com.co/rutas/medellin-sabanalarga/,2026-07-22 03:26:49.272997+00,2026-07-22 03:26:49.272997+00,sabanalarga,medellin - sabanalarga
bb9088eb-3de8-4375-9be9-2d34864bacf9,medellin-valparaiso,Medellín – Valparaíso,Valparaíso,Antioquia,145,3-3.5 horas,Intermedia,Pavimentada en buen estado,Todo el año,Naked / Sport / Adventure 150cc+,"Valparaíso es un municipio del Suroeste con fincas cafeteras y paisajes de montaña verde. Cercano a Jericó y Ciudad Bolívar, forma parte del triángulo cafetero suroestino. Ambiente rural tranquilo y gente muy hospitalaria.",Se puede combinar con visita a Jericó o Ciudad Bolívar haciendo loop corto de un día. Excelente para quienes aman el café y las fincas.,Tanquear en Medellín y en Ciudad Bolívar o Jericó según la ruta.,Posadas cafeteras disponibles. Experiencias de café en algunas fincas.,"Café de origen, trucha, bandeja paisa y arepas de maíz pelado.",,,,https://ridera.com.co/rutas/medellin-valparaiso/,2026-07-22 03:24:09.488994+00,2026-07-22 03:24:09.488994+00,valparaiso,medellin - valparaiso
bd135522-520e-424f-8572-e74489c5aecf,medellin-yolombo,Medellín – Yolombó,Yolombó,Antioquia,155,3-3.5 horas,Fácil,Pavimentada en buen estado,Todo el año,Cualquier moto 100cc+,"Yolombó conserva su centro histórico colonial intacto y es la puerta de entrada al Nordeste antioqueño. Pueblo tranquilo, gente amable e iglesia patrimonial. Ideal para primer viaje al Nordeste.",Ruta completamente pavimentada y accesible para todos los niveles. Yolombó tiene todo lo necesario. Perfecto para día o fin de semana.,Tanquear en Medellín. En Donmatías y Yolombó hay estaciones.,Varios hoteles en el parque principal. Precios muy accesibles.,Hornado y chicharrón en el mercado local. La limonada de panela es infaltable.,,,,https://ridera.com.co/rutas/medellin-yolombo/,2026-07-22 03:21:50.692836+00,2026-07-22 03:21:50.692836+00,yolombo,medellin - yolombo
bd7a4fd7-389a-4715-8e38-0f62fe6c93c8,medellin-villa-de-leyva,Ruta en Moto Medellín – Villa de Leyva,Villa de Leyva,Boyacá,410,8h 30min – 9h,Experta,"Pavimentada en su mayoría, tramo angosto de un carril entre Cimitarra y Landázuri con obras",Diciembre a marzo (temporada seca); evitar abril-mayo y octubre-noviembre por derrumbes,"Touring, adventure o naked de 250cc en adelante con buen frenado","Sales del calor del Magdalena Medio, subes la cordillera por Santander con curvas cerradas y poco tráfico, y terminas en un pueblo detenido en el siglo XVI: calles empedradas, casas blancas y la plaza más grande de Colombia. 410 km de contrastes de clima y paisaje.","Tramo Cimitarra-Landázuri de un solo carril con curvas ciegas: reduce velocidad y usa luces. Cambio brusco de clima: de 30°C a menos de 15°C en pocas horas, lleva capas y cortavientos. Cobertura celular intermitente en montaña: descarga mapas offline. Calles de Villa de Leyva son empedradas, maneja despacio especialmente si llovió.","Buena cobertura en Medellín, Barbosa, Puerto Berrío, Cimitarra y Chiquinquirá. Escasa entre Cimitarra y Landázuri: llena tanque en Cimitarra antes del tramo de montaña.","Hotel Plaza Mayor (frente a la plaza), Hotel Casa Terra (boutique, 350m de la plaza), Casa Provenzal (B&B colonial), Hotel Campanario de la Villa (familiar, admite mascotas), Hospedería Duruelo (gama alta, antiguo convento), Renacer Hostal (económico). Alternativa: pernoctar en Puerto Berrío o Cimitarra para partir el viaje.","Puerto Berrío: pescado de río (bocachico, capaz) frito o en sancocho. Vélez: bocadillo veleño (dulce de guayaba). Villa de Leyva: changua, cocido boyacense, cordero al horno, cochinillo, piquete y queso paipa. Oferta gastronómica concentrada alrededor de la Plaza Mayor.","{""lat"": 5.6333, ""lng"": -73.5250}","[{'lat': 6.4881, 'lng': -74.4041, 'nombre': 'Puerto Berrío'}, {'lat': 6.3167, 'lng': -73.95, 'nombre': 'Cimitarra'}, {'lat': 6.2189, 'lng': -73.81, 'nombre': 'Landázuri'}, {'lat': 6.01, 'lng': -73.67, 'nombre': 'Vélez'}, {'lat': 5.6197, 'lng': -73.8189, 'nombre': 'Chiquinquirá'}]",https://ridera.com.co/wp-content/uploads/2026/07/villa-de-leyva-hero.jpg,https://ridera.com.co/ruta-medellin-villa-de-leyva/,2026-07-10 21:54:54.442013+00,2026-07-10 21:54:54.442013+00,villa de leyva,ruta en moto medellin - villa de leyva
bfd9eeca-2e7a-4b3f-96ef-041f0502801b,medellin-abejorral,Medellín – Abejorral,Abejorral,Antioquia,135,2.5-3 horas,Intermedia,Pavimentada en buen estado,Todo el año,Naked / Sport / Adventure 150cc+,"Abejorral es el municipio del Oriente antioqueño en el límite con Caldas. Tierra de páramos, lagunas y arquitectura republicana. Aquí nació el escritor Tomás Carrasquilla. El paisaje entre Sonsón y Abejorral por el Páramo de Sonsón es espectacular.",Llevar ropa de abrigo para el páramo. La temperatura puede bajar a 8°C. Ruta muy bonita que se puede combinar con Sonsón haciendo loop.,Tanquear en Medellín. Hay estación en Sonsón y en Abejorral.,Posadas y hospedajes en el parque principal.,"Changua, caldo de papas y cocido de frijoles. Comida de páramo, contundente y caliente.",,,,https://ridera.com.co/rutas/medellin-abejorral/,2026-07-22 03:24:46.238304+00,2026-07-22 03:24:46.238304+00,abejorral,medellin - abejorral
c0eb8a67-91a4-48f0-a881-a13ecd79f409,medellin-cartagena,Medellín – Cartagena,Cartagena,Bolívar,650,10-12 horas,Experta,"Autopista pavimentada, tramos calurosos",Dic-Mar (temporada seca caribe),Touring / Adventure 300cc+,"650 km hasta la ciudad amurallada del Caribe. Una de las travesías más épicas de Colombia: bajas del frío antioqueño, cruzás el Magdalena Medio, subís al Sinú y llegás al calor del Caribe. El centro histórico de Cartagena Patrimonio de la Humanidad te paga el esfuerzo.",Ruta de mínimo 2 días. Parada recomendada en Montería o Caucasia. Calor extremo desde Caucasia (38-42°C). Hidratación crítica cada hora. No rodar de noche por fauna y ganado en la vía. La entrada a Cartagena tiene tráfico pesado — llegá antes de las 10am. La moto necesita revisión mecánica completa antes.,"Múltiples estaciones. 300cc≈$210k, 500cc≈$310k ida.","En Montería: Hotel Sinu, Hotel Don Blas. En Cartagena: Casa Villa Colonial, Hotel Monterrey, Sofitel Santa Clara (premium).","Pescado caribeño, arroz con coco y patacones, ceviche, raspados de frutas, coctel de camarones en el Portal de los Dulces.","10.3910,-75.4794","[{'km': 200, 'gps': '7.8939,-75.8094', 'nombre': 'Caucasia'}, {'km': 300, 'gps': '8.7574,-75.8912', 'nombre': 'Montería'}, {'km': 500, 'gps': '9.3050,-75.3910', 'nombre': 'Lorica'}, {'km': 650, 'gps': '10.3910,-75.4794', 'nombre': 'Cartagena'}]",,https://ridera.com.co/rutas/medellin-cartagena/,2026-07-14 02:56:16.898774+00,2026-07-14 02:56:16.898774+00,cartagena,medellin - cartagena
c1148ff1-b500-40fc-92b6-5e9bd10d7954,medellin-san-gil,Medellín – San Gil,San Gil,Santander,390,7-8 horas,Experta,Autopista y carretera con curvas,"Dic-Feb, Jun-Ago",Touring / Adventure 250cc+,"390 km hasta la capital de los deportes extremos de Colombia. Rafting en el Río Fonce, rappel, parapente, espeleología. Barichara a 22 km es el pueblo más bonito de Colombia. La ruta pasa por el Magdalena Medio caliente y sube a los cañones fríos de Santander.",Ruta de 2 días ideal. Dormir en Bucaramanga o Honda. El cañón entre Barichara y Guane (camino de piedra) no es para motos pero vale la pena caminarlo. En San Gil reservar agencias de rafting con anticipación. El tramo Bucaramanga-San Gil tiene curvas técnicas en la bajada.,"Múltiples estaciones. 250cc≈$130k, 400cc≈$185k ida.","Macondo Hostel San Gil, Hotel La Posada, Sam Vicky. En Barichara: Color de Hormiga, Casa Hacienda.","Cabro en pepitoria, mute santandereano, hormigas culonas (en serio), arepa santandereana, chicha de maíz.","6.5565,-73.1361","[{'km': 160, 'gps': '5.2018,-74.7382', 'nombre': 'La Dorada'}, {'km': 270, 'gps': '6.5524,-73.5036', 'nombre': 'Bucaramanga'}, {'km': 368, 'gps': '6.6400,-73.0670', 'nombre': 'Barichara'}, {'km': 390, 'gps': '6.5565,-73.1361', 'nombre': 'San Gil'}]",,https://ridera.com.co/rutas/medellin-san-gil/,2026-07-14 02:56:16.898774+00,2026-07-14 02:56:16.898774+00,san gil,medellin - san gil
c115fe6b-1692-42b6-8d4c-c5d4da3ac4dd,medellin-andes,Medellín – Andes,Andes,Antioquia,180,3.5-4 horas,Intermedia,Pavimentada en buen estado,Todo el año,Naked / Sport / Adventure 150cc+,Andes es conocido como la capital mundial del café especial de Antioquia. Municipio de montaña en el corazón del Suroeste con fincas cafeteras de clase mundial y una cultura del café que se respira en cada esquina. Premio al mejor café de Colombia varias veces.,Ruta de día completo o hacer noche. Visitar alguna finca cafetera es obligatorio. Temporada de cosecha (oct–dic) es la más especial para visitar.,Tanquear en Medellín. Hay estaciones en Ciudad Bolívar y en Andes.,Hotel Andes Plaza y varias opciones en el parque. Fincas cafeteras con hospedaje disponibles.,"Café especial preparado al momento, trucha, bandeja y el famoso pan de Andes hecho en horno de leña.",,,,https://ridera.com.co/rutas/medellin-andes/,2026-07-22 03:24:09.488994+00,2026-07-22 03:24:09.488994+00,andes,medellin - andes
c3c7fcd7-22e2-41be-93ae-52ad55f2464b,medellin-san-luis-ant,Medellín – San Luis (Antioquia),San Luis,Antioquia,115,2-2.5 horas,Intermedia,Pavimentada con curvas técnicas,Todo el año,Naked / Sport / Adventure 150cc+,"San Luis es el municipio del cañón más técnico del Oriente antioqueño sobre el río Samaná. Paisajes de selva subandina, cascadas y comunidades que resisten con dignidad. La ruta desde El Carmen de Viboral es una de las mejores del Oriente.",Ruta de curvas muy técnicas y disfrutable. El cañón del Samaná impresiona. Municipio pequeño con carácter propio.,Tanquear en El Carmen de Viboral. Estación disponible en San Luis.,Posadas sencillas disponibles. Ambiente tranquilo.,Pescado de río y comida campesina antioqueña. Muy económico.,,,,https://ridera.com.co/rutas/medellin-san-luis-ant/,2026-07-22 03:26:14.283625+00,2026-07-22 03:26:14.283625+00,san luis,medellin - san luis (antioquia)
c3fda001-1890-4edc-be83-2f58288c4b5d,loop-nordeste-colonial,Loop Nordeste Colonial (2 días),Medellín (regreso),Antioquia,430,2 días,Intermedia,Mixta,"Dic–Mar, Jul–Ago",Naked / Sport / Adventure 150cc+,"Loop de dos días por lo mejor del Nordeste antioqueño. Día 1: Medellín – Donmatías – Yolombó – Amalfi (dormir en Amalfi). Día 2: Amalfi – Segovia – regreso por Caucasia o vuelta por la misma ruta. Historia, minería y paisajes monumentales.","Planear hospedaje en Amalfi con anticipación especialmente en temporada alta. Llevar efectivo, los cajeros son escasos. Revisar condición de vía Amalfi–Segovia antes de salir.","Salir con tanque lleno. Tanquear en Donmatías, Amalfi y Segovia. Llevar bidón de 2L como reserva.",Noche en Amalfi: Hotel Amalfi o Casa de Huéspedes La Montaña.,"Día 1: almuerzo en Donmatías, cena en Amalfi. Día 2: desayuno en Amalfi, almuerzo en Segovia.",,,,https://ridera.com.co/rutas/loop-nordeste-colonial/,2026-07-22 03:21:50.692836+00,2026-07-22 03:21:50.692836+00,medellin (regreso),loop nordeste colonial (2 dias)
c8775d9b-f40b-40f2-8210-e2be6cf2088c,medellin-heliconia,Medellín – Heliconia,Heliconia,Antioquia,68,1.5 – 2 horas,Intermedia,"Carretera departamental pavimentada, curvas técnicas en la bajada al Occidente.",Todo el año. Mejor temporada seca (enero-febrero y julio-agosto).,Cualquier moto. Enduro o trail ideal para aprovechar el paisaje.,Heliconia es uno de los municipios más bonitos del Occidente antioqueño. Bajada espectacular desde la cordillera con vistas al cañón del Cauca. Pueblo tranquilo de clima templado con arquitectura colonial y cultivos de café. Excelente parada en ruta hacia Santa Fe de Antioquia.,Salir por la autopista al Mar hasta San Jerónimo y desviar hacia Heliconia. También por la vía vieja al Occidente por Ebéjico. Llevar combustible desde Medellín. El descenso tiene curvas pronunciadas.,En Medellín o en San Jerónimo. En Heliconia hay una gasolinera pequeña.,"Hotel Heliconia, casas campestres. Se recomienda reservar fin de semana.","Café, frijoles, mazamorra, chicharrón, aguacate, mango tommy.","6.1500,-75.7667","[{'lat': 6.203, 'lon': -75.733, 'nombre': 'San Jerónimo (desvío)'}, {'lat': 6.165, 'lon': -75.762, 'nombre': 'Mirador descenso a Heliconia'}]",,https://ridera.com.co/rutas/medellin-heliconia/,2026-07-22 03:16:31.82308+00,2026-07-22 03:16:31.82308+00,heliconia,medellin - heliconia
cab527a5-472b-41b5-b233-d94872590da0,bogota-boyaca-loop,Bogotá – Loop Boyacá (Tunja – Paipa – Duitama – Sogamoso),Sogamoso,Boyacá,310,2 días,Principiante,Autopista y carreteras departamentales,Todo el año (frío 8-16°C siempre),Cualquier moto 125cc+,"El loop boyacense completo: Tunja (Patrimonio Histórico) - Paipa (termales y el lago) - Duitama (puerta de Boyacá) - Sogamoso (Ciudad del Sol) - Lago de Tota (el lago más alto de Colombia a 3.015m). 310 km de altiplano frío, iglesias coloniales y paisaje de páramo.",Frío permanente: guantes térmicos y ropa de capas obligatorios. El Lago de Tota (entre Sogamoso y Aquitania) es el más alto de Colombia y merece 2 horas. Los termales de Paipa (Hotel Sochagota) son perfectos para el descanso. Las carreteras boyacenses tienen muchos policías de tránsito.,Estaciones en cada municipio. 125cc≈$100k todo el loop.,En Paipa: Hotel Sochagota (con termales). En Tunja: Hotel Hunza. En Sogamoso: Hotel Suamox.,"Cocido boyacense, longaniza, fritanga, piquete boyacense, almojábanas, pandeyuca, chicha de maíz, masato.","5.7163,-72.9278","[{'km': 130, 'gps': '5.5353,-73.3678', 'nombre': 'Tunja'}, {'km': 185, 'gps': '5.7757,-73.1178', 'nombre': 'Paipa'}, {'km': 230, 'gps': '5.8220,-73.0148', 'nombre': 'Duitama'}, {'km': 310, 'gps': '5.7163,-72.9278', 'nombre': 'Sogamoso'}]",,https://ridera.com.co/rutas/bogota-boyaca-loop/,2026-07-14 03:01:08.106727+00,2026-07-14 03:01:08.106727+00,sogamoso,bogota - loop boyaca (tunja - paipa - duitama - sogamoso)
cb6ccac6-0166-4566-be50-fa5cd3ad7eaa,medellin-jerico,Medellín – Jericó,Jericó,Antioquia,132,3 horas,Intermedia,"Pavimentada, últimos 20 km de subida técnica","Dic-Feb, Jul-Ago",Adventure / Naked 150cc+,"132 km al pueblo de la beata Laura Montoya y el mirador de los Farallones de Citará. Suroeste profundo, cafetales en las laderas, caminos entre guaduales. La subida al pueblo tiene curvas que hacen sudar pero la vista desde el parque principal te lo cobra todo.",La vía Fredonia-Jericó es de las más bonitas del Suroeste. Llegá antes de las 10am para ver el valle entre nubes. Hay teleférico al mirador de los Farallones. El parque principal es el punto de encuentro de moteros los domingos.,"Llená en Medellín y recargá en La Pintada o Fredonia. 150cc≈$48k, 200cc≈$60k ida.","Hotel Santa Teresa, Posada El Balcón, Hostal del Parque. Pueblo pequeño, opciones limitadas.","Sancocho de gallina, frijoles, pan de queso, chocolate con queso. Café de finca en varias casas del parque.","5.7891,-75.7820","[{'km': 75, 'gps': '5.8726,-75.8925', 'nombre': 'La Pintada'}, {'km': 105, 'gps': '5.9175,-75.6934', 'nombre': 'Fredonia'}, {'km': 132, 'gps': '5.7891,-75.7820', 'nombre': 'Jericó'}]",,https://ridera.com.co/rutas/medellin-jerico/,2026-07-14 02:55:17.859136+00,2026-07-14 02:55:17.859136+00,jerico,medellin - jerico
cd865097-2a1e-4122-ba28-3626607de618,medellin-fredonia,Medellín – Fredonia,Fredonia,Antioquia,90,2-2.5 horas,Intermedia,Pavimentada con curvas técnicas,Todo el año,Naked / Sport / Adventure 150cc+,"Fredonia es el municipio cafetero del Suroeste antioqueño, rodeado de guaduales y plantaciones de café. Pueblo patrimonial con parque declarado bien de interés cultural. La ruta baja desde Caldas con curvas que se comen los kilómetros sin que te des cuenta.","Ruta muy recomendada. Las curvas bajando desde Caldas son técnicas pero muy disfrutable. Fredonia es tranquilo, llegar antes del mediodía para almorzar bien.",Tanquear en Medellín o Caldas. En Fredonia hay estación disponible.,Hotel Fredonia y posadas en el parque principal.,Bandeja paisa clásica y trucha de los ríos locales. El café de Fredonia es de los mejores de Antioquia.,,,,https://ridera.com.co/rutas/medellin-fredonia/,2026-07-22 03:24:09.488994+00,2026-07-22 03:24:09.488994+00,fredonia,medellin - fredonia
ceeac7cf-3e65-44e0-a352-56c76d4115b2,medellin-chigorodo,Medellín – Chigorodó,Chigorodó,Antioquia,340,5-6 horas,Intermedia,Pavimentada en buen estado,Dic–Mar,Naked / Sport / Adventure 150cc+,Chigorodó es un municipio vibrante de Urabá a pocas horas de Apartadó. Zona bananera con cultura afro e indígena fuerte. Ruta por la troncal del Caribe con paisajes de selva tropical húmeda únicos.,Mismas recomendaciones que para Apartadó. Chigorodó puede ser punto de paso hacia Necoclí y el mar. Llevar impermeable.,"Tanquear en Medellín, Dabeiba y Chigorodó. Fácil abastecimiento en toda la zona de Urabá.",Hostales y hoteles disponibles en el centro.,"Mariscos, arroz con coco, patacón con hogao y ceviches de río.",,,,https://ridera.com.co/rutas/medellin-chigorodo/,2026-07-22 03:22:54.209768+00,2026-07-22 03:22:54.209768+00,chigorodo,medellin - chigorodo
d17d301f-951b-4165-8751-77765178be73,cali-popayan-cauca,Cali – Popayán (Cauca),Popayán,Cauca,140,2.5-3 horas,Principiante,Autopista pavimentada,"Dic-Feb, Jun-Ago",Cualquier moto 125cc+,"140 km hasta la Ciudad Blanca de Colombia. Popayán es Patrimonio Histórico con su arquitectura colonial completamente pintada de blanco. Base perfecta para subir al Parque Nacional Puracé (volcán activo a 4.700m), visitar Silvia (mercado indígena Guambiano) o bajar a San Agustín.",La Autopista Cali-Popayán es cómoda y segura. Popayán tiene 18°C todo el año. La Semana Santa de Popayán es Patrimonio de la Humanidad (reservar con meses). Desde Popayán a Puracé son 25 km de subida: llevá ropa de frío real. El volcán Puracé puede estar restringido por actividad.,"Estaciones en autopista. 125cc≈$46k, 200cc≈$58k ida.","Hotel La Plazuela, Dann Monasterio (en convento colonial), Casa Familiar.","Pipián con papa, champús (bebida de maíz con frutas), empanadas de pipián, ulluco con carne.","2.4448,-76.6147","[{'km': 70, 'gps': '3.2170,-76.2967', 'nombre': 'Jamundí'}, {'km': 140, 'gps': '2.4448,-76.6147', 'nombre': 'Popayán'}]",,https://ridera.com.co/rutas/cali-popayan/,2026-07-14 03:00:12.682421+00,2026-07-14 03:00:12.682421+00,popayan,cali - popayan (cauca)
d4a819f5-8e03-4c7b-97aa-dc42b3277ec9,medellin-barbosa-norte,Medellín – Barbosa,Barbosa,Antioquia,40,45-55 min,Principiante,Pavimentada en buen estado,Todo el año,Cualquier moto 100cc+,Barbosa es el último municipio del Valle de Aburrá al norte y el punto de bifurcación hacia el Nordeste y el Norte antioqueño. Tiene el famoso Peñol de Barbosa (Piedra del Peñol local) y mercado campesino animado los fines de semana.,Parada obligatoria para tanquear antes de subir al Norte o al Nordeste. El desvío para el Nordeste sale de Barbosa hacia Don Matías. Para el Norte seguir recto por la autopista.,Múltiples estaciones en Barbosa. Tanquear aquí siempre antes de continuar.,Varios hospedajes disponibles. Barbosa tiene de todo.,"Sancocho de gallina, mazamorra y chicharrón. El mercado campesino tiene variedad.",,,,https://ridera.com.co/rutas/medellin-barbosa-norte/,2026-07-22 03:26:14.283625+00,2026-07-22 03:26:14.283625+00,barbosa,medellin - barbosa
d5669720-c343-473e-9418-e665f895bbca,medellin-turbo-uraba,Medellín – Turbo (Urabá),Turbo,Antioquia,350,5.5-6.5 horas,Experta,Pavimentada con tramos en mal estado,Dic-Mar (temporada seca),Adventure / Touring 250cc+,"350 km hasta el Golfo de Urabá y la puerta al Darién. Bajás de la montaña antioqueña al Bajo Cauca, cruzás el ganadero Urabá bananero y llegás al Caribe colombiano con aguas verdes. Desde Turbo hay lanchas a Capurganá y Sapzurro, los pueblos más remotos y más bonitos del Caribe.","La vía tiene tramos de baches especialmente después de Mutatá. Calor extremo desde Dabeiba (35-40°C). No rodar de noche por razones de seguridad en el tramo Mutatá-Turbo. Desde Turbo a Capurganá: lancha 2 horas (≈$70.000), la moto la dejás parqueada en Turbo.","Llená en Medellín y en Dabeiba. 250cc≈$115k, 400cc≈$155k ida.","En Turbo: Hotel Mar Azul, posadas. En Capurganá: Posada del Gecko, Almar.","Langosta, caracol, cazuela de mariscos, arroz con coco, pescado caribeño, patacón.","8.0978,-76.7279","[{'km': 90, 'gps': '6.9997,-76.0022', 'nombre': 'Dabeiba'}, {'km': 200, 'gps': '7.2455,-76.4362', 'nombre': 'Mutatá'}, {'km': 280, 'gps': '7.6457,-76.6600', 'nombre': 'Apartadó'}, {'km': 350, 'gps': '8.0978,-76.7279', 'nombre': 'Turbo'}]",,https://ridera.com.co/rutas/medellin-turbo/,2026-07-14 02:58:56.954987+00,2026-07-14 02:58:56.954987+00,turbo,medellin - turbo (uraba)
d5fa093d-5bd8-46b7-b193-d74486e690b8,medellin-cisneros-tuneles,Medellín – Cisneros (Túneles Históricos),Cisneros,Antioquia,92,1.5-2 horas,Principiante,"Pavimentada, autopista",Todo el año,Cualquier moto 125cc+,"92 km al Norte-Oriente antioqueño hasta Cisneros, el pueblo que nació del ferrocarril. Los antiguos túneles del tren son ahora una atracción turística única: 5 km de túneles ferroviarios convertidos en paseo a pie con iluminación LED. Historia viva del desarrollo de Antioquia.","Los Túneles de Occidente (túneles del tren) están a 2 km del pueblo, entrada ≈$15.000. Combiná con visita a la represa Porce II (previa cita con EPM). Pueblo pequeño pero tranquilo, buena gastronomía de finca.","Estaciones en Autopista Norte. 125cc≈$30k, 200cc≈$37k ida.","Hotel El Ferroviario, posadas locales, fincas cercanas.","Trucha, bandeja paisa, mazamorra, aguacate de la región.","6.5383,-75.0875","[{'km': 50, 'gps': '6.3194,-75.1381', 'nombre': 'Guarne'}, {'km': 92, 'gps': '6.5383,-75.0875', 'nombre': 'Cisneros'}]",,https://ridera.com.co/rutas/medellin-cisneros/,2026-07-14 02:57:00.969793+00,2026-07-14 02:57:00.969793+00,cisneros,medellin - cisneros (tuneles historicos)
d92123c2-6241-4416-9f57-8e673c7b7feb,medellin-marinilla,Medellín – Marinilla,Marinilla,Antioquia,50,55 min-1.2 horas,Principiante,Pavimentada en excelente estado,Todo el año,Cualquier moto 100cc+,Marinilla es la capital religiosa del Oriente antioqueño con su famosa Basílica Menor y el Santuario del Señor de los Milagros. Mercado campesino los sábados con productos del Oriente. Pueblo colonial activo y bien conservado.,El mercado de Marinilla los sábados es una experiencia única. La basílica es impresionante. Buen punto de abastecimiento antes del Oriente profundo.,Estaciones disponibles en Marinilla.,Varios hospedajes disponibles en el parque y alrededores.,"Fríjoles, tamales y obleas. El mercado campesino tiene lo mejor del Oriente antioqueño.",,,,https://ridera.com.co/rutas/medellin-marinilla/,2026-07-22 03:26:49.272997+00,2026-07-22 03:26:49.272997+00,marinilla,medellin - marinilla
da910298-9b28-468d-b022-cecf10c77feb,medellin-la-ceja,Medellín – La Ceja,La Ceja,Antioquia,45,50 min-1.2 horas,Principiante,Pavimentada en excelente estado,Todo el año,Cualquier moto 100cc+,"La Ceja es conocida como la ciudad de las flores del Oriente antioqueño. Clima frío y flores en todos los jardines. Municipio próspero, organizado y con buena gastronomía. A pocos kilómetros del aeropuerto de Rionegro.","Muy conveniente si se llega o sale en avión. Explorar el parque central y las fincas de flores alrededor. Clima frío, llevar abrigo.",Estaciones disponibles en toda La Ceja.,Múltiples hoteles y hostales. Buena oferta para todos los presupuestos.,"Trucha, sancocho frío y arepas de El Oriente. La gastronomía de La Ceja es conocida en toda la región.",,,,https://ridera.com.co/rutas/medellin-la-ceja/,2026-07-22 03:26:14.283625+00,2026-07-22 03:26:14.283625+00,la ceja,medellin - la ceja
dc04cc66-712e-4379-81a9-96f016603145,medellin-ebejico,Medellín – Ebéjico (Reserva Natural),Ebéjico,Antioquia,78,2 horas,Intermedia,Carretera departamental pavimentada con curvas pronunciadas.,Todo el año. Mejor temporada seca.,Cualquier moto. Trail ideal.,"Ebéjico es uno de los municipios más tranquilos del Occidente. Zona de transición entre el Valle de Aburrá y el Occidente. Tiene una reserva natural importante. Clima templado y paisajes montañosos. Ruta poco transitada, ideal para quien busca tranquilidad.",Salida por la vía vieja al Occidente desde Medellín. Ruta alternativa sin pasar por el Túnel de Occidente. Paisajes rurales hermosos. El pueblo tiene parque colonial.,En Medellín antes de salir. Hay gasolinera en el municipio.,Posadas locales.,"Café, frijoles, aguacate, mango, sancocho de gallina.","6.3000,-75.7667","[{'lat': 6.31, 'lon': -75.7, 'nombre': 'Vía vieja al Occidente'}]",,https://ridera.com.co/rutas/medellin-ebejico/,2026-07-22 03:16:31.82308+00,2026-07-22 03:16:31.82308+00,ebejico,medellin - ebejico (reserva natural)
e1084d45-386d-4d82-8e01-69bbe616e9a6,medellin-quibdo-choco,Medellín – Quibdó (El Chocó),Quibdó,Chocó,280,5-6 horas,Experta,Vía mixta: pavimento y destapado según temporada,"Jul-Ago (menos lluvias, único mes seco)",Adventure / Enduro 250cc+,"280 km de selva, ríos y lluvia hasta la capital del departamento más biodiverso del mundo. La vía a Quibdó es una de las más exigentes de Colombia: niebla, lluvia casi permanente, derrumbes frecuentes y trechos destapados. La recompensa es paisaje de selva húmeda tropical que no existe en otro lado.",Revisar estado de la vía ANTES de salir (cierre frecuente por derrumbes). Llevar impermeables para moto y cuerpo. Sin OPENAI_KEY no es recomendable ir solo: ir en grupo mínimo de 2. La mayoría del año llueve 10-12 meses — julio-agosto es la única ventana. Llevar repuesto de cadena y aceite extra.,Pocas estaciones después de Bolombolo. Llevar combustible extra. 250cc≈$90k ida.,"Hotel Citará Quibdó, Las Américas, casas de familia. Opciones limitadas, reservar.","Encocado de pescado, arroz con coco, tapao de pescado, borojó (fruta chocoana), jugo de chontaduro.","5.6919,-76.6583","[{'km': 80, 'gps': '5.9851,-75.9736', 'nombre': 'Bolombolo'}, {'km': 155, 'gps': '6.1901,-76.2769', 'nombre': 'Quibdó-Puente Carretera'}]",,https://ridera.com.co/rutas/medellin-quibdo/,2026-07-14 02:58:56.954987+00,2026-07-14 02:58:56.954987+00,quibdo,medellin - quibdo (el choco)
e36993ed-e269-428c-a274-f9c468ef5550,medellin-la-union-ant,Medellín – La Unión (Antioquia),La Unión,Antioquia,115,2-2.5 horas,Intermedia,Pavimentada en buen estado,Todo el año,Naked / Sport / Adventure 150cc+,"La Unión es un municipio agrícola del Oriente antioqueño conocido por la producción de frijol, el más sabroso de Colombia según los antioqueños. Paisajes de montaña verde y buena gastronomía campesina.",Ideal para pasar de camino a Sonsón o Nariño. La feria del frijol en octubre es un evento único.,Tanquear en Medellín. Estación disponible en La Unión.,Hospedajes sencillos y cómodos en el parque principal.,Frijoles de La Unión son legendarios. Bandeja paisa de finca con todo incluido.,,,,https://ridera.com.co/rutas/medellin-la-union-ant/,2026-07-22 03:24:46.238304+00,2026-07-22 03:24:46.238304+00,la union,medellin - la union (antioquia)
ecdb081e-f92e-41a9-aa7c-8117e276b763,medellin-taraza,Medellín – Tarazá,Tarazá,Antioquia,295,5.5-6 horas,Intermedia,Pavimentada con sectores en reparación,Dic–Mar,Naked / Sport / Adventure 150cc+,"Tarazá es la puerta del Bajo Cauca antioqueño. Ruta larga desde Medellín bajando a las tierras cálidas del Cauca. Río Cauca, ciénaga y un calor que te abraza desde que bajas la montaña.",Ruta de día completo o hacer noche en Caucasia. Llevar hidratación extra. Calor intenso desde Valdivia hacia abajo. Verificar estado de vía antes de salir.,Tanquear en Medellín y en Caucasia. Hay estaciones en Tarazá.,Hotel Real y varios hospedajes en el parque principal.,Pescado de río y arroz con coco. La mojarra frita del Cauca es la especialidad.,,,,https://ridera.com.co/rutas/medellin-taraza/,2026-07-22 03:22:20.865109+00,2026-07-22 03:22:20.865109+00,taraza,medellin - taraza
ed431c16-ef86-4958-9f9b-cce5b8686f73,medellin-la-pintada,Medellín – La Pintada,La Pintada,Antioquia,93,1.5-2 horas,Principiante,"Pavimentada, doble calzada hasta Caldas",Todo el año,Cualquier moto 125cc+,"El portal del Suroeste antioqueño. 93 km rápidos bajando de Medellín hasta la confluencia del Río San Juan y el Cauca a 800 metros de altura. La Pintada es el punto de partida hacia Jardín, Jericó y Riosucio. La piscina municipal del río y el malecón son el destino de los paisas en verano.",Desde aquí arranca el Suroeste profundo. La vía Medellín-La Pintada tiene doble calzada hasta Caldas — rápida y segura. En La Pintada llená tanque si seguís para el Suroeste. La salida desde Caldas tiene curvas bonitas con vista al valle.,"Buena disponibilidad de estaciones. 125cc≈$30k, 200cc≈$38k ida.","Hotel La Pintada, Hostal del Río, opciones económicas en el pueblo.","Pescado de río, bandeja paisa, jugos naturales, obleas con arequipe y queso.","5.7557,-75.7444","[{'km': 28, 'gps': '6.0879,-75.6437', 'nombre': 'Caldas'}, {'km': 58, 'gps': '5.9528,-75.6438', 'nombre': 'Amagá'}, {'km': 93, 'gps': '5.7557,-75.7444', 'nombre': 'La Pintada'}]",,https://ridera.com.co/rutas/medellin-la-pintada/,2026-07-14 02:57:00.969793+00,2026-07-14 02:57:00.969793+00,la pintada,medellin - la pintada
ed56a100-b52f-4f8b-85b3-5e60439c6b9c,bogota-chicamocha-santander,Bogotá – Cañón del Chicamocha – Barichara,Barichara,Santander,320,5-6 horas,Intermedia,Autopista Ruta del Sol pavimentada,"Dic-Feb, Jun-Ago",Naked / Touring 200cc+,"320 km de la Autopista Ruta del Sol hasta el cañón más profundo de Colombia y el pueblo más lindo del país. El Parque Nacional del Chicamocha (PANACHI) con teleférico sobre el cañón. Barichara con sus casas blancas, calles de piedra y el Camino Real a Guane de 9 km a pie.",La Autopista Ruta del Sol hasta Bucaramanga es rápida y cómoda. El Cañón del Chicamocha está a 50 km de Bucaramanga. En PANACHI el parqueadero cobra ≈$10.000. El teleférico sobre el cañón es espectacular. Barichara es ideal para dormir y madrugar al mirador.,"Múltiples estaciones en Ruta del Sol. 200cc≈$105k, 300cc≈$145k ida.","En Barichara: Color de Hormiga (el mejor), Casa Hacienda, Posada Crisanto. En Bucaramanga: Hotel Chicamocha.","Cabro en pepitoria, mute santandereano, arepa de maíz pelado, hormigas culonas tostadas (especialidad local), chicha.","6.6400,-73.0670","[{'km': 200, 'gps': '7.1193,-73.1227', 'nombre': 'Bucaramanga'}, {'km': 250, 'gps': '6.8456,-73.0373', 'nombre': 'Cañón del Chicamocha'}, {'km': 320, 'gps': '6.6400,-73.0670', 'nombre': 'Barichara'}]",,https://ridera.com.co/rutas/bogota-chicamocha-barichara/,2026-07-14 03:00:12.682421+00,2026-07-14 03:00:12.682421+00,barichara,bogota - canon del chicamocha - barichara
edaa7742-ce2c-4074-94d9-a346069c00e7,medellin-liborina,Medellín – Liborina,Liborina,Antioquia,110,2.5-3 horas,Intermedia,Pavimentada con tramos mixtos,Todo el año,Naked / Sport / Adventure 150cc+,"Liborina es un municipio del Occidente antioqueño a orillas del río Cauca. Clima cálido, río para nadar y paisaje de cañón de primer nivel. Muy tranquilo y auténtico. La ruta desde Santa Fe de Antioquia recorre el cañón del Cauca.","Llevar ropa de baño para el río. Clima muy cálido, hidratarse bien. Ruta que combina bien con Sabanalarga o Olaya para hacer loop.",Tanquear en Santa Fe de Antioquia. Verificar disponibilidad en Liborina.,Posadas familiares sencillas disponibles.,Pescado de río y sancocho. Comida ribereña fresca.,,,,https://ridera.com.co/rutas/medellin-liborina/,2026-07-22 03:26:49.272997+00,2026-07-22 03:26:49.272997+00,liborina,medellin - liborina
ef5b13be-f710-4558-8e6d-c5d36ec0cea3,medellin-frontino,Medellín – Frontino (Corazón del Occidente),Frontino,Antioquia,185,3.5 – 4.5 horas,Experta,"Carretera departamental con tramos sinuosos, algunos destapados en temporada de lluvias. Exige experiencia.","Temporada seca (enero-febrero, julio-agosto). NUNCA con lluvia fuerte.",Moto de mediano o alto cilindraje. Trail o adventure ideal. No recomendada moto urbana.,Frontino es el municipio más importante del Occidente profundo antioqueño. Puerta de entrada a la zona más selvática del departamento. Ruta épica de montaña con paisajes vírgenes. Muy poca señal celular en el camino. Municipio de gran importancia histórica.,Salir por la autopista al Mar hasta Cañasgordas y continuar hacia Frontino. La vía es sinuosa y exige concentración. Llevar combustible extra. Hay tramos sin señal. No salir tarde del día. Recomendado en grupo.,En Medellín llenar el tanque. En Cañasgordas hay gasolinera. En Frontino hay estación.,"Hotel Frontino, posadas en el pueblo.","Trucha, sancocho, frijoles, mazamorra, tamales.","6.7833,-76.1333","[{'lat': 6.744, 'lon': -76.021, 'nombre': 'Cañasgordas (gasolina y descanso)'}, {'lat': 6.76, 'lon': -76.082, 'nombre': 'Mirador Occidente profundo'}]",,https://ridera.com.co/rutas/medellin-frontino/,2026-07-22 03:16:31.82308+00,2026-07-22 03:16:31.82308+00,frontino,medellin - frontino (corazon del occidente)
f11feda0-528f-4360-97d2-d42e90cfe98c,medellin-caucasia-bajo-cauca,Medellín – Caucasia (Bajo Cauca),Caucasia,Antioquia,290,4.5-5 horas,Principiante,Autopista pavimentada,Dic-Mar,Cualquier moto 150cc+,"290 km bajando por la Troncal de Occidente hasta el Bajo Cauca antioqueño. Caucasia es la capital del Bajo Cauca, punto de paso hacia Cartagena y la Costa Atlántica. Temperatura de 38°C, Río Cauca navegable, puertos fluviales y la gastronomía costeña empieza aquí.",La vía es autopista cómoda pero el calor desde Yarumal hacia abajo es intenso. Hidratación cada hora. Caucasia es ciudad de paso — si seguís a Cartagena es la parada de combustible y descanso. Buen parqueadero en los hoteles del centro.,"Estaciones frecuentes. 150cc≈$95k, 250cc≈$130k ida.","Hotel Fénix Caucasia, Hotel Caribe, varias opciones económicas.","Sancocho de gallina criolla, mojarra frita, arroz con coco, suero costeño, bollo de yuca.","7.9888,-75.1976","[{'km': 98, 'gps': '7.0000,-75.4985', 'nombre': 'Yarumal'}, {'km': 200, 'gps': '7.4886,-75.3388', 'nombre': 'Valdivia'}, {'km': 290, 'gps': '7.9888,-75.1976', 'nombre': 'Caucasia'}]",,https://ridera.com.co/rutas/medellin-caucasia/,2026-07-14 03:01:08.106727+00,2026-07-14 03:01:08.106727+00,caucasia,medellin - caucasia (bajo cauca)
f134cd8f-b390-4128-ad47-42cd55967e08,medellin-sopetrán,Medellín – Sopetrán,Sopetrán,Antioquia,65,1.5 horas,Principiante,"Autopista al Mar bien pavimentada, con un tramo de curvas al llegar al municipio.","Todo el año. Zona de clima cálido, evitar el mediodía en verano.",Cualquier moto.,Sopetrán es el santuario religioso más importante del Occidente antioqueño. Conocido por la imagen del Señor Caído que atrae miles de peregrinos. Zona de clima cálido a orillas del río Cauca. Excelente punto de parada en ruta a Santa Fe de Antioquia.,Salir por la autopista al Mar (Túnel de Occidente). Sopetrán queda antes de llegar a Santa Fe de Antioquia. Se puede combinar en un día con San Jerónimo y Santa Fe de Antioquia.,Gasolineras en la autopista al Mar y en el municipio.,Varios hoteles y hospedajes. Zona turística religiosa.,"Sancocho de bagre del Cauca, pandebono, frutas tropicales, aguapanela con queso.","6.5000,-75.7500","[{'lat': 6.489, 'lon': -75.682, 'nombre': 'Túnel de Occidente (salida)'}, {'lat': 6.501, 'lon': -75.732, 'nombre': 'Desvío Sopetrán'}]",,https://ridera.com.co/rutas/medellin-sopetrán/,2026-07-22 03:16:31.82308+00,2026-07-22 03:16:31.82308+00,sopetran,medellin - sopetran
f1f5802e-f04d-4d92-bc0c-972f59740cf0,medellin-fredonia-cauca-loop,Loop Cauca: Medellín – Fredonia – La Pintada – Supía,Supía,Caldas,220,4-5 horas,Intermedia,Pavimentada con curvas sobre el Cañón del Cauca,"Dic-Feb, Jun-Ago",Naked / Adventure 150cc+,El loop del Cañón del Cauca con las mejores vistas al río desde Caldas y el Suroeste. Fredonia-La Pintada-Supía-Riosucio bordea el cañón con miradores naturales a 400 metros sobre el Cauca. Las curvas sobre el río son de las más técnicas y bonitas de Antioquia-Caldas.,"El tramo Supía-La Pintada por la vía del cañón puede estar cerrado por derrumbes: revisar antes. Riosucio tiene el mejor Carnaval de Caldas en enero (impar). El puente de La Pintada sobre el río Cauca es el punto de cruce. Temperatura varía mucho: 28°C en el cañón, 18°C en los altos.","Llená en Medellín, Fredonia y Supía. 150cc≈$72k todo el loop.",Fredonia: Hotel La Cascada. Supía: opciones básicas en el parque. Riosucio: Hotel Carnaval.,"Trucha, chicharrón, arepas de chócolo, fríjoles caldenses, aguardiente Cristal (de la región).","5.4562,-75.6697","[{'km': 55, 'gps': '5.9175,-75.6934', 'nombre': 'Fredonia'}, {'km': 93, 'gps': '5.7557,-75.7444', 'nombre': 'La Pintada'}, {'km': 160, 'gps': '5.4562,-75.6697', 'nombre': 'Supía'}, {'km': 190, 'gps': '5.4198,-75.7012', 'nombre': 'Riosucio'}]",,https://ridera.com.co/rutas/loop-canon-cauca/,2026-07-14 03:01:08.106727+00,2026-07-14 03:01:08.106727+00,supia,loop cauca: medellin - fredonia - la pintada - supia
f2a6b924-7e03-4523-8480-50b78ca6b1d3,medellin-san-francisco-antioquia,Medellín – San Francisco,San Francisco,Antioquia,110,2-2.5 horas,Intermedia,Pavimentada con curvas técnicas,"Todo el año, mejor Dic-Mar y Jul-Ago",Naked / Adventure / Sport 150cc+,"El cañón más verde del Oriente antioqueño. 110 km de curvas técnicas bajando al cañón del río Santo Domingo, cascadas, puentes angostos y vegetación que no te deja arrancar sin foto. San Francisco es uno de esos pueblos que los moteros guardan de secreto.","La vía vieja Medellín-Bogotá por El Santuario y Cocorná es el camino más bonito. Ojo con la niebla en la mañana en las curvas antes de bajar al cañón. Lleva chaqueta impermeable, llueve fácil. Tómate las curvas de bajada al río con calma: mucho neblino y firme mojado.","Llená tanque en Medellín o Marinilla. 150cc≈$40k, 200cc≈$50k ida.","Hotel La Cabaña San Francisco, hostal Cañón del Río, fincas turísticas por la vía. Pueblo pequeño, reservar en fines de semana.","Trucha del río, sancocho de gallina, buñuelos y pandebono en las tiendas del pueblo. Restaurante El Mirador vista al cañón.","5.8956,-75.0908","[{'km': 35, 'gps': '6.1558,-75.3718', 'nombre': 'Marinilla'}, {'km': 65, 'gps': '5.9584,-75.2019', 'nombre': 'Cocorná'}, {'km': 110, 'gps': '5.8956,-75.0908', 'nombre': 'San Francisco'}]",,https://ridera.com.co/rutas/medellin-san-francisco/,2026-07-14 02:55:17.859136+00,2026-07-14 02:55:17.859136+00,san francisco,medellin - san francisco
fa0d9dce-2467-4492-bc77-81573f8c3591,medellin-pereira,Medellín – Pereira,Pereira,Risaralda,240,4-4.5 horas,Intermedia,Autopista del Café pavimentada,Todo el año,Cualquier moto 150cc+,"240 km hasta la ""Ciudad sin puertas"", puerta del Eje Cafetero. Pereira conecta con Salento, Santa Rosa de Cabal (aguas termales), el Parque Nacional Los Nevados y el Valle del Cocora. Ciudad universitaria, vibrante, con buena gastronomía y rumba.",Desde Pereira es fácil llegar a Santa Rosa de Cabal (35 km) para los termales. La vía a Salento son 40 km más. El centro de Pereira tiene pico y placa para motos. La Autopista del Café es segura pero hay peajes frecuentes.,"Estaciones frecuentes. 150cc≈$78k, 300cc≈$120k ida.","Hotel Movich, Then Hotel, NH Collection Pereira, Dann Carlton. Amplia oferta.","Bandeja paisa, trucha en mantequilla, chorizos, buñuelos, café de región, patacón con todo.","4.8140,-75.6961","[{'km': 90, 'gps': '5.8726,-75.8925', 'nombre': 'La Pintada'}, {'km': 180, 'gps': '5.0703,-75.5140', 'nombre': 'Manizales'}, {'km': 240, 'gps': '4.8140,-75.6961', 'nombre': 'Pereira'}]",,https://ridera.com.co/rutas/medellin-pereira/,2026-07-14 02:58:56.954987+00,2026-07-14 02:58:56.954987+00,pereira,medellin - pereira
fcfd3754-2421-45ad-b993-b642b3665a0c,medellin-itagui,Medellín – Itagüí,Itagüí,Antioquia,10,20 min,Principiante,Pavimentada urbana,Todo el año,Cualquier moto 100cc+,Itagüí es el municipio industrial más importante del Valle de Aburrá al sur de Medellín. Conocido por el comercio textil de La Bayadera y el Festival de las Flores local. Punto de paso obligado hacia el sur del país.,"Municipio netamente urbano. Útil como punto de paso hacia Envigado, Sabaneta o el sur de Antioquia.",Múltiples estaciones disponibles en toda la ciudad.,No aplica para pernocte de moteros.,"Corriente, fritanga y el comercio gastronómico de La Bayadera.",,,,https://ridera.com.co/rutas/medellin-itagui/,2026-07-22 03:23:33.284692+00,2026-07-22 03:23:33.284692+00,itagui,medellin - itagui
